"candidate","entity","total_paid","race","district","party","show_on_page","display_name","finance_type"
"angus s king iii","GMMB",649768.49,"Governor",NA,"Democratic","yes","Angus King III","TF"
"angus s king iii","AGENCY",107129.83,"Governor",NA,"Democratic","yes","Angus King III","TF"
"angus s king iii","Cairn Event Consulting, LLC",79500,"Governor",NA,"Democratic","yes","Angus King III","TF"
"angus s king iii","Gusto",64635.21,"Governor",NA,"Democratic","yes","Angus King III","TF"
"angus s king iii","LaFave & Associates",60000,"Governor",NA,"Democratic","yes","Angus King III","TF"
"angus s king iii","Liftoff Campaigns LLC",56708.83,"Governor",NA,"Democratic","yes","Angus King III","TF"
"angus s king iii","Capitol Compliance Associates, Inc.",55710.57,"Governor",NA,"Democratic","yes","Angus King III","TF"
"angus s king iii","Charles Brountas",46708.18,"Governor",NA,"Democratic","yes","Angus King III","TF"
"angus s king iii","ActBlue Technical Services",41441.06,"Governor",NA,"Democratic","yes","Angus King III","TF"
"angus s king iii","Daniel O'Halloran",39192.64,"Governor",NA,"Democratic","yes","Angus King III","TF"
"angus s king iii","Sophie Maher",38000,"Governor",NA,"Democratic","yes","Angus King III","TF"
"angus s king iii","Andrea Robbins",33430.85,"Governor",NA,"Democratic","yes","Angus King III","TF"
"angus s king iii","Cate Paterson",30590.38,"Governor",NA,"Democratic","yes","Angus King III","TF"
"angus s king iii","NGP VAN, Inc.",27991.15,"Governor",NA,"Democratic","yes","Angus King III","TF"
"angus s king iii","Anne McGuire",27500,"Governor",NA,"Democratic","yes","Angus King III","TF"
"angus s king iii","North Shore Strategies",22000,"Governor",NA,"Democratic","yes","Angus King III","TF"
"angus s king iii","DLC Consulting LLC",18000,"Governor",NA,"Democratic","yes","Angus King III","TF"
"angus s king iii","Sandler Reiff Lamb Rosenstein & Birkenstock, P.C.",15735.1,"Governor",NA,"Democratic","yes","Angus King III","TF"
"angus s king iii","Numero, Inc.",13067,"Governor",NA,"Democratic","yes","Angus King III","TF"
"angus s king iii","Dirigo Valuation, Inc.",12800,"Governor",NA,"Democratic","yes","Angus King III","TF"
"angus s king iii","Meta",12065.21,"Governor",NA,"Democratic","yes","Angus King III","TF"
"angus s king iii","Public Policy Polling",11000,"Governor",NA,"Democratic","yes","Angus King III","TF"
"angus s king iii","Apollo Artistry",10800,"Governor",NA,"Democratic","yes","Angus King III","TF"
"angus s king iii","Google LLC",9854.65,"Governor",NA,"Democratic","yes","Angus King III","TF"
"angus s king iii","Grassroots Analytics, Inc.",9800,"Governor",NA,"Democratic","yes","Angus King III","TF"
"angus s king iii","Eastwest Payroll Services, Ltd.",7890.6,"Governor",NA,"Democratic","yes","Angus King III","TF"
"angus s king iii","MAINE DEMOCRATIC STATE COMMITTEE",7750,"Governor",NA,"Democratic","yes","Angus King III","TF"
"angus s king iii","Berger Hirschberg Strategies LLC",7545.79,"Governor",NA,"Democratic","yes","Angus King III","TF"
"angus s king iii","Dale Rand Printing",7227.26,"Governor",NA,"Democratic","yes","Angus King III","TF"
"angus s king iii","Blue Action Inc",6298,"Governor",NA,"Democratic","yes","Angus King III","TF"
"angus s king iii","Maine Democratic State Committee",5075,"Governor",NA,"Democratic","yes","Angus King III","TF"
"angus s king iii","United States Postal Service",4999.41,"Governor",NA,"Democratic","yes","Angus King III","TF"
"angus s king iii","SignRocket.com",3650,"Governor",NA,"Democratic","yes","Angus King III","TF"
"angus s king iii","Mattrothphoto",3620.03,"Governor",NA,"Democratic","yes","Angus King III","TF"
"angus s king iii","Janine Gaspari",3499.79,"Governor",NA,"Democratic","yes","Angus King III","TF"
"benjamin midgley","Littlefield Consulting, LLC",115458.4,"Governor",NA,"Republican","yes","Benjamin Midgley","TF"
"benjamin midgley","Capitol & State, LLC",63956.47,"Governor",NA,"Republican","yes","Benjamin Midgley","TF"
"benjamin midgley","Fyre Strategies, LLC",40356,"Governor",NA,"Republican","yes","Benjamin Midgley","TF"
"benjamin midgley","Penmor Lithographers",33182.12,"Governor",NA,"Republican","yes","Benjamin Midgley","TF"
"benjamin midgley","Bierman & Son LLC",31500,"Governor",NA,"Republican","yes","Benjamin Midgley","TF"
"benjamin midgley","FYRE Strategies, LLC",30040.07,"Governor",NA,"Republican","yes","Benjamin Midgley","TF"
"benjamin midgley","Viewbility LLC",26845.54,"Governor",NA,"Republican","yes","Benjamin Midgley","TF"
"benjamin midgley","Spectrum Marketing Companies",23944.95,"Governor",NA,"Republican","yes","Benjamin Midgley","TF"
"benjamin midgley","Gray Media",21441.25,"Governor",NA,"Republican","yes","Benjamin Midgley","TF"
"benjamin midgley","Royal River Strategies",17872.8,"Governor",NA,"Republican","yes","Benjamin Midgley","TF"
"benjamin midgley","Anedot",8767.73,"Governor",NA,"Republican","yes","Benjamin Midgley","TF"
"benjamin midgley","Same Day Processing",6830,"Governor",NA,"Republican","yes","Benjamin Midgley","TF"
"benjamin midgley","Aristotle International, Inc.",5400,"Governor",NA,"Republican","yes","Benjamin Midgley","TF"
"benjamin midgley","Tegna, Inc",4454,"Governor",NA,"Republican","yes","Benjamin Midgley","TF"
"benjamin midgley","Ben Midgley",3900.5,"Governor",NA,"Republican","yes","Benjamin Midgley","TF"
"benjamin midgley","Constant Contact",3528.41,"Governor",NA,"Republican","yes","Benjamin Midgley","TF"
"benjamin midgley","Quorum Call",3500,"Governor",NA,"Republican","yes","Benjamin Midgley","TF"
"benjamin midgley","Optimates LLC",3000,"Governor",NA,"Republican","yes","Benjamin Midgley","TF"
"david john jones","David Boyer",49495.79,"Governor",NA,"Republican","yes","David Jones","TF"
"david john jones","conversion creative",32170.2,"Governor",NA,"Republican","yes","David Jones","TF"
"david john jones","The Voyageur Company",25395,"Governor",NA,"Republican","yes","David Jones","TF"
"david john jones","Red Surge Strategies",22801.92,"Governor",NA,"Republican","yes","David Jones","TF"
"david john jones","WRS",21000,"Governor",NA,"Republican","yes","David Jones","TF"
"david john jones","Ascent Strategic",20073.83,"Governor",NA,"Republican","yes","David Jones","TF"
"david john jones","Matt Boucher",17250,"Governor",NA,"Republican","yes","David Jones","TF"
"david john jones","Campaign Engine Group LLC",12751.81,"Governor",NA,"Republican","yes","David Jones","TF"
"david john jones","Jack Cianchette",12500,"Governor",NA,"Republican","yes","David Jones","TF"
"david john jones","Engagement Strategies",10453.8,"Governor",NA,"Republican","yes","David Jones","TF"
"david john jones","Spectrum Marketing",7498.73,"Governor",NA,"Republican","yes","David Jones","TF"
"david john jones","Hazlitt Industries LLC",6000,"Governor",NA,"Republican","yes","David Jones","TF"
"david john jones","jack cianchette",6000,"Governor",NA,"Republican","yes","David Jones","TF"
"david john jones","Robocent",5444.03,"Governor",NA,"Republican","yes","David Jones","TF"
"david john jones","Dimillos",5242.06,"Governor",NA,"Republican","yes","David Jones","TF"
"david john jones","Geiger",5215.82,"Governor",NA,"Republican","yes","David Jones","TF"
"david john jones","WinRed",5089.08,"Governor",NA,"Republican","yes","David Jones","TF"
"david john jones","A.G.E. Graphics",4836.5,"Governor",NA,"Republican","yes","David Jones","TF"
"david john jones","John Andrews",4663,"Governor",NA,"Republican","yes","David Jones","TF"
"david john jones","City of Augusta",4402.04,"Governor",NA,"Republican","yes","David Jones","TF"
"david john jones","james tracy",3213,"Governor",NA,"Republican","yes","David Jones","TF"
"david john jones","Maine Republican Party",3050,"Governor",NA,"Republican","yes","David Jones","TF"
"david john jones","hazlitt industries",3000,"Governor",NA,"Republican","yes","David Jones","TF"
"david john jones","john andrews",3000,"Governor",NA,"Republican","yes","David Jones","TF"
"derek allen levasseur","James Tracey",21000,"Governor",NA,"Unenrolled","yes","Derek Allen Levasseur (independent)","TF"
"derek allen levasseur","Vista Print",475.72,"Governor",NA,"Unenrolled","yes","Derek Allen Levasseur (independent)","TF"
"derek allen levasseur","Signs on the Cheap",360.7,"Governor",NA,"Unenrolled","yes","Derek Allen Levasseur (independent)","TF"
"derek allen levasseur","Staples",80.13,"Governor",NA,"Unenrolled","yes","Derek Allen Levasseur (independent)","TF"
"derek allen levasseur","Anedot",13.55,"Governor",NA,"Unenrolled","yes","Derek Allen Levasseur (independent)","TF"
"garrett paul mason","SPECTRUM",47987.46,"Governor",NA,"Republican","yes","Garrett Paul Mason","TF"
"garrett paul mason","SANDTRAP ASSOCIATES",30000,"Governor",NA,"Republican","yes","Garrett Paul Mason","TF"
"garrett paul mason","DC CONSULTANTS LLC",21100,"Governor",NA,"Republican","yes","Garrett Paul Mason","TF"
"garrett paul mason","PINE POINT CREATIVE",18070,"Governor",NA,"Republican","yes","Garrett Paul Mason","TF"
"garrett paul mason","CERBERUS",7584.55,"Governor",NA,"Republican","yes","Garrett Paul Mason","TF"
"garrett paul mason","RUDMAN WINCHELL",3860.5,"Governor",NA,"Republican","yes","Garrett Paul Mason","TF"
"hannah pingree","Canal Partners Media",509686,"Governor",NA,"Democratic","yes","Hannah Pingree","TF"
"hannah pingree","SB Digital Inc",143117,"Governor",NA,"Democratic","yes","Hannah Pingree","TF"
"hannah pingree","GQR Inc",104147.43,"Governor",NA,"Democratic","yes","Hannah Pingree","TF"
"hannah pingree","Bernstein, Shur, Sawyer & Nelson, P. A",103710.07,"Governor",NA,"Democratic","yes","Hannah Pingree","TF"
"hannah pingree","Shur, Sawyer & Nelson, P. A Bernstein",96292.26,"Governor",NA,"Democratic","yes","Hannah Pingree","TF"
"hannah pingree","Gusto Inc",81621.4,"Governor",NA,"Democratic","yes","Hannah Pingree","TF"
"hannah pingree","ActBlue Technical Services",64746.37,"Governor",NA,"Democratic","yes","Hannah Pingree","TF"
"hannah pingree","Eleonore Edgell",54096.07,"Governor",NA,"Democratic","yes","Hannah Pingree","TF"
"hannah pingree","Trixie Betz",46847.89,"Governor",NA,"Democratic","yes","Hannah Pingree","TF"
"hannah pingree","The Strategy Group LLC",40446.28,"Governor",NA,"Democratic","yes","Hannah Pingree","TF"
"hannah pingree","Ryan Kovarovics",31189.59,"Governor",NA,"Democratic","yes","Hannah Pingree","TF"
"hannah pingree","Joseph Massaua",29943.75,"Governor",NA,"Democratic","yes","Hannah Pingree","TF"
"hannah pingree","River Dufour",23772.35,"Governor",NA,"Democratic","yes","Hannah Pingree","TF"
"hannah pingree","Three Point Media",22154.36,"Governor",NA,"Democratic","yes","Hannah Pingree","TF"
"hannah pingree","Gaetan Davis",19115,"Governor",NA,"Democratic","yes","Hannah Pingree","TF"
"hannah pingree","Maine Democratic Party",13000,"Governor",NA,"Democratic","yes","Hannah Pingree","TF"
"hannah pingree","Bonterra EveryAction",11391,"Governor",NA,"Democratic","yes","Hannah Pingree","TF"
"hannah pingree","Forest Avenue Plaza",8166.42,"Governor",NA,"Democratic","yes","Hannah Pingree","TF"
"hannah pingree","Hayley Rumback Political Consulting LLC",7700,"Governor",NA,"Democratic","yes","Hannah Pingree","TF"
"hannah pingree","CommonCentsConsulting, LLC",7000,"Governor",NA,"Democratic","yes","Hannah Pingree","TF"
"hannah pingree","Anthem Blue Cross and Blue Shield",6427.22,"Governor",NA,"Democratic","yes","Hannah Pingree","TF"
"hannah pingree","Meta Platforms, Inc.",5500,"Governor",NA,"Democratic","yes","Hannah Pingree","TF"
"hannah pingree","Switchboard Public Benefit Corp.",5500,"Governor",NA,"Democratic","yes","Hannah Pingree","TF"
"hannah pingree","Kahn Communication",4500,"Governor",NA,"Democratic","yes","Hannah Pingree","TF"
"hannah pingree","Action Network",4220.05,"Governor",NA,"Democratic","yes","Hannah Pingree","TF"
"hannah pingree","Anthem",4121.28,"Governor",NA,"Democratic","yes","Hannah Pingree","TF"
"hannah pingree","USPS",3632.62,"Governor",NA,"Democratic","yes","Hannah Pingree","TF"
"hannah pingree","American Airlines",3072.83,"Governor",NA,"Democratic","yes","Hannah Pingree","TF"
"john michael glowa sr","Mainely Strategies",10000,"Governor",NA,"Unenrolled","yes","John Glowa Sr. (independent)","TF"
"john michael glowa sr","James Tracey",8000,"Governor",NA,"Unenrolled","yes","John Glowa Sr. (independent)","TF"
"john michael glowa sr","Mark Greenstein",1278,"Governor",NA,"Unenrolled","yes","John Glowa Sr. (independent)","TF"
"john michael glowa sr","Jon Vianney",1020,"Governor",NA,"Unenrolled","yes","John Glowa Sr. (independent)","TF"
"john michael glowa sr","Jade Diaz Chavez",558,"Governor",NA,"Unenrolled","yes","John Glowa Sr. (independent)","TF"
"jonathan bush","SRCP Media",1247628,"Governor",NA,"Republican","yes","Jonathan Bush","TF"
"jonathan bush","LFD Strategies LLC",129098.6,"Governor",NA,"Republican","yes","Jonathan Bush","TF"
"jonathan bush","Peak Insights LLC",99230,"Governor",NA,"Republican","yes","Jonathan Bush","TF"
"jonathan bush","Arena Mail & Digital",97037.8,"Governor",NA,"Republican","yes","Jonathan Bush","TF"
"jonathan bush","Eleven17 Consulting LLC",55559,"Governor",NA,"Republican","yes","Jonathan Bush","TF"
"jonathan bush","Eamonn Dundon",48214.6,"Governor",NA,"Republican","yes","Jonathan Bush","TF"
"jonathan bush","Anedot",47530.84,"Governor",NA,"Republican","yes","Jonathan Bush","TF"
"jonathan bush","Look Ahead Strategies LLC",42500,"Governor",NA,"Republican","yes","Jonathan Bush","TF"
"jonathan bush","ADP, Inc.",42176,"Governor",NA,"Republican","yes","Jonathan Bush","TF"
"jonathan bush","Jones Day",40104.65,"Governor",NA,"Republican","yes","Jonathan Bush","TF"
"jonathan bush","Strategic Victory Solutions LLC",30500,"Governor",NA,"Republican","yes","Jonathan Bush","TF"
"jonathan bush","Erin Motherway",27455.78,"Governor",NA,"Republican","yes","Jonathan Bush","TF"
"jonathan bush","Apex Strategies LLC",26500,"Governor",NA,"Republican","yes","Jonathan Bush","TF"
"jonathan bush","Christopher Robinson",22500,"Governor",NA,"Republican","yes","Jonathan Bush","TF"
"jonathan bush","Mainely Strategies",22000,"Governor",NA,"Republican","yes","Jonathan Bush","TF"
"jonathan bush","Salientpoint, LLC",18957.5,"Governor",NA,"Republican","yes","Jonathan Bush","TF"
"jonathan bush","Northbridge Partners LLC",15000,"Governor",NA,"Republican","yes","Jonathan Bush","TF"
"jonathan bush","Rasoi",9851.5,"Governor",NA,"Republican","yes","Jonathan Bush","TF"
"jonathan bush","NationBuilder",9600,"Governor",NA,"Republican","yes","Jonathan Bush","TF"
"jonathan bush","Andrew Piantidosi",7579.95,"Governor",NA,"Republican","yes","Jonathan Bush","TF"
"jonathan bush","Ruth Langille",7500,"Governor",NA,"Republican","yes","Jonathan Bush","TF"
"jonathan bush","Headlight Audio Visual",7479.25,"Governor",NA,"Republican","yes","Jonathan Bush","TF"
"jonathan bush","The River Club of New York",7389.67,"Governor",NA,"Republican","yes","Jonathan Bush","TF"
"jonathan bush","Rudman And Winchell LLC",7058,"Governor",NA,"Republican","yes","Jonathan Bush","TF"
"jonathan bush","The Lenox Hotel",6817.5,"Governor",NA,"Republican","yes","Jonathan Bush","TF"
"jonathan bush","Events by Josie Bush",6517.58,"Governor",NA,"Republican","yes","Jonathan Bush","TF"
"jonathan bush","Aristotle International Inc.",5100,"Governor",NA,"Republican","yes","Jonathan Bush","TF"
"jonathan bush","Nation Builder",4800,"Governor",NA,"Republican","yes","Jonathan Bush","TF"
"jonathan bush","Joanna Polito",4687.5,"Governor",NA,"Republican","yes","Jonathan Bush","TF"
"jonathan bush","3000 Turtle Creek Services, LLC",4451.49,"Governor",NA,"Republican","yes","Jonathan Bush","TF"
"jonathan bush","Rumbleup",4024,"Governor",NA,"Republican","yes","Jonathan Bush","TF"
"jonathan bush","United Airlines",3804.12,"Governor",NA,"Republican","yes","Jonathan Bush","TF"
"nirav shah","Buying Time",298645.18,"Governor",NA,"Democratic","yes","Nirav Shah","TF"
"nirav shah","Buying Time LLC",138385,"Governor",NA,"Democratic","yes","Nirav Shah","TF"
"nirav shah","Kayla Van Wieringen",87307.54,"Governor",NA,"Democratic","yes","Nirav Shah","TF"
"nirav shah","Blue Wall Mail",79380.1,"Governor",NA,"Democratic","yes","Nirav Shah","TF"
"nirav shah","Gusto",52264.05,"Governor",NA,"Democratic","yes","Nirav Shah","TF"
"nirav shah","GW Strategies LLC",44000,"Governor",NA,"Democratic","yes","Nirav Shah","TF"
"nirav shah","Kira Leinonen",30071.85,"Governor",NA,"Democratic","yes","Nirav Shah","TF"
"nirav shah","Evergreen Strategies",25067.38,"Governor",NA,"Democratic","yes","Nirav Shah","TF"
"nirav shah","Alexa Terry",21091.68,"Governor",NA,"Democratic","yes","Nirav Shah","TF"
"nirav shah","Kaitlin Lewis",20043.22,"Governor",NA,"Democratic","yes","Nirav Shah","TF"
"nirav shah","Pierce Attwood LLP",15065.9,"Governor",NA,"Democratic","yes","Nirav Shah","TF"
"nirav shah","Northside Research LLC",15000,"Governor",NA,"Democratic","yes","Nirav Shah","TF"
"nirav shah","Actblue",14824.56,"Governor",NA,"Democratic","yes","Nirav Shah","TF"
"nirav shah","Sway",12560.7,"Governor",NA,"Democratic","yes","Nirav Shah","TF"
"nirav shah","Downfield LLC",12000,"Governor",NA,"Democratic","yes","Nirav Shah","TF"
"nirav shah","Rising Blue Consulting",12000,"Governor",NA,"Democratic","yes","Nirav Shah","TF"
"nirav shah","Actblue Technical Services",11719.35,"Governor",NA,"Democratic","yes","Nirav Shah","TF"
"nirav shah","Maine Dems",8333.34,"Governor",NA,"Democratic","yes","Nirav Shah","TF"
"nirav shah","FH Strategies",8000,"Governor",NA,"Democratic","yes","Nirav Shah","TF"
"nirav shah","Hockeystick",8000,"Governor",NA,"Democratic","yes","Nirav Shah","TF"
"nirav shah","Dale Rand Printing",7706.53,"Governor",NA,"Democratic","yes","Nirav Shah","TF"
"nirav shah","Evergreen",7026.68,"Governor",NA,"Democratic","yes","Nirav Shah","TF"
"nirav shah","Pierce Atwood",6306.02,"Governor",NA,"Democratic","yes","Nirav Shah","TF"
"nirav shah","Numero",4916.01,"Governor",NA,"Democratic","yes","Nirav Shah","TF"
"nirav shah","Bumperactive",4571.9,"Governor",NA,"Democratic","yes","Nirav Shah","TF"
"nirav shah","MAINE DEMOCRATIC STATE COMMITTEE",4166.66,"Governor",NA,"Democratic","yes","Nirav Shah","TF"
"nirav shah","DLL Strategies",4000,"Governor",NA,"Democratic","yes","Nirav Shah","TF"
"nirav shah","GW Strategies",4000,"Governor",NA,"Democratic","yes","Nirav Shah","TF"
"nirav shah","ActBlue",3712.89,"Governor",NA,"Democratic","yes","Nirav Shah","TF"
"owen mccarthy","M2 PLACEMENT LLC",137831,"Governor",NA,"Republican","yes","Owen McCarthy","TF"
"owen mccarthy","JIM BARNETT",70250,"Governor",NA,"Republican","yes","Owen McCarthy","TF"
"owen mccarthy","STRATEGIC PARTNERS & MEDIA",42500,"Governor",NA,"Republican","yes","Owen McCarthy","TF"
"owen mccarthy","SAMUEL SHAVER",29244.33,"Governor",NA,"Republican","yes","Owen McCarthy","TF"
"owen mccarthy","XPERT LOBBY",22964.95,"Governor",NA,"Republican","yes","Owen McCarthy","TF"
"owen mccarthy","RED CURVE SOLUTIONS",22230.18,"Governor",NA,"Republican","yes","Owen McCarthy","TF"
"owen mccarthy","RED OCTOBER PRODUCTIONS",19970.63,"Governor",NA,"Republican","yes","Owen McCarthy","TF"
"owen mccarthy","FIRST STREET PLLC",15915,"Governor",NA,"Republican","yes","Owen McCarthy","TF"
"owen mccarthy","ANEDOT",14183.66,"Governor",NA,"Republican","yes","Owen McCarthy","TF"
"owen mccarthy","GUSTO",8688.25,"Governor",NA,"Republican","yes","Owen McCarthy","TF"
"owen mccarthy","PAUL MILLS",7500,"Governor",NA,"Republican","yes","Owen McCarthy","TF"
"owen mccarthy","SPECTRUM MONTHLY, INC.",5032.85,"Governor",NA,"Republican","yes","Owen McCarthy","TF"
"owen mccarthy","OFC STRATEGY LLC",5000,"Governor",NA,"Republican","yes","Owen McCarthy","TF"
"owen mccarthy","BUILDRED LLC",3000,"Governor",NA,"Republican","yes","Owen McCarthy","TF"
"richard bennett","Kaitlin LaCasse",123288.65,"Governor",NA,"Unenrolled","yes","Richard Bennett (independent)","TF"
"richard bennett","Sue Fothergill",60419.46,"Governor",NA,"Unenrolled","yes","Richard Bennett (independent)","TF"
"richard bennett","Election Hive",55000,"Governor",NA,"Unenrolled","yes","Richard Bennett (independent)","TF"
"richard bennett","K. LaCasse Consulting",44000,"Governor",NA,"Unenrolled","yes","Richard Bennett (independent)","TF"
"richard bennett","Omnium Advocacy, LLC",30797.6,"Governor",NA,"Unenrolled","yes","Richard Bennett (independent)","TF"
"richard bennett","Omnium Collective",30735.6,"Governor",NA,"Unenrolled","yes","Richard Bennett (independent)","TF"
"richard bennett","NationBuilder",26783,"Governor",NA,"Unenrolled","yes","Richard Bennett (independent)","TF"
"richard bennett","Ashley O'Brion",21948.94,"Governor",NA,"Unenrolled","yes","Richard Bennett (independent)","TF"
"richard bennett","Auburn Realty Management, Inc.",20066.46,"Governor",NA,"Unenrolled","yes","Richard Bennett (independent)","TF"
"richard bennett","The Bullfinch Group, LLC",19160,"Governor",NA,"Unenrolled","yes","Richard Bennett (independent)","TF"
"richard bennett","Thomas Ulrickson",15364.25,"Governor",NA,"Unenrolled","yes","Richard Bennett (independent)","TF"
"richard bennett","Good Party LLC",11781.85,"Governor",NA,"Unenrolled","yes","Richard Bennett (independent)","TF"
"richard bennett","Paychex of New York LLC",11702.41,"Governor",NA,"Unenrolled","yes","Richard Bennett (independent)","TF"
"richard bennett","Paychex",9242.03,"Governor",NA,"Unenrolled","yes","Richard Bennett (independent)","TF"
"richard bennett","Wilfong Works",8993.25,"Governor",NA,"Unenrolled","yes","Richard Bennett (independent)","TF"
"richard bennett","Auburn Realty Management, Inc",8830.86,"Governor",NA,"Unenrolled","yes","Richard Bennett (independent)","TF"
"richard bennett","Kate Simmons",8365.7,"Governor",NA,"Unenrolled","yes","Richard Bennett (independent)","TF"
"richard bennett","Riley Worth",8307.69,"Governor",NA,"Unenrolled","yes","Richard Bennett (independent)","TF"
"richard bennett","Fothergill Sue",8053.08,"Governor",NA,"Unenrolled","yes","Richard Bennett (independent)","TF"
"richard bennett","James Tracy",4160,"Governor",NA,"Unenrolled","yes","Richard Bennett (independent)","TF"
"richard bennett","Grayson Lookner",3768,"Governor",NA,"Unenrolled","yes","Richard Bennett (independent)","TF"
"robert b charles","Harris Media, LLC",116223.39,"Governor",NA,"Republican","yes","Robert Charles","TF"
"robert b charles","Meta",99667.5,"Governor",NA,"Republican","yes","Robert Charles","TF"
"robert b charles","Fulfillment Solutions Inc.",86392.75,"Governor",NA,"Republican","yes","Robert Charles","TF"
"robert b charles","StackAdapt",78850.08,"Governor",NA,"Republican","yes","Robert Charles","TF"
"robert b charles","Smart Media Group, LLC",69368.67,"Governor",NA,"Republican","yes","Robert Charles","TF"
"robert b charles","Imperium Fundraising, LLC",60622.8,"Governor",NA,"Republican","yes","Robert Charles","TF"
"robert b charles","McLaughlin & Associates, Inc.",46700,"Governor",NA,"Republican","yes","Robert Charles","TF"
"robert b charles","Joel Stetkis",44689.5,"Governor",NA,"Republican","yes","Robert Charles","TF"
"robert b charles","Google",40052.48,"Governor",NA,"Republican","yes","Robert Charles","TF"
"robert b charles","HSP Direct, LLC",30812.16,"Governor",NA,"Republican","yes","Robert Charles","TF"
"robert b charles","Direct Mail Fundraising, LLC",25524.02,"Governor",NA,"Republican","yes","Robert Charles","TF"
"robert b charles","WinRed",25327.43,"Governor",NA,"Republican","yes","Robert Charles","TF"
"robert b charles","OnPoint Data Strategy, LLC",24437.63,"Governor",NA,"Republican","yes","Robert Charles","TF"
"robert b charles","Sarah Quirk",18000,"Governor",NA,"Republican","yes","Robert Charles","TF"
"robert b charles","Spectrum Marketing Companies",16080.72,"Governor",NA,"Republican","yes","Robert Charles","TF"
"robert b charles","CAMP Political LLC",14829.5,"Governor",NA,"Republican","yes","Robert Charles","TF"
"robert b charles","MDI Imaging & Mail",14053.11,"Governor",NA,"Republican","yes","Robert Charles","TF"
"robert b charles","Prompt.io",14000,"Governor",NA,"Republican","yes","Robert Charles","TF"
"robert b charles","Direct Mail Processors",9460.7,"Governor",NA,"Republican","yes","Robert Charles","TF"
"robert b charles","Nation Builder",7671.71,"Governor",NA,"Republican","yes","Robert Charles","TF"
"robert b charles","Bangor Letter Shop",5559.47,"Governor",NA,"Republican","yes","Robert Charles","TF"
"robert b charles","Amazon",3525.72,"Governor",NA,"Republican","yes","Robert Charles","TF"
"robert b charles","United States Postal Service - DC",3500,"Governor",NA,"Republican","yes","Robert Charles","TF"
"robert b charles","United States Post Office",3000,"Governor",NA,"Republican","yes","Robert Charles","TF"
"robert j wessels","Spectrum Marketing Co",11241.62,"Governor",NA,"Republican","yes","Robert Wessels","TF"
"robert j wessels","Signs on the Cheap",3746.78,"Governor",NA,"Republican","yes","Robert Wessels","TF"
"robert j wessels","Dirt Cheap Signs",3534.55,"Governor",NA,"Republican","yes","Robert Wessels","TF"
"robert j wessels","Grassroots Graphics",2079.79,"Governor",NA,"Republican","yes","Robert Wessels","TF"
"robert j wessels","State and Local Strategies LLC",1500,"Governor",NA,"Republican","yes","Robert Wessels","TF"
"shenna bellows","Old Town Media LLC",447550,"Governor",NA,"Democratic","yes","Shenna Bellows","TF"
"shenna bellows","WestWest Digital",202256.21,"Governor",NA,"Democratic","yes","Shenna Bellows","TF"
"shenna bellows","Amy Weinstock",106023.55,"Governor",NA,"Democratic","yes","Shenna Bellows","TF"
"shenna bellows","Payroll Data Processing",91501.49,"Governor",NA,"Democratic","yes","Shenna Bellows","TF"
"shenna bellows","Declaration Media",60844.24,"Governor",NA,"Democratic","yes","Shenna Bellows","TF"
"shenna bellows","GBAO",56500,"Governor",NA,"Democratic","yes","Shenna Bellows","TF"
"shenna bellows","Elias Law Group",47777.8,"Governor",NA,"Democratic","yes","Shenna Bellows","TF"
"shenna bellows","MBA Consulting Group",47146.18,"Governor",NA,"Democratic","yes","Shenna Bellows","TF"
"shenna bellows","ActBlue Technical Services",47113.51,"Governor",NA,"Democratic","yes","Shenna Bellows","TF"
"shenna bellows","NGP VAN",38147.28,"Governor",NA,"Democratic","yes","Shenna Bellows","TF"
"shenna bellows","Alex Lambert",35923.87,"Governor",NA,"Democratic","yes","Shenna Bellows","TF"
"shenna bellows","Movement Building Maine",26100,"Governor",NA,"Democratic","yes","Shenna Bellows","TF"
"shenna bellows","Numero",24462.37,"Governor",NA,"Democratic","yes","Shenna Bellows","TF"
"shenna bellows","Dale Rand Printing",24092.04,"Governor",NA,"Democratic","yes","Shenna Bellows","TF"
"shenna bellows","Twilight Bark Strategies",21000,"Governor",NA,"Democratic","yes","Shenna Bellows","TF"
"shenna bellows","Grassroots Analytics, Inc.",19250,"Governor",NA,"Democratic","yes","Shenna Bellows","TF"
"shenna bellows","Caleb Roebuck",16942.45,"Governor",NA,"Democratic","yes","Shenna Bellows","TF"
"shenna bellows","Mailings Unlimited",14065.46,"Governor",NA,"Democratic","yes","Shenna Bellows","TF"
"shenna bellows","Maine Democratic Party",13105,"Governor",NA,"Democratic","yes","Shenna Bellows","TF"
"shenna bellows","Deliver Strategies",11949.4,"Governor",NA,"Democratic","yes","Shenna Bellows","TF"
"shenna bellows","Calvin Philips",11753.17,"Governor",NA,"Democratic","yes","Shenna Bellows","TF"
"shenna bellows","United Healthcare",9407.16,"Governor",NA,"Democratic","yes","Shenna Bellows","TF"
"shenna bellows","Footprint Campaigns",5000,"Governor",NA,"Democratic","yes","Shenna Bellows","TF"
"troy dale jackson","Sunny Day Strategies",118173.45,"Governor",NA,"Democratic","yes","Troy Jackson","TF"
"troy dale jackson","TKO Politcal LLC",95000,"Governor",NA,"Democratic","yes","Troy Jackson","TF"
"troy dale jackson","Internal Revenue Service",77995.91,"Governor",NA,"Democratic","yes","Troy Jackson","TF"
"troy dale jackson","Christine Kirby",61701.19,"Governor",NA,"Democratic","yes","Troy Jackson","TF"
"troy dale jackson","Kirby, Christine",48753.5,"Governor",NA,"Democratic","yes","Troy Jackson","TF"
"troy dale jackson","Hilltop Public Solutions",43949.68,"Governor",NA,"Democratic","yes","Troy Jackson","TF"
"troy dale jackson","Durand, Joseph Alexander",34982.5,"Governor",NA,"Democratic","yes","Troy Jackson","TF"
"troy dale jackson","TKO Political LLC",33882.98,"Governor",NA,"Democratic","yes","Troy Jackson","TF"
"troy dale jackson","Robin Logsdon",32846.72,"Governor",NA,"Democratic","yes","Troy Jackson","TF"
"troy dale jackson","Erikson Communication Group",28452.23,"Governor",NA,"Democratic","yes","Troy Jackson","TF"
"troy dale jackson","ActBlue Technical Services",26544.43,"Governor",NA,"Democratic","yes","Troy Jackson","TF"
"troy dale jackson","Daimean Bossarte",17714.9,"Governor",NA,"Democratic","yes","Troy Jackson","TF"
"troy dale jackson","Leebron, Cade",16284,"Governor",NA,"Democratic","yes","Troy Jackson","TF"
"troy dale jackson","State of Maine",14501.48,"Governor",NA,"Democratic","yes","Troy Jackson","TF"
"troy dale jackson","NGP Van, Inc.",14295,"Governor",NA,"Democratic","yes","Troy Jackson","TF"
"troy dale jackson","Victory First Consulting",12000,"Governor",NA,"Democratic","yes","Troy Jackson","TF"
"troy dale jackson","Joseph Alexander Durand",11318.15,"Governor",NA,"Democratic","yes","Troy Jackson","TF"
"troy dale jackson","Evan LeBrun",10504.48,"Governor",NA,"Democratic","yes","Troy Jackson","TF"
"troy dale jackson","Joseph Alex Durand",8851,"Governor",NA,"Democratic","yes","Troy Jackson","TF"
"troy dale jackson","EveryAction, Inc",6007.13,"Governor",NA,"Democratic","yes","Troy Jackson","TF"
"troy dale jackson","Dameian Bossarte",5945.38,"Governor",NA,"Democratic","yes","Troy Jackson","TF"
"troy dale jackson","Dylan Horkan",4832.67,"Governor",NA,"Democratic","yes","Troy Jackson","TF"
"troy dale jackson","NGP Van",4598,"Governor",NA,"Democratic","yes","Troy Jackson","TF"
"troy dale jackson","True Blue Analytics",4447.64,"Governor",NA,"Democratic","yes","Troy Jackson","TF"
"troy dale jackson","Dale Rand Printing",4152.19,"Governor",NA,"Democratic","yes","Troy Jackson","TF"
"troy dale jackson","Grassroots Analytics",3850,"Governor",NA,"Democratic","yes","Troy Jackson","TF"
"troy dale jackson","Libra Labs",3522.94,"Governor",NA,"Democratic","yes","Troy Jackson","TF"
"troy dale jackson","Sunny Day",3100,"Governor",NA,"Democratic","yes","Troy Jackson","TF"
"troy dale jackson","Libra Labs LLC",3074.14,"Governor",NA,"Democratic","yes","Troy Jackson","TF"
"troy dale jackson","Southern Maine Labor Council",3000,"Governor",NA,"Democratic","yes","Troy Jackson","TF"
"w edward crockett","Bijan Nekoie",2000,"Governor",NA,"Unenrolled","yes","Edward Crockett (independent)","TF"
"w edward crockett","Jane Frey",2000,"Governor",NA,"Unenrolled","yes","Edward Crockett (independent)","TF"
"w edward crockett","MONEY Athletic Foundation",1119.01,"Governor",NA,"Unenrolled","yes","Edward Crockett (independent)","TF"
"w edward crockett","Stripe",457.85,"Governor",NA,"Unenrolled","yes","Edward Crockett (independent)","TF"
"w edward crockett","dale Rand Printing",422,"Governor",NA,"Unenrolled","yes","Edward Crockett (independent)","TF"
"austin theriault","Anedot",390.64,"Representative","1","Republican","yes","Austin Theriault","TF"
"austin theriault","Katahdin Trust Company",31.44,"Representative","1","Republican","yes","Austin Theriault","TF"
"daniel daley","Silas Schrader",2640,"Representative","10","Republican","yes","Daniel Daley","TF"
"daniel daley","Spectrum Action/Kerry Marsh",1286.94,"Representative","10","Republican","yes","Daniel Daley","TF"
"daniel daley","Fundy Bay Printing",1135.98,"Representative","10","Republican","yes","Daniel Daley","TF"
"daniel daley","United states postal service",740,"Representative","10","Republican","yes","Daniel Daley","TF"
"daniel daley","Jack Caricofe",390,"Representative","10","Republican","yes","Daniel Daley","TF"
"genevieve lemire","Squarespace, Inc.",192,"Representative","10","Democratic","yes","Genevieve Lemire","MCEA"
"genevieve lemire","Fundy Bay Printing, Inc.",129.12,"Representative","10","Democratic","yes","Genevieve Lemire","MCEA"
"william r tuell","WQDY, Inc.",630,"Representative","10","Republican","yes","William Tuell","MCEA"
"daniel joseph ankeles","High Point Graphics and Printing",975.88,"Representative","100","Democratic","yes","Daniel Ankeles","MCEA"
"henry lawrence","Norway Savings Bank",16.84,"Representative","102","Republican","yes","Henry Lawrence III","TF"
"maura h pillsbury","CPH Insurance",176,"Representative","102","Democratic","yes","Maura Pillsbury","MCEA"
"maura h pillsbury","Squarespace Inc.",172.8,"Representative","102","Democratic","yes","Maura Pillsbury","MCEA"
"maura h pillsbury","Derosier's",164.71,"Representative","102","Democratic","yes","Maura Pillsbury","MCEA"
"maura h pillsbury","Dale Ran Printing",147.7,"Representative","102","Democratic","yes","Maura Pillsbury","MCEA"
"maura h pillsbury","Freeport Community Library",50,"Representative","102","Democratic","yes","Maura Pillsbury","MCEA"
"karin orenstein","SignRocket.com",372.65,"Representative","103","Democratic","yes","Karin Orenstein","MCEA"
"karin orenstein","United States Postal Service",270.84,"Representative","103","Democratic","yes","Karin Orenstein","MCEA"
"karin orenstein","Canva US, Inc.",121.33,"Representative","103","Democratic","yes","Karin Orenstein","MCEA"
"karin orenstein","Dale Rand Printing",117.63,"Representative","103","Democratic","yes","Karin Orenstein","MCEA"
"karin orenstein","Squarespace, Inc.",84,"Representative","103","Democratic","yes","Karin Orenstein","MCEA"
"louis samuel pfeifle","Dale Rand Printing",601.35,"Representative","104","Unenrolled","yes","Samuel Pfeifle (independent)","MCEA"
"louis samuel pfeifle","United States Postal Service",259.74,"Representative","104","Unenrolled","yes","Samuel Pfeifle (independent)","MCEA"
"louis samuel pfeifle","Cumberland County Federal Credit Union",20,"Representative","104","Unenrolled","yes","Samuel Pfeifle (independent)","MCEA"
"louis samuel pfeifle","Go Daddy",12.19,"Representative","104","Unenrolled","yes","Samuel Pfeifle (independent)","MCEA"
"r melissa winslow","Spectrum Marketing",1277.5,"Representative","104","Republican","yes","Melissa Winslow","TF"
"r melissa winslow","Print Mail of Maine",976.53,"Representative","104","Republican","yes","Melissa Winslow","TF"
"r melissa winslow","AmVets",250,"Representative","104","Republican","yes","Melissa Winslow","TF"
"r melissa winslow","Anendot",74.55,"Representative","104","Republican","yes","Melissa Winslow","TF"
"r melissa winslow","Anedot",27.5,"Representative","104","Republican","yes","Melissa Winslow","TF"
"barbara anne bagshaw","Staples",27.41,"Representative","106","Republican","yes","Barbara Bagshaw","MCEA"
"bradley youngs","Frame Media Strategies LLC",848.5,"Representative","106","Democratic","yes","Bradley Youngs","MCEA"
"bradley youngs","Dale Rand Printing",337.61,"Representative","106","Democratic","yes","Bradley Youngs","MCEA"
"bradley youngs","Squarespace Inc.",222,"Representative","106","Democratic","yes","Bradley Youngs","MCEA"
"bradley youngs","United States Postal Service - Raymond, ME",122,"Representative","106","Democratic","yes","Bradley Youngs","MCEA"
"joseph campbell","FRAME Strategies",555,"Representative","107","Democratic","yes","Joseph Campbell","MCEA"
"joseph campbell","Squarespace",276,"Representative","107","Democratic","yes","Joseph Campbell","MCEA"
"mark c cooper","Spectrum Marketing Companies",690,"Representative","107","Republican","yes","Mark Cooper","MCEA"
"diana kushnar","Bogdanets Photo",250,"Representative","109","Republican","yes","Diana Kushnar","TF"
"diana kushnar","Kopy Software LLC",107,"Representative","109","Republican","yes","Diana Kushnar","TF"
"diana kushnar","CCRC",75,"Representative","109","Republican","yes","Diana Kushnar","TF"
"diana kushnar","Anedot Fee",56.1,"Representative","109","Republican","yes","Diana Kushnar","TF"
"diana kushnar","Maine GOP",55,"Representative","109","Republican","yes","Diana Kushnar","TF"
"seven siegel","Gorham Times",502,"Representative","109","Democratic","yes","Seven Siegel","MCEA"
"seven siegel","Dale Rand Printing",330,"Representative","109","Democratic","yes","Seven Siegel","MCEA"
"seven siegel","Webflow",168,"Representative","109","Democratic","yes","Seven Siegel","MCEA"
"amy d kuhn","Dale Rand Printing",777.8,"Representative","111","Democratic","yes","Amy Kuhn","MCEA"
"amy d kuhn","Staples",213.2,"Representative","111","Democratic","yes","Amy Kuhn","MCEA"
"amy d kuhn","Squarespace",20,"Representative","111","Democratic","yes","Amy Kuhn","MCEA"
"sean mahoney","Dale Rand Printing",928.41,"Representative","112","Democratic","yes","Sean Mahoney","MCEA"
"sean mahoney","Jennifer Mahoney",71.59,"Representative","112","Democratic","yes","Sean Mahoney","MCEA"
"april fournier","Act Blue LLC",26.47,"Representative","114","Democratic","yes","April Fournier","TF"
"andrew zarro","ActBlue",103.79,"Representative","115","Democratic","yes","Andrew Zarro","TF"
"samuel lewis zager","Mailings Unlimited",515,"Representative","116","Democratic","yes","Samuel Zager","MCEA"
"samuel lewis zager","Dale Rand Printing",485,"Representative","116","Democratic","yes","Samuel Zager","MCEA"
"samuel lewis zager","Amazon Web Services, Inc.",25.15,"Representative","116","Democratic","yes","Samuel Zager","MCEA"
"matthew moonen","Matthew Moonen",2895,"Representative","117","Democratic","yes","Matthew Moonen","TF"
"matthew moonen","Ancorum Credit Union",20,"Representative","117","Democratic","yes","Matthew Moonen","TF"
"michael dixon","Dale Rand Printing",468.78,"Representative","119","Democratic","yes","Michael Dixon","MCEA"
"michael dixon","Cecilia Rebecca Ziko",170.46,"Representative","119","Democratic","yes","Michael Dixon","MCEA"
"michael dixon","Squarespace",40,"Representative","119","Democratic","yes","Michael Dixon","MCEA"
"jason shedlock","Douglas Strategic Media Arts, LLC",8187.87,"Representative","120","Democratic","yes","Jason Shedlock","TF"
"jason shedlock","Stephanie Perkins Clifford, LLC",4500,"Representative","120","Democratic","yes","Jason Shedlock","TF"
"jason shedlock","Sarah Louden",2600,"Representative","120","Democratic","yes","Jason Shedlock","TF"
"jason shedlock","Dale Rand Printing",2176.6,"Representative","120","Democratic","yes","Jason Shedlock","TF"
"jason shedlock","Mailings Unlimited",1650.61,"Representative","120","Democratic","yes","Jason Shedlock","TF"
"matthew d beck","Matt Beck",3868.42,"Representative","122","Democratic","yes","Matthew Beck","TF"
"matthew d beck","Squarespace, Inc.",252,"Representative","122","Democratic","yes","Matthew Beck","TF"
"matthew d beck","Jason Shedlock for Maine House",250,"Representative","122","Democratic","yes","Matthew Beck","TF"
"matthew d beck","Squarespace Inc.",192,"Representative","122","Democratic","yes","Matthew Beck","TF"
"matthew d beck","Coast Line Credit Union",99.72,"Representative","122","Democratic","yes","Matthew Beck","TF"
"eric nathanson","Next Day Flyers",278.48,"Representative","124","Democratic","yes","Eric Nathanson","MCEA"
"eric nathanson","Scarborough Public Library",12.5,"Representative","124","Democratic","yes","Eric Nathanson","MCEA"
"mary shannon lindstrom","Creative Imaging Group",411.45,"Representative","124","Unenrolled","yes","Mary Lindstrom (independent)","MCEA"
"mary shannon lindstrom","United States Post Office",390,"Representative","124","Unenrolled","yes","Mary Lindstrom (independent)","MCEA"
"mary shannon lindstrom","WordPress",96,"Representative","124","Unenrolled","yes","Mary Lindstrom (independent)","MCEA"
"mary shannon lindstrom","Town of Scarborough",50,"Representative","124","Unenrolled","yes","Mary Lindstrom (independent)","MCEA"
"mary shannon lindstrom","GoDaddy",30.17,"Representative","124","Unenrolled","yes","Mary Lindstrom (independent)","MCEA"
"ethan mongue","Spectrum Marketing Companies",2076,"Representative","126","Republican","yes","Ethan Mongue","TF"
"ethan mongue","Anedot",10.2,"Representative","126","Republican","yes","Ethan Mongue","TF"
"suzanne m salisbury","The Locker Project",550,"Representative","128","Democratic","yes","Suzanne Salisbury","TF"
"suzanne m salisbury","T D Bank",59.5,"Representative","128","Democratic","yes","Suzanne Salisbury","TF"
"marshall archer","Marshall Archer",5401.24,"Representative","129","Democratic","yes","Marshall Archer","TF"
"marshall archer","Best Buy",2173.44,"Representative","129","Democratic","yes","Marshall Archer","TF"
"marshall archer","Staple",70.15,"Representative","129","Democratic","yes","Marshall Archer","TF"
"marshall archer","City of Saco",10,"Representative","129","Democratic","yes","Marshall Archer","TF"
"michael hobart cunningham ii","Frame Strategies",411.75,"Representative","13","Democratic","yes","Michael Cunningham II","MCEA"
"michael hobart cunningham ii","Squarespace",50,"Representative","13","Democratic","yes","Michael Cunningham II","MCEA"
"russell p white","Spectrum Marketing Companies",1000,"Representative","13","Republican","yes","Russell White","MCEA"
"robert kelly","Sign Depot",451.87,"Representative","131","Democratic","yes","Robert Kelly","MCEA"
"robert kelly","dale rand Printing",225.77,"Representative","131","Democratic","yes","Robert Kelly","MCEA"
"robert kelly","United States Post Office",191.86,"Representative","131","Democratic","yes","Robert Kelly","MCEA"
"robert kelly","BannersInVinyl.com",109.9,"Representative","131","Democratic","yes","Robert Kelly","MCEA"
"robert kelly","KyleeKport",100,"Representative","131","Democratic","yes","Robert Kelly","MCEA"
"ryan m fecteau","Ryan Fecteau",1319.25,"Representative","132","Democratic","yes","Ryan Fecteau","TF"
"ryan m fecteau","ACTBLUE MAINE",4.94,"Representative","132","Democratic","yes","Ryan Fecteau","TF"
"marc g malon ii","Shaun Donnelly",200,"Representative","133","Democratic","yes","Marc Malon II","TF"
"marc g malon ii","Amplify Maine Consulting",138,"Representative","133","Democratic","yes","Marc Malon II","TF"
"marc g malon ii","ActBlue Technical Services",69.99,"Representative","133","Democratic","yes","Marc Malon II","TF"
"marc g malon ii","Copy It",11.08,"Representative","133","Democratic","yes","Marc Malon II","TF"
"marc g malon ii","ACTBLUE MAINE",0.99,"Representative","133","Democratic","yes","Marc Malon II","TF"
"allen anthony daggett","Spectrum Marketing",1558,"Representative","134","Unenrolled","yes","Allen Daggett (independent)","TF"
"allen anthony daggett","USPS",46.8,"Representative","134","Unenrolled","yes","Allen Daggett (independent)","TF"
"allen anthony daggett","Harland Clarke",40.5,"Representative","134","Unenrolled","yes","Allen Daggett (independent)","TF"
"allen anthony daggett","Amazon",32.68,"Representative","134","Unenrolled","yes","Allen Daggett (independent)","TF"
"allen anthony daggett","Anedot",1.3,"Representative","134","Unenrolled","yes","Allen Daggett (independent)","TF"
"lisa pratt","Frame Media Strategies",1732,"Representative","135","Democratic","yes","Lisa Pratt","MCEA"
"lisa pratt","Squarespace",192,"Representative","135","Democratic","yes","Lisa Pratt","MCEA"
"lisa pratt","Dale Rand Printing",120.27,"Representative","135","Democratic","yes","Lisa Pratt","MCEA"
"lisa pratt","United States Postal Service",112.85,"Representative","135","Democratic","yes","Lisa Pratt","MCEA"
"lisa pratt","Staples",52.74,"Representative","135","Democratic","yes","Lisa Pratt","MCEA"
"rachel mary phipps","Edison Press",2791.16,"Representative","135","Democratic","yes","Rachel Phipps","MCEA"
"rachel mary phipps","Djinn McCarthy",500,"Representative","135","Democratic","yes","Rachel Phipps","MCEA"
"scott craig","Spectrum Marketing Companies",700,"Representative","135","Unenrolled","yes","Scott Craig (independent)","MCEA"
"charles edward tilburg","Dale Rand Printing",211,"Representative","137","Democratic","yes","Charles Tilburg","MCEA"
"charles edward tilburg","Square Space",180,"Representative","137","Democratic","yes","Charles Tilburg","MCEA"
"charles edward tilburg","Forever Stamps",99.98,"Representative","137","Democratic","yes","Charles Tilburg","MCEA"
"charles edward tilburg","Charles Tilburg",94.94,"Representative","137","Democratic","yes","Charles Tilburg","MCEA"
"charles edward tilburg","Jim Boutin",79.13,"Representative","137","Democratic","yes","Charles Tilburg","MCEA"
"nathan m carlow","Facebook/Meta Platforms",300,"Representative","137","Republican","yes","Nathan Carlow","TF"
"nathan m carlow","Vistaprint",246.61,"Representative","137","Republican","yes","Nathan Carlow","TF"
"nathan m carlow","USPS United States Postal Service",230,"Representative","137","Republican","yes","Nathan Carlow","TF"
"nathan m carlow","Walmart Scarborough",99.69,"Representative","137","Republican","yes","Nathan Carlow","TF"
"nathan m carlow","USPS United States Postal BAR MILLS",78,"Representative","137","Republican","yes","Nathan Carlow","TF"
"jonathan l kinney","Super cheap signs",483.72,"Representative","138","Republican","yes","Jonathan Kinney","TF"
"jonathan l kinney","Staples",25.89,"Representative","138","Republican","yes","Jonathan Kinney","TF"
"oliver mcavoy","FRAME Media Strategies LLC",750,"Representative","138","Democratic","yes","Oliver McAvoy","MCEA"
"oliver mcavoy","Dale Rand Printing",105.5,"Representative","138","Democratic","yes","Oliver McAvoy","MCEA"
"oliver mcavoy","LibertyMailCo.com",99.98,"Representative","138","Democratic","yes","Oliver McAvoy","MCEA"
"jamie k newton","Signarama",1173.32,"Representative","139","Republican","yes","Jamie Newton","TF"
"jamie k newton","RSD Graphics",131.88,"Representative","139","Republican","yes","Jamie Newton","TF"
"jamie k newton","USPS",64,"Representative","139","Republican","yes","Jamie Newton","TF"
"kirstan watson","Capital Promotions",354.25,"Representative","140","Democratic","yes","Kirstan Watson","MCEA"
"kirstan watson","United State Postal Service",237.9,"Representative","140","Democratic","yes","Kirstan Watson","MCEA"
"kirstan watson","Dale Rand Printing",105.5,"Representative","140","Democratic","yes","Kirstan Watson","MCEA"
"kirstan watson","SquareSpace",22.5,"Representative","140","Democratic","yes","Kirstan Watson","MCEA"
"kirstan watson","Porkbun LLC",6.88,"Representative","140","Democratic","yes","Kirstan Watson","MCEA"
"wayne parry","Wayne Parry",9309.65,"Representative","140","Republican","yes","Wayne Parry","TF"
"wayne parry","Carolyn Fish",475,"Representative","140","Republican","yes","Wayne Parry","TF"
"wayne parry","Anedot",72,"Representative","140","Republican","yes","Wayne Parry","TF"
"clinton phinney jr","4DC Augusta",300,"Representative","141","Republican","yes","Clinton Phinney Jr.","MCEA"
"david roland mongeau ii","VistaPrint",480.01,"Representative","141","Unenrolled","yes","David Mongeau II (independent)","MCEA"
"david roland mongeau ii","Imprint Now",174.36,"Representative","141","Unenrolled","yes","David Mongeau II (independent)","MCEA"
"david roland mongeau ii","Go Daddy",133.07,"Representative","141","Unenrolled","yes","David Mongeau II (independent)","MCEA"
"david roland mongeau ii","Stampmaker",36.75,"Representative","141","Unenrolled","yes","David Mongeau II (independent)","MCEA"
"david roland mongeau ii","Lilyllama Stickers",33.61,"Representative","141","Unenrolled","yes","David Mongeau II (independent)","MCEA"
"marc anthony boisse","Spectrum Marketing",1658.5,"Representative","141","Republican","yes","Marc Boisse","TF"
"marc anthony boisse","Acton Post Office",627,"Representative","141","Republican","yes","Marc Boisse","TF"
"marc anthony boisse","spectrum marketing",583,"Representative","141","Republican","yes","Marc Boisse","TF"
"marc anthony boisse","Waterboro reporter",450,"Representative","141","Republican","yes","Marc Boisse","TF"
"marc anthony boisse","Boonies",83.3,"Representative","141","Republican","yes","Marc Boisse","TF"
"rebecca lynn flood andrews","Frame Media Strategies LLC",218,"Representative","141","Democratic","yes","Rebecca Flood Andrews","MCEA"
"rebecca lynn flood andrews","Walmart",187.63,"Representative","141","Democratic","yes","Rebecca Flood Andrews","MCEA"
"rebecca lynn flood andrews","Zippy Copy Center",101.28,"Representative","141","Democratic","yes","Rebecca Flood Andrews","MCEA"
"rebecca lynn flood andrews","Kennebunk Savings Bank",7,"Representative","141","Democratic","yes","Rebecca Flood Andrews","MCEA"
"ayn hanselmann","Ayn Hanselmann",593.77,"Representative","142","Democratic","yes","Ayn Hanselmann","MCEA"
"ayn hanselmann","GoDaddy",137.01,"Representative","142","Democratic","yes","Ayn Hanselmann","MCEA"
"ayn hanselmann","Canva",66.03,"Representative","142","Democratic","yes","Ayn Hanselmann","MCEA"
"john robert henkelman iii","Copy Kats",526.87,"Representative","143","Democratic","yes","John Henkelman","MCEA"
"john robert henkelman iii","United States Postal Service (USPS)",374.3,"Representative","143","Democratic","yes","John Henkelman","MCEA"
"john robert henkelman iii","Squarespace, Inc.",100,"Representative","143","Democratic","yes","John Henkelman","MCEA"
"john robert henkelman iii","Microsoft Corporation",29,"Representative","143","Democratic","yes","John Henkelman","MCEA"
"corinna cole","Union Post Office",49.25,"Representative","144","Unenrolled","yes","Corinna Cole (independent)","MCEA"
"caleb joseph chase","Spectrum Marketing Companies",710,"Representative","145","Republican","yes","Caleb Chase","MCEA"
"caleb joseph chase","Cali Dale Photography",200,"Representative","145","Republican","yes","Caleb Chase","MCEA"
"caleb joseph chase","Gary All Kinds of Signs",114.47,"Representative","145","Republican","yes","Caleb Chase","MCEA"
"caleb joseph chase","Vista Print",31.63,"Representative","145","Republican","yes","Caleb Chase","MCEA"
"caleb joseph chase","Rubberstamps.com",23.69,"Representative","145","Republican","yes","Caleb Chase","MCEA"
"kristin tyra davis","FRAME MEDIA STRATEGIES",387.2,"Representative","145","Democratic","yes","Kristin Davis","MCEA"
"kristin tyra davis","BURR SIGNS",330,"Representative","145","Democratic","yes","Kristin Davis","MCEA"
"kristin tyra davis","DALE RAND PRINTING",321.78,"Representative","145","Democratic","yes","Kristin Davis","MCEA"
"kristin tyra davis","SQUARESPACE",226,"Representative","145","Democratic","yes","Kristin Davis","MCEA"
"kristin tyra davis","UNITED STATES POSTAL SERVICE",94,"Representative","145","Democratic","yes","Kristin Davis","MCEA"
"holly taylor sargent","Dale Rand Printing",393,"Representative","147","Democratic","yes","Holly Sargent","MCEA"
"holly taylor sargent","Alphagraphics",205.91,"Representative","147","Democratic","yes","Holly Sargent","MCEA"
"holly taylor sargent","Staples",155.87,"Representative","147","Democratic","yes","Holly Sargent","MCEA"
"holly taylor sargent","The Stationery Studio",94.81,"Representative","147","Democratic","yes","Holly Sargent","MCEA"
"holly taylor sargent","Camden National Bank",40.78,"Representative","147","Democratic","yes","Holly Sargent","MCEA"
"holly rae eaton","Frame Media Strategies",338,"Representative","15","Democratic","yes","Holly Eaton","MCEA"
"holly rae eaton","Squarespace",192,"Representative","15","Democratic","yes","Holly Eaton","MCEA"
"alexandros orestis","John Boys",400,"Representative","150","Democratic","yes","Alexandros Orestis","MCEA"
"alexandros orestis","Sundance Signs",130,"Representative","150","Democratic","yes","Alexandros Orestis","MCEA"
"alexandros orestis","GotPrint.com",107.21,"Representative","150","Democratic","yes","Alexandros Orestis","MCEA"
"alexandros orestis","Google LLC",66.65,"Representative","150","Democratic","yes","Alexandros Orestis","MCEA"
"alexandros orestis","Staples",41.99,"Representative","150","Democratic","yes","Alexandros Orestis","MCEA"
"mark frederick zimmer","Wix",174,"Representative","150","Republican","yes","Mark Zimmer","MCEA"
"mark frederick zimmer","amazon",19.58,"Representative","150","Republican","yes","Mark Zimmer","MCEA"
"nina a milliken","Best Buy",808.41,"Representative","16","Democratic","yes","Nina Milliken","MCEA"
"nina a milliken","United States Postal Service",156,"Representative","16","Democratic","yes","Nina Milliken","MCEA"
"mathew david mcintyre","Spectrum Marketing Companies",2373.8,"Representative","18","Republican","yes","Mathew McIntyre","TF"
"mathew david mcintyre","US Postal Service",624,"Representative","18","Republican","yes","Mathew McIntyre","TF"
"david ulrich","Staples",116.04,"Representative","19","Democratic","yes","David Ulrich","MCEA"
"david ulrich","SquareSpace.com",39,"Representative","19","Democratic","yes","David Ulrich","MCEA"
"richard h campbell","Richard Campbell",7232.71,"Representative","19","Republican","yes","Richard Campbell","TF"
"roland daniel martin","Aquecs, Inc. (dba/Cross & Oberlie",590,"Representative","2","Democratic","yes","Roland Martin","MCEA"
"dani ohalloran","Bangor Letter Shop",990,"Representative","20","Democratic","yes","Dani O'Halloran","MCEA"
"dani ohalloran","Brewer Federal Credit Union",7,"Representative","20","Democratic","yes","Dani O'Halloran","MCEA"
"ambureen rana","Best Buy",986.92,"Representative","21","Democratic","yes","Ambureen Rana","MCEA"
"andrew laverdiere","Print Bangor",66.28,"Representative","21","Republican","yes","Andrew Laverdiere","TF"
"frank joseph casella","Amazon",559.14,"Representative","21","Republican","yes","Frank Casella","MCEA"
"frank joseph casella","Spectrum Marketing",294.03,"Representative","21","Republican","yes","Frank Casella","MCEA"
"frank joseph casella","Bangor Letter Shop",140.19,"Representative","21","Republican","yes","Frank Casella","MCEA"
"frank joseph casella","Bangor Savings Bank",4,"Representative","21","Republican","yes","Frank Casella","MCEA"
"frank joseph casella","Dollar Tree - Old Town",2.64,"Representative","21","Republican","yes","Frank Casella","MCEA"
"laura danielle supica","Maine Ethics Comission",300,"Representative","22","Democratic","yes","Laura Supica","TF"
"brian ames","Bangor Letter Shop",695.07,"Representative","23","Republican","yes","Brian Ames","MCEA"
"brian ames","Staples",435.42,"Representative","23","Republican","yes","Brian Ames","MCEA"
"brian ames","Spectrum Marketing Co",300,"Representative","23","Republican","yes","Brian Ames","MCEA"
"joschka winterling","Print Bangor",224.84,"Representative","23","Democratic","yes","Joschka Winterling","MCEA"
"katie brydon","Signonthecheap.com",955.94,"Representative","23","Democratic","yes","Katie Brydon","MCEA"
"katie brydon","Bangor Solutions",465,"Representative","23","Democratic","yes","Katie Brydon","MCEA"
"katie brydon","Wix.com",396,"Representative","23","Democratic","yes","Katie Brydon","MCEA"
"katie brydon","Amazon.com",162.75,"Representative","23","Democratic","yes","Katie Brydon","MCEA"
"katie brydon","Jiffy Print",140.83,"Representative","23","Democratic","yes","Katie Brydon","MCEA"
"victoria porter kornfield","FRAME Media Srategies",3429.8,"Representative","23","Democratic","yes","Victoria Kornfield","MCEA"
"victoria porter kornfield","Post Master",78,"Representative","23","Democratic","yes","Victoria Kornfield","MCEA"
"sean f faircloth","FRAME! Media Strategies",9343.37,"Representative","24","Democratic","yes","Sean Faircloth","MCEA"
"sean f faircloth","StackAdapt",3950,"Representative","24","Democratic","yes","Sean Faircloth","MCEA"
"sean f faircloth","META",1645,"Representative","24","Democratic","yes","Sean Faircloth","MCEA"
"sean f faircloth","Capital Promotions",710,"Representative","24","Democratic","yes","Sean Faircloth","MCEA"
"sean f faircloth","Print Bangor",424.44,"Representative","24","Democratic","yes","Sean Faircloth","MCEA"
"laurie osher","Best Buy",822.88,"Representative","25","Democratic","yes","Laurie Osher","MCEA"
"james f dill","The Snowman Group",747.2,"Representative","26","Democratic","yes","James Dill","MCEA"
"james f dill","USPS",202.8,"Representative","26","Democratic","yes","James Dill","MCEA"
"david giles","Bangor Letter Shop",1710.68,"Representative","27","Republican","yes","David Giles","TF"
"david giles","VistaPrint",1020.35,"Representative","27","Republican","yes","David Giles","TF"
"david giles","USPS",699.8,"Representative","27","Republican","yes","David Giles","TF"
"david giles","Staples",133.96,"Representative","27","Republican","yes","David Giles","TF"
"david giles","Google",132,"Representative","27","Republican","yes","David Giles","TF"
"gordon powell street","Jet Timmons Photography",125,"Representative","28","Democratic","yes","Gordon Street","MCEA"
"gordon powell street","Stewart Professional Learning Center & Cowork",100,"Representative","28","Democratic","yes","Gordon Street","MCEA"
"james michael michaud","Signs on the cheap",544.42,"Representative","29","Republican","yes","James Michaud","TF"
"james michael michaud","Select Design",73.85,"Representative","29","Republican","yes","James Michaud","TF"
"nancy jean theriault","Spectrum Marketing Companies",1529.09,"Representative","29","Republican","yes","Nancy Theriault","MCEA"
"nancy jean theriault","US Postal Services",234,"Representative","29","Republican","yes","Nancy Theriault","MCEA"
"nancy mcdowell","Walmart",201.28,"Representative","29","Democratic","yes","Nancy McDowell","MCEA"
"nancy mcdowell","USPS",8.27,"Representative","29","Democratic","yes","Nancy McDowell","MCEA"
"nancy mcdowellspecial","Frame Media Strategies",7468.27,"Representative","29","Democratic","yes","Nancy McDowell (special election)","MCEA"
"nancy mcdowellspecial","Staples",136.38,"Representative","29","Democratic","yes","Nancy McDowell (special election)","MCEA"
"nancy mcdowellspecial","Walmart",98.01,"Representative","29","Democratic","yes","Nancy McDowell (special election)","MCEA"
"nancy mcdowellspecial","US Postal service",45.24,"Representative","29","Democratic","yes","Nancy McDowell (special election)","MCEA"
"david h mccrea","Sign Rocket",592.5,"Representative","3","Democratic","yes","David McCrea","MCEA"
"david h mccrea","County Quik Print",357.5,"Representative","3","Democratic","yes","David McCrea","MCEA"
"david h mccrea","Discount Stamps Hub",181.78,"Representative","3","Democratic","yes","David McCrea","MCEA"
"david h mccrea","SquareSpace.C",39,"Representative","3","Democratic","yes","David McCrea","MCEA"
"james lee white","Carolyn A Fish",475,"Representative","30","Republican","yes","James White","TF"
"james lee white","James White",252.5,"Representative","30","Republican","yes","James White","TF"
"james lee white","Walmart",167.75,"Representative","30","Republican","yes","James White","TF"
"james lee white","senator inn",165.66,"Representative","30","Republican","yes","James White","TF"
"james lee white","AE Robinson",62.5,"Representative","30","Republican","yes","James White","TF"
"andrew r torbett","Imprint.com/Netbrands Media Corp.",473.52,"Representative","31","Republican","yes","Andrew Torbett","TF"
"andrew r torbett","Andrew R Torbett",317,"Representative","31","Republican","yes","Andrew Torbett","TF"
"andrew r torbett","Vistaprint",243.23,"Representative","31","Republican","yes","Andrew Torbett","TF"
"andrew r torbett","Maine Highlands FCU",33,"Representative","31","Republican","yes","Andrew Torbett","TF"
"andrew r torbett","Town of Sebec",3.25,"Representative","31","Republican","yes","Andrew Torbett","TF"
"shawn leroy lancaster","Dexter Print Shop",509.27,"Representative","32","Republican","yes","Shawn Lancaster","TF"
"shawn leroy lancaster","Maine Republican Party",55,"Representative","32","Republican","yes","Shawn Lancaster","TF"
"shawn leroy lancaster","Deluxe Check",29,"Representative","32","Republican","yes","Shawn Lancaster","TF"
"kenneth wade fredette","Bernard for the House",300,"Representative","33","Republican","yes","Kenneth Fredette","TF"
"kenneth wade fredette","Tokya Japenese Stakehouse",300,"Representative","33","Republican","yes","Kenneth Fredette","TF"
"kenneth wade fredette","Rolling Thunder Express",219.3,"Representative","33","Republican","yes","Kenneth Fredette","TF"
"kenneth wade fredette","State of Maine Treasurer",41,"Representative","33","Republican","yes","Kenneth Fredette","TF"
"kenneth wade fredette","Sebasticook Valley Federal Credit Union",6,"Representative","33","Republican","yes","Kenneth Fredette","TF"
"stacey kay guerin","Spectrum Marketing Co.",1383.22,"Representative","34","Republican","yes","Stacey Guerin","TF"
"stacey kay guerin","Joe Guerin for Maine Senate",500,"Representative","34","Republican","yes","Stacey Guerin","TF"
"stacey kay guerin","Penobscot Republican Committee",80,"Representative","34","Republican","yes","Stacey Guerin","TF"
"stacey kay guerin","Maine Republican Party",45,"Representative","34","Republican","yes","Stacey Guerin","TF"
"kimberly m haggan","Spectrum Marketing Companies",1000,"Representative","36","Republican","yes","Kimberly Haggan","MCEA"
"alan lee orcutt","FRAME Media Strategies LLC",805.94,"Representative","37","Democratic","yes","Alan Orcutt","MCEA"
"alan lee orcutt","J Black Printing",145.06,"Representative","37","Democratic","yes","Alan Orcutt","MCEA"
"alan lee orcutt","Squarespace, Inc",25,"Representative","37","Democratic","yes","Alan Orcutt","MCEA"
"alan lee orcutt","Key Bank NA",24,"Representative","37","Democratic","yes","Alan Orcutt","MCEA"
"reagan leeann paul","Go Daddy",387.72,"Representative","37","Republican","yes","Reagan Paul","TF"
"reagan leeann paul","Microsoft Corporation",105.49,"Representative","37","Republican","yes","Reagan Paul","TF"
"benjamin charles hymes","Knox Booster Club",300,"Representative","38","Republican","yes","Benjamin Hymes","TF"
"benjamin charles hymes","Michaels Craft Store",106.76,"Representative","38","Republican","yes","Benjamin Hymes","TF"
"benjamin charles hymes","BJ Wholesale",102.39,"Representative","38","Republican","yes","Benjamin Hymes","TF"
"kayla miller","FRAME Media Strategies",1202,"Representative","38","Democratic","yes","Kayla Miller","MCEA"
"kayla miller","Capitol Promotions Inc.",374,"Representative","38","Democratic","yes","Kayla Miller","MCEA"
"kayla miller","United States Postal Service",63.75,"Representative","38","Democratic","yes","Kayla Miller","MCEA"
"kayla miller","J Black Printing",38.26,"Representative","38","Democratic","yes","Kayla Miller","MCEA"
"kayla miller","First National Bank",3,"Representative","38","Democratic","yes","Kayla Miller","MCEA"
"madison cook","J Black Printing",286.48,"Representative","39","Democratic","yes","Madison Cook","MCEA"
"madison cook","Walgreens",105.08,"Representative","39","Democratic","yes","Madison Cook","MCEA"
"madison cook","Squarespace, inc.",95,"Representative","39","Democratic","yes","Madison Cook","MCEA"
"madison cook","Harborwalk Restaurant",71.41,"Representative","39","Democratic","yes","Madison Cook","MCEA"
"madison cook","Staples",70.67,"Representative","39","Democratic","yes","Madison Cook","MCEA"
"michael j nicholson","Wix.com",468,"Representative","39","Republican","yes","Michael Nicholson","TF"
"d michael ray","Frame Stategies",375,"Representative","40","Democratic","yes","Michael Ray","MCEA"
"d michael ray","Squarespace",296,"Representative","40","Democratic","yes","Michael Ray","MCEA"
"d michael ray","United States Postal Service",182,"Representative","40","Democratic","yes","Michael Ray","MCEA"
"d michael ray","American Legion Post # 43",100,"Representative","40","Democratic","yes","Michael Ray","MCEA"
"d michael ray","Amazon",39.23,"Representative","40","Democratic","yes","Michael Ray","MCEA"
"cory raymond","Jeremy Lizzio",300,"Representative","41","Republican","yes","Cory Raymond","TF"
"cory raymond","Queensboro",217.4,"Representative","41","Republican","yes","Cory Raymond","TF"
"cory raymond","Buildasign",109.93,"Representative","41","Republican","yes","Cory Raymond","TF"
"cory raymond","Home Depot",39.41,"Representative","41","Republican","yes","Cory Raymond","TF"
"cory raymond","Circle k",38.5,"Representative","41","Republican","yes","Cory Raymond","TF"
"joshua d gerritsen","FRAME Media Strategies",786.2,"Representative","41","Democratic","yes","Joshua Gerritsen","MCEA"
"joshua d gerritsen","Facebook",355,"Representative","41","Democratic","yes","Joshua Gerritsen","MCEA"
"joshua d gerritsen","Staples",198.3,"Representative","41","Democratic","yes","Joshua Gerritsen","MCEA"
"joshua d gerritsen","Squarespace",164,"Representative","41","Democratic","yes","Joshua Gerritsen","MCEA"
"joshua d gerritsen","United States Postal Service",2.55,"Representative","41","Democratic","yes","Joshua Gerritsen","MCEA"
"marcus mrowka","USPS",429.75,"Representative","41","Democratic","yes","Marcus Mrowka","MCEA"
"marcus mrowka","PenBay Pilot",300,"Representative","41","Democratic","yes","Marcus Mrowka","MCEA"
"marcus mrowka","Canva",186.42,"Representative","41","Democratic","yes","Marcus Mrowka","MCEA"
"marcus mrowka","Facebook/META",136,"Representative","41","Democratic","yes","Marcus Mrowka","MCEA"
"marcus mrowka","40 Paper",106.35,"Representative","41","Democratic","yes","Marcus Mrowka","MCEA"
"melissa byer","Wix.com",94.8,"Representative","42","Republican","yes","Melissa Byer","TF"
"melissa byer","USPS",64,"Representative","42","Republican","yes","Melissa Byer","TF"
"melissa byer","Straight Talk Cell Service",49.2,"Representative","42","Republican","yes","Melissa Byer","TF"
"melissa byer","Staples",26.36,"Representative","42","Republican","yes","Melissa Byer","TF"
"chris p austin","Adventure Advertising",1097.2,"Representative","43","Republican","yes","Christopher Austin","TF"
"chris p austin","Spectrum Marketing Companies",359,"Representative","43","Republican","yes","Christopher Austin","TF"
"chris p austin","WinRed Processing, LLC",33.77,"Representative","43","Republican","yes","Christopher Austin","TF"
"chris p austin","Winred",3.94,"Representative","43","Republican","yes","Christopher Austin","TF"
"michael sweeny flanagan","Staples",1186.17,"Representative","43","Republican","yes","Michael Flanagan","MCEA"
"michael sweeny flanagan","Adventure Advertising",780.71,"Representative","43","Republican","yes","Michael Flanagan","MCEA"
"michael sweeny flanagan","UNITED STATES POST OFFICE",31.2,"Representative","43","Republican","yes","Michael Flanagan","MCEA"
"peter q jenks","Capitol Promotions Inc.",591,"Representative","43","Democratic","yes","Peter Jenks (dropped out)","MCEA"
"peter q jenks","Peter Jenks",310.35,"Representative","43","Democratic","yes","Peter Jenks (dropped out)","MCEA"
"peter q jenks","The Lincoln County News",279.59,"Representative","43","Democratic","yes","Peter Jenks (dropped out)","MCEA"
"peter q jenks","Wade Rodman",80,"Representative","43","Democratic","yes","Peter Jenks (dropped out)","MCEA"
"peter q jenks","Squarespace Inc.",50,"Representative","43","Democratic","yes","Peter Jenks (dropped out)","MCEA"
"rhiannon hampson","Capitol Promotions Inc",711,"Representative","43","Democratic","yes","Rhiannon Hampson","TF"
"rhiannon hampson","ActBlue",16.63,"Representative","43","Democratic","yes","Rhiannon Hampson","TF"
"brady alden clark","Rockland Post Master",156,"Representative","44","Republican","yes","Brady Clark","TF"
"ray thombs","Vistaprint",787.35,"Representative","44","Republican","yes","Ray Thombs","TF"
"ray thombs","USPS",722.55,"Representative","44","Republican","yes","Ray Thombs","TF"
"ray thombs","Facebook",353.84,"Representative","44","Republican","yes","Ray Thombs","TF"
"ray thombs","Constant Contact",133.01,"Representative","44","Republican","yes","Ray Thombs","TF"
"ray thombs","Wix",112.7,"Representative","44","Republican","yes","Ray Thombs","TF"
"shawn saindon","FRAME Media Strategies",750,"Representative","44","Unenrolled","yes","Shawn Saindon (independent)","MCEA"
"shawn saindon","Lincoln County News",103.39,"Representative","44","Unenrolled","yes","Shawn Saindon (independent)","MCEA"
"shawn saindon","Squarespace",36,"Representative","44","Unenrolled","yes","Shawn Saindon (independent)","MCEA"
"shawn saindon","US Postal Service",15.6,"Representative","44","Unenrolled","yes","Shawn Saindon (independent)","MCEA"
"clinton collamore","RFB Advertising, LLC",1553.22,"Representative","45","Unenrolled","yes","Clinton Collamore (independent)","TF"
"clinton collamore","Hahn Center",200,"Representative","45","Unenrolled","yes","Clinton Collamore (independent)","TF"
"clinton collamore","USPS",200,"Representative","45","Unenrolled","yes","Clinton Collamore (independent)","TF"
"clinton collamore","Hannafords",189.71,"Representative","45","Unenrolled","yes","Clinton Collamore (independent)","TF"
"clinton collamore","Sincere Corporation - Punchbowl",95.88,"Representative","45","Unenrolled","yes","Clinton Collamore (independent)","TF"
"rebecca stephens","Spectrum",4169,"Representative","45","Republican","yes","Rebecca Stephens","TF"
"rebecca stephens","Service Software",500,"Representative","45","Republican","yes","Rebecca Stephens","TF"
"rebecca stephens","Andeot",453.6,"Representative","45","Republican","yes","Rebecca Stephens","TF"
"rebecca stephens","Town of Friendship",200,"Representative","45","Republican","yes","Rebecca Stephens","TF"
"rebecca stephens","Hannaford",139.2,"Representative","45","Republican","yes","Rebecca Stephens","TF"
"jennifer mayher","SquareSpace",25,"Representative","46","Democratic","yes","Jennifer Mayher","MCEA"
"kristine a poland","Supplies Unlimited",570.44,"Representative","46","Unenrolled","yes","Kristine Poland (independent)","MCEA"
"kristine a poland","Zazzle",262.02,"Representative","46","Unenrolled","yes","Kristine Poland (independent)","MCEA"
"kristine a poland","United States Postal Service",124.75,"Representative","46","Unenrolled","yes","Kristine Poland (independent)","MCEA"
"kristine a poland","VistaPrint",24.24,"Representative","46","Unenrolled","yes","Kristine Poland (independent)","MCEA"
"kristine a poland","Town of Damariscotta",5,"Representative","46","Unenrolled","yes","Kristine Poland (independent)","MCEA"
"chester b grover iii","Spectrum Marketing",828,"Representative","47","Republican","yes","Chester Grover III","MCEA"
"chester b grover iii","Amazon.com",559.02,"Representative","47","Republican","yes","Chester Grover III","MCEA"
"chester b grover iii","Chester B. Grover III",194.77,"Representative","47","Republican","yes","Chester Grover III","MCEA"
"chester b grover iii","United States Postal Service",78,"Representative","47","Republican","yes","Chester Grover III","MCEA"
"chester b grover iii","Town of Wiscasset",1,"Representative","47","Republican","yes","Chester Grover III","MCEA"
"wayne k farrin","Frame Media Strategies",896.61,"Representative","47","Democratic","yes","Wayne Farrin","MCEA"
"wayne k farrin","Lincoln County News",206.78,"Representative","47","Democratic","yes","Wayne Farrin","MCEA"
"charlotte nutt","Frame Strategies",750,"Representative","48","Democratic","yes","Charlotte Nutt","MCEA"
"charlotte nutt","Lincoln County Publishing",155.09,"Representative","48","Democratic","yes","Charlotte Nutt","MCEA"
"charlotte nutt","Square Space",153.6,"Representative","48","Democratic","yes","Charlotte Nutt","MCEA"
"charlotte nutt","United States Poastal Service",99,"Representative","48","Democratic","yes","Charlotte Nutt","MCEA"
"charlotte nutt","Staples",29.53,"Representative","48","Democratic","yes","Charlotte Nutt","MCEA"
"erik hobson","Spectrum Marketing Companies",909.25,"Representative","48","Republican","yes","Erik Hobson","MCEA"
"erik hobson","Chad Simons Jr",342,"Representative","48","Republican","yes","Erik Hobson","MCEA"
"nicolas john hamlin","Numinar Analytics",145.9,"Representative","49","Republican","yes","Nicolas Hamlin","MCEA"
"nicolas john hamlin","USPS",78,"Representative","49","Republican","yes","Nicolas Hamlin","MCEA"
"nicolas john hamlin","Staples",59.06,"Representative","49","Republican","yes","Nicolas Hamlin","MCEA"
"nicolas john hamlin","Facebook",31.77,"Representative","49","Republican","yes","Nicolas Hamlin","MCEA"
"suzanne r andresen","Staples",89.66,"Representative","49","Republican","yes","Suzanne Andresen","MCEA"
"suzanne r andresen","Maine Republican Party",62.2,"Representative","49","Republican","yes","Suzanne Andresen","MCEA"
"suzanne r andresen","Suzanne Andresen",57.58,"Representative","49","Republican","yes","Suzanne Andresen","MCEA"
"suzanne r andresen","Numinar",15,"Representative","49","Republican","yes","Suzanne Andresen","MCEA"
"trent vellella","Squarespace, Inc.",192,"Representative","49","Democratic","yes","Trent Vellella","MCEA"
"trent vellella","Dale Rand Printing Co.",185.68,"Representative","49","Democratic","yes","Trent Vellella","MCEA"
"trent vellella","Bath Post Office",122,"Representative","49","Democratic","yes","Trent Vellella","MCEA"
"douglas colburn carlisle jr","Signs on the Cheap",484.62,"Representative","5","Republican","yes","Douglas Carlisle Jr.","MCEA"
"douglas colburn carlisle jr","PensXpress",239.66,"Representative","5","Republican","yes","Douglas Carlisle Jr.","MCEA"
"douglas colburn carlisle jr","Aroostook Sportsman Association/Presque Isle Fish & Game",200,"Representative","5","Republican","yes","Douglas Carlisle Jr.","MCEA"
"douglas colburn carlisle jr","Aroostook Savings and loan",26,"Representative","5","Republican","yes","Douglas Carlisle Jr.","MCEA"
"annalyse sarvinas","Spectrum Marketing Companies",725,"Representative","51","Republican","yes","Annalyse Sarvinas","MCEA"
"david wayne guilmette","Misjefus Holdings, LLC",474.75,"Representative","52","Republican","yes","David Guilmette","MCEA"
"david wayne guilmette","David W Guilmette",364,"Representative","52","Republican","yes","David Guilmette","MCEA"
"david wayne guilmette","Quality Copy & Digital Print",151.85,"Representative","52","Republican","yes","David Guilmette","MCEA"
"david wayne guilmette","American Legion Hall, Post #132",125,"Representative","52","Republican","yes","David Guilmette","MCEA"
"david wayne guilmette","Staples",94.12,"Representative","52","Republican","yes","David Guilmette","MCEA"
"michael h lemelin","Michael Lemelin",2278.75,"Representative","53","Republican","yes","Michael Lemelin","TF"
"richard marc goldman","Lincoln County Publishing Co",310.67,"Representative","53","Democratic","yes","Richard Goldman","MCEA"
"richard marc goldman","US Post Office",238,"Representative","53","Democratic","yes","Richard Goldman","MCEA"
"richard marc goldman","Frame Media Strategies LLC",170,"Representative","53","Democratic","yes","Richard Goldman","MCEA"
"richard marc goldman","Linda Hermans",156.53,"Representative","53","Democratic","yes","Richard Goldman","MCEA"
"richard marc goldman","Maine Hosting Solutions",124.8,"Representative","53","Democratic","yes","Richard Goldman","MCEA"
"michelle tucker","Jeremy Lizzotte",450,"Representative","54","Republican","yes","Michelle Tucker","TF"
"michelle tucker","Anedot",93.18,"Representative","54","Republican","yes","Michelle Tucker","TF"
"charles hippler iv","Spectrum Marketing Companies",620,"Representative","55","Republican","yes","Charles Hippler IV","TF"
"charles hippler iv","Netlify",33.99,"Representative","55","Republican","yes","Charles Hippler IV","TF"
"charles hippler iv","Anedot",10.6,"Representative","55","Republican","yes","Charles Hippler IV","TF"
"maureen aucoin","Frame Media Strategies",1922,"Representative","55","Democratic","yes","Maureen AuCoin","MCEA"
"maureen aucoin","Staples",300.63,"Representative","55","Democratic","yes","Maureen AuCoin","MCEA"
"maureen aucoin","Quarry Tap Room",250,"Representative","55","Democratic","yes","Maureen AuCoin","MCEA"
"maureen aucoin","United States Postal Service",233,"Representative","55","Democratic","yes","Maureen AuCoin","MCEA"
"maureen aucoin","US Postal Service",217,"Representative","55","Democratic","yes","Maureen AuCoin","MCEA"
"steven butterfield","dale rand Printing",1608.65,"Representative","55","Democratic","yes","Steven Butterfield","MCEA"
"steven butterfield","Mailings Unlimited",1158.41,"Representative","55","Democratic","yes","Steven Butterfield","MCEA"
"steven butterfield","Capitol Promotions",558,"Representative","55","Democratic","yes","Steven Butterfield","MCEA"
"steven butterfield","Staples",168.76,"Representative","55","Democratic","yes","Steven Butterfield","MCEA"
"steven butterfield","GoDaddy",133.46,"Representative","55","Democratic","yes","Steven Butterfield","MCEA"
"robin uptonsukeforth","Copies Etc.",816.97,"Representative","56","Democratic","yes","Robin Upton-Sukeforth","MCEA"
"robin uptonsukeforth","Staples",158.24,"Representative","56","Democratic","yes","Robin Upton-Sukeforth","MCEA"
"dexter buzz bridges","Spectrum Marketing Companies",1893,"Representative","58","Republican","yes","Dexter Bridges","MCEA"
"jeff harris","Irwin Enterprises",23.73,"Representative","58","Republican","yes","Jeffrey Harris","TF"
"jeff harris","Godaddy",10.54,"Representative","58","Republican","yes","Jeffrey Harris","TF"
"sharon c frost","Squarespace",212,"Representative","58","Unenrolled","yes","Sharon Frost (independent)","TF"
"sharon c frost","United States Postal Service",183,"Representative","58","Unenrolled","yes","Sharon Frost (independent)","TF"
"sharon c frost","Dale Rand Printing Co",120.27,"Representative","58","Unenrolled","yes","Sharon Frost (independent)","TF"
"sharon c frost","Anedot",118.76,"Representative","58","Unenrolled","yes","Sharon Frost (independent)","TF"
"sharon c frost","Staples",69.62,"Representative","58","Unenrolled","yes","Sharon Frost (independent)","TF"
"john reny","Augusta Republican Committee",250,"Representative","59","Republican","yes","John Reny","MCEA"
"katrina couch raysaulis","FRAME Media Strategies LLC",1591.44,"Representative","59","Democratic","yes","Katrina Couch Ray-Saulis","MCEA"
"katrina couch raysaulis","USPS",62.4,"Representative","59","Democratic","yes","Katrina Couch Ray-Saulis","MCEA"
"katrina couch raysaulis","Reny's",2.7,"Representative","59","Democratic","yes","Katrina Couch Ray-Saulis","MCEA"
"tom keefe","Alan Moore",2606.76,"Representative","59","Democratic","yes","Thomas Keefe","TF"
"tom keefe","USPO",312,"Representative","59","Democratic","yes","Thomas Keefe","TF"
"tom keefe","Next Day Flyers",274.66,"Representative","59","Democratic","yes","Thomas Keefe","TF"
"tom keefe","Crazy Cheap Signs",238.02,"Representative","59","Democratic","yes","Thomas Keefe","TF"
"tom keefe","Sticker Mule",174.08,"Representative","59","Democratic","yes","Thomas Keefe","TF"
"william r bridgeo","Capital Consulting, LLC",840,"Representative","60","Democratic","yes","William Bridgeo","MCEA"
"william r bridgeo","United States Postal Service",156,"Representative","60","Democratic","yes","William Bridgeo","MCEA"
"wyatt beaulieu","Spectrum Marketing Companies",292.5,"Representative","60","Republican","yes","Wyatt Beaulieu","MCEA"
"wyatt beaulieu","Albison's Printing",124.49,"Representative","60","Republican","yes","Wyatt Beaulieu","MCEA"
"wyatt beaulieu","Namecheap Inc.",33.86,"Representative","60","Republican","yes","Wyatt Beaulieu","MCEA"
"wyatt beaulieu","Maine State Credit Union",6,"Representative","60","Republican","yes","Wyatt Beaulieu","MCEA"
"alicia c collins","Alicia C Collins",4844.06,"Representative","61","Republican","yes","Alicia Collins","TF"
"alicia c collins","Calvary Chapel Augusta",1000,"Representative","61","Republican","yes","Alicia Collins","TF"
"alicia c collins","Best Buy",179.99,"Representative","61","Republican","yes","Alicia Collins","TF"
"alicia c collins","Canva",89.94,"Representative","61","Republican","yes","Alicia Collins","TF"
"katrina j smith","Wix, Inc",192,"Representative","62","Republican","yes","Katrina Smith","TF"
"katrina j smith","Constant Contact",151.92,"Representative","62","Republican","yes","Katrina Smith","TF"
"katrina j smith","Zoom",150.62,"Representative","62","Republican","yes","Katrina Smith","TF"
"katrina j smith","Anedot",124.6,"Representative","62","Republican","yes","Katrina Smith","TF"
"katrina j smith","USPS online",44,"Representative","62","Republican","yes","Katrina Smith","TF"
"pamela jo swift","Frame Media Strategies",819,"Representative","62","Democratic","yes","Pamela Swift","MCEA"
"paul r flynn","Paul R Flynn",3187.43,"Representative","63","Republican","yes","Paul Flynn","TF"
"paul r flynn","Knox Boosters Club",500,"Representative","63","Republican","yes","Paul Flynn","TF"
"paul r flynn","The Gem Foundation",250,"Representative","63","Republican","yes","Paul Flynn","TF"
"paul r flynn","Albion Library Trust",200,"Representative","63","Republican","yes","Paul Flynn","TF"
"paul r flynn","American Lung Foundation",103.5,"Representative","63","Republican","yes","Paul Flynn","TF"
"taylor west","FRAME Strategies",183.58,"Representative","63","Democratic","yes","Taylor West","MCEA"
"taylor west","Kennebec Savings Bank",23.3,"Representative","63","Democratic","yes","Taylor West","MCEA"
"taylor west","B&F Veggies",15.59,"Representative","63","Democratic","yes","Taylor West","MCEA"
"flavia m debrito","Webador",94.5,"Representative","64","Democratic","yes","Flavia DeBrito","MCEA"
"shawn michael packard","Spectrum Marketing",276.91,"Representative","64","Republican","yes","Shawn Packard","TF"
"shawn michael packard","Maine Republican Party",275,"Representative","64","Republican","yes","Shawn Packard","TF"
"shawn michael packard","Mid-Maine Chamber Of Commerce",275,"Representative","64","Republican","yes","Shawn Packard","TF"
"shawn michael packard","SBS Carbon Copy",234.74,"Representative","64","Republican","yes","Shawn Packard","TF"
"shawn michael packard","Bromar",155.4,"Representative","64","Republican","yes","Shawn Packard","TF"
"cassie l julia","Saturn Business Services",305.95,"Representative","65","Democratic","yes","Cassie Julia","MCEA"
"cassie l julia","Ramsey Stevens / KeoKai Stevens Photography",300,"Representative","65","Democratic","yes","Cassie Julia","MCEA"
"cassie l julia","Good Guy Signs",265.5,"Representative","65","Democratic","yes","Cassie Julia","MCEA"
"michael d perkins","bri-designs",600,"Representative","66","Republican","yes","Michael Perkins","MCEA"
"matthew channing townsend","SBS Carbon Copy",313.39,"Representative","67","Democratic","yes","Matthew Townsend","MCEA"
"matthew channing townsend","Frame Strategies",295.32,"Representative","67","Democratic","yes","Matthew Townsend","MCEA"
"matthew channing townsend","USPS",246.75,"Representative","67","Democratic","yes","Matthew Townsend","MCEA"
"matthew channing townsend","Squarespace",170,"Representative","67","Democratic","yes","Matthew Townsend","MCEA"
"matthew channing townsend","Sonny's Pizza",108.25,"Representative","67","Democratic","yes","Matthew Townsend","MCEA"
"shawn m dixon","Red Claw Media, LLC",500,"Representative","67","Republican","yes","Shawn Dixon","TF"
"shawn m dixon","Skowhegan Savings Bank",10,"Representative","67","Republican","yes","Shawn Dixon","TF"
"amanda noelle collamore","Hobby Lobby",52.78,"Representative","68","Republican","yes","Amanda Collamore","TF"
"amanda noelle collamore","Michaels",9.48,"Representative","68","Republican","yes","Amanda Collamore","TF"
"zachary lejonhud","Dale Rand Printing",631.25,"Representative","68","Unenrolled","yes","Zachary Lejonhud (independent)","MCEA"
"zachary lejonhud","Squarespace",36,"Representative","68","Unenrolled","yes","Zachary Lejonhud (independent)","MCEA"
"zachary lejonhud","Stripe",25.05,"Representative","68","Unenrolled","yes","Zachary Lejonhud (independent)","MCEA"
"dean a cray","Staples",748.78,"Representative","69","Republican","yes","Dean Cray","TF"
"jantzen stephen craine","Vistaprint",1552.85,"Representative","7","Republican","yes","Jantzen Craine","TF"
"jantzen stephen craine","Jackett Enterprises Inc.",905.19,"Representative","7","Republican","yes","Jantzen Craine","TF"
"jantzen stephen craine","Meta Platforms, Inc.",227.29,"Representative","7","Republican","yes","Jantzen Craine","TF"
"jantzen stephen craine","Printful, Inc.",193.38,"Representative","7","Republican","yes","Jantzen Craine","TF"
"jantzen stephen craine","Wix.com",176.58,"Representative","7","Republican","yes","Jantzen Craine","TF"
"matthew rush","Frame Media",1000,"Representative","7","Democratic","yes","Matthew Rush","MCEA"
"jennifer lynn poirier","Jennifer Poirier",134.46,"Representative","70","Republican","yes","Jennifer Poirier","TF"
"joseph almand","VistaPrint",88.02,"Representative","70","Democratic","yes","Joseph Almand","MCEA"
"joseph almand","Samantha Hilton Photography",50,"Representative","70","Democratic","yes","Joseph Almand","MCEA"
"john e ducharme iii","Bromar Printing",386.13,"Representative","71","Republican","yes","John Ducharme III","TF"
"john e ducharme iii","Good & Plenty 2",110,"Representative","71","Republican","yes","John Ducharme III","TF"
"john e ducharme iii","John E Ducharme III",106.43,"Representative","71","Republican","yes","John Ducharme III","TF"
"john e ducharme iii","Dunkin'",96.51,"Representative","71","Republican","yes","John Ducharme III","TF"
"john e ducharme iii","USPS",78,"Representative","71","Republican","yes","John Ducharme III","TF"
"cynthia somahernandez","York Signs",31.2,"Representative","72","Democratic","yes","Cynthia Soma-Hernandez","MCEA"
"douglas a thomas","Bangor Latter Shop Inc",948,"Representative","72","Republican","yes","Douglas Thomas","MCEA"
"douglas a thomas","Dexter Print Shop and Design",346.35,"Representative","72","Republican","yes","Douglas Thomas","MCEA"
"douglas a thomas","Somerset County Republican Committee",50,"Representative","72","Republican","yes","Douglas Thomas","MCEA"
"douglas a thomas","Maine Highlands Federal Credit Union",2,"Representative","72","Republican","yes","Douglas Thomas","MCEA"
"daniel simonds","Frame Media Strategies LLC",552.1,"Representative","73","Democratic","yes","Daniel Simonds","MCEA"
"daniel simonds","Black Rabbit Design Studio",400,"Representative","73","Democratic","yes","Daniel Simonds","MCEA"
"daniel simonds","Franklin Savings Bank",35,"Representative","73","Democratic","yes","Daniel Simonds","MCEA"
"daniel simonds","United States Postal Service",12.9,"Representative","73","Democratic","yes","Daniel Simonds","MCEA"
"mike soboleski","Spectrum Marketing Companies",339.9,"Representative","73","Republican","yes","Michael Soboleski","TF"
"mike soboleski","Anedot",47,"Representative","73","Republican","yes","Michael Soboleski","TF"
"ryan morgan","Spectrum Marketing",545,"Representative","73","Republican","yes","Ryan Morgan","TF"
"russell john black","Spectrum Marketing Co.",880,"Representative","74","Republican","yes","Russell Black","MCEA"
"russell john black","Wilton US Postal Service",78,"Representative","74","Republican","yes","Russell Black","MCEA"
"russell john black","Farmington Harness Horsemen",75,"Representative","74","Republican","yes","Russell Black","MCEA"
"russell john black","Franklin Savings Bank",35,"Representative","74","Republican","yes","Russell Black","MCEA"
"h scott landry","Vistaprint",102.83,"Representative","75","Democratic","yes","Scott Landry","TF"
"h scott landry","USPS",78,"Representative","75","Democratic","yes","Scott Landry","TF"
"randall douglas gauvin","Mainly Strategies",1000,"Representative","75","Republican","yes","Randall Gauvin","TF"
"randall douglas gauvin","Ray Richardson",350,"Representative","75","Republican","yes","Randall Gauvin","TF"
"randall douglas gauvin","Facebook",168.08,"Representative","75","Republican","yes","Randall Gauvin","TF"
"randall douglas gauvin","Vista Print",122.33,"Representative","75","Republican","yes","Randall Gauvin","TF"
"randall douglas gauvin","US Postal Service",78,"Representative","75","Republican","yes","Randall Gauvin","TF"
"trevor alex doiron","Wix.com",169.36,"Representative","76","Democratic","yes","Trevor Doiron","MCEA"
"trevor alex doiron","USPS",137.6,"Representative","76","Democratic","yes","Trevor Doiron","MCEA"
"trevor alex doiron","United States Postal Service",90,"Representative","76","Democratic","yes","Trevor Doiron","MCEA"
"trevor alex doiron","Meta",34,"Representative","76","Democratic","yes","Trevor Doiron","MCEA"
"trevor alex doiron","USPS - Jay, Maine",20.74,"Representative","76","Democratic","yes","Trevor Doiron","MCEA"
"woodleigh h hughes","Frame Media Strategies",1630.15,"Representative","78","Democratic","yes","Woodleigh Hughes","MCEA"
"woodleigh h hughes","SquareSpace, INC",114,"Representative","78","Democratic","yes","Woodleigh Hughes","MCEA"
"woodleigh h hughes","Dale Rand Printing",105.5,"Representative","78","Democratic","yes","Woodleigh Hughes","MCEA"
"woodleigh h hughes","ActBlue",0.35,"Representative","78","Democratic","yes","Woodleigh Hughes","MCEA"
"brianna lueck","Apple",631.95,"Representative","79","Democratic","yes","Brianna Lueck","MCEA"
"brianna lueck","Staples",94.94,"Representative","79","Democratic","yes","Brianna Lueck","MCEA"
"brianna lueck","USPS",65.15,"Representative","79","Democratic","yes","Brianna Lueck","MCEA"
"azalea cormier","Grassroots Graphics",1000,"Representative","80","Unenrolled","yes","Azalea Cormier (independent)","MCEA"
"ernest fitts iv","Grassroots Graphics",1710.16,"Representative","80","Republican","yes","Ernest Fitts IV","TF"
"gino valeriani","Spectrum Marketing Co",618,"Representative","80","Republican","yes","Gino Valeriani","TF"
"gino valeriani","FedEx Office",307.73,"Representative","80","Republican","yes","Gino Valeriani","TF"
"gino valeriani","Grassroots Graphics",196.23,"Representative","80","Republican","yes","Gino Valeriani","TF"
"gino valeriani","Maine Republican Party",125.88,"Representative","80","Republican","yes","Gino Valeriani","TF"
"gino valeriani","EOP Inc",35.87,"Representative","80","Republican","yes","Gino Valeriani","TF"
"christopher easton","USPS",219.6,"Representative","81","Democratic","yes","Christopher Easton","MCEA"
"christopher easton","United States Post Office",183,"Representative","81","Democratic","yes","Christopher Easton","MCEA"
"christopher easton","Dale Rand Printing",52.75,"Representative","81","Democratic","yes","Christopher Easton","MCEA"
"christopher easton","Key Bank",5,"Representative","81","Democratic","yes","Christopher Easton","MCEA"
"caleb joshua ness","Spectrum Marketing Companies",778,"Representative","82","Republican","yes","Caleb Ness","MCEA"
"caleb joshua ness","Staples",377.67,"Representative","82","Republican","yes","Caleb Ness","MCEA"
"caleb joshua ness","Harland Clarke",16.76,"Representative","82","Republican","yes","Caleb Ness","MCEA"
"caleb joshua ness","United States Postal Service",9.57,"Representative","82","Republican","yes","Caleb Ness","MCEA"
"caleb joshua ness","Walmart",5.77,"Representative","82","Republican","yes","Caleb Ness","MCEA"
"christopher alfred lewey","Plastic Supply",52.75,"Representative","82","Democratic","yes","Christopher Lewey","MCEA"
"christopher alfred lewey","VistaPrint",42.18,"Representative","82","Democratic","yes","Christopher Lewey","MCEA"
"christopher alfred lewey","Amazon",25.93,"Representative","82","Democratic","yes","Christopher Lewey","MCEA"
"timothy becker","USPS",427.31,"Representative","83","Democratic","yes","Timothy Becker","MCEA"
"timothy becker","Dale Rand Printing",349.74,"Representative","83","Democratic","yes","Timothy Becker","MCEA"
"timothy becker","TD Bank",18,"Representative","83","Democratic","yes","Timothy Becker","MCEA"
"mark walker","Spectrum Marketing Companies",920,"Representative","84","Republican","yes","Mark Walker","TF"
"mark walker","Staples Office Supplies",280.21,"Representative","84","Republican","yes","Mark Walker","TF"
"mark walker","Staples",38.8,"Representative","84","Republican","yes","Mark Walker","TF"
"mark walker","Amazon.com",22.1,"Representative","84","Republican","yes","Mark Walker","TF"
"mark walker","Sebago Volunteers",20,"Representative","84","Republican","yes","Mark Walker","TF"
"adrienne paul","Spectrum Marketing Company",2682.5,"Representative","85","Republican","yes","Adrienne Paul","MCEA"
"adrienne paul","Shopping Guide",987.5,"Representative","85","Republican","yes","Adrienne Paul","MCEA"
"adrienne paul","On The Cheap",500.39,"Representative","85","Republican","yes","Adrienne Paul","MCEA"
"adrienne paul","Staples",108.43,"Representative","85","Republican","yes","Adrienne Paul","MCEA"
"adrienne paul","USPS",58,"Representative","85","Republican","yes","Adrienne Paul","MCEA"
"paul welch","USPS",34,"Representative","85","Democratic","yes","Paul Welch","MCEA"
"timothy nickels","Signarama",1558.75,"Representative","85","Republican","yes","Timothy Nickels","TF"
"timothy nickels","Staples",532.01,"Representative","85","Republican","yes","Timothy Nickels","TF"
"timothy nickels","Timothy Nickels",200,"Representative","85","Republican","yes","Timothy Nickels","TF"
"timothy nickels","State of Maine",140,"Representative","85","Republican","yes","Timothy Nickels","TF"
"timothy nickels","Hostinger",115.71,"Representative","85","Republican","yes","Timothy Nickels","TF"
"abigail geer","Staples",116.04,"Representative","86","Democratic","yes","Abigail Geer","MCEA"
"abigail geer","Squarespace, Inc.",25,"Representative","86","Democratic","yes","Abigail Geer","MCEA"
"rolf arthur olsen jr","Spectrum Marketing Co",1153.6,"Representative","86","Republican","yes","Rolf Olsen Jr.","TF"
"rolf arthur olsen jr","Poshmark",65.57,"Representative","86","Republican","yes","Rolf Olsen Jr.","TF"
"rolf arthur olsen jr","Anedot",10.3,"Representative","86","Republican","yes","Rolf Olsen Jr.","TF"
"david wayne boyer jr","David Boyer",8234.22,"Representative","87","Republican","yes","David Boyer Jr.","TF"
"david wayne boyer jr","Town of Poland",1250,"Representative","87","Republican","yes","David Boyer Jr.","TF"
"david wayne boyer jr","Poland Community Food Bank",1000,"Representative","87","Republican","yes","David Boyer Jr.","TF"
"david wayne boyer jr","Kindness Keepers for Hallie",500,"Representative","87","Republican","yes","David Boyer Jr.","TF"
"david wayne boyer jr","Maine Republican Party",500,"Representative","87","Republican","yes","David Boyer Jr.","TF"
"dana staples","Staples",139.24,"Representative","88","Democratic","yes","Dana Staples","MCEA"
"dana staples","Squarespace",113,"Representative","88","Democratic","yes","Dana Staples","MCEA"
"dana staples","USPS",85.6,"Representative","88","Democratic","yes","Dana Staples","MCEA"
"dana staples","Target",7.37,"Representative","88","Democratic","yes","Dana Staples","MCEA"
"quentin chapman","Quentin Chapman",1423.89,"Representative","88","Republican","yes","Quentin Chapman","TF"
"quentin chapman","United States Postal Service",366,"Representative","88","Republican","yes","Quentin Chapman","TF"
"adam r lee","Adam R. Lee",5122.06,"Representative","89","Democratic","yes","Adam Lee","TF"
"adam r lee","Auburn Community Concert Band",500,"Representative","89","Democratic","yes","Adam Lee","TF"
"adam r lee","ActBlue",385.79,"Representative","89","Democratic","yes","Adam Lee","TF"
"james sorcek","Staples",65.94,"Representative","90","Republican","yes","James Sorcek","MCEA"
"james sorcek","Walmart",52.62,"Representative","90","Republican","yes","James Sorcek","MCEA"
"james sorcek","Androscoggin Bank",10,"Representative","90","Republican","yes","James Sorcek","MCEA"
"james sorcek","United States Postal Service",3.03,"Representative","90","Republican","yes","James Sorcek","MCEA"
"laurel libby","Eyes Over LLC",36000,"Representative","90","Republican","yes","Laurel Libby (dropped out)","TF"
"laurel libby","Ignite Strategies LLC",10500,"Representative","90","Republican","yes","Laurel Libby (dropped out)","TF"
"laurel libby","United States Postal Service",4904.85,"Representative","90","Republican","yes","Laurel Libby (dropped out)","TF"
"laurel libby","Kaylee Chamberlain",4000,"Representative","90","Republican","yes","Laurel Libby (dropped out)","TF"
"laurel libby","Printmail of Maine",2619.32,"Representative","90","Republican","yes","Laurel Libby (dropped out)","TF"
"pamela hart","United States Postal Service",295,"Representative","90","Democratic","yes","Pamela Hart","MCEA"
"pamela hart","Cathy Case Photography",100,"Representative","90","Democratic","yes","Pamela Hart","MCEA"
"jeffrey timberlake","EXXAR ENERGY",136.6,"Representative","91","Republican","yes","Jeffrey Timberlake","TF"
"scott a harriman","FRAME Media Strategies",1000,"Representative","94","Democratic","yes","Scott Harriman","MCEA"
"scott a harriman","Squarespace",25,"Representative","94","Democratic","yes","Scott Harriman","MCEA"
"scott a harriman","Scale To Win",6.02,"Representative","94","Democratic","yes","Scott Harriman","MCEA"
"kiernan innes majeruscollins","Corsair Consulting",5500,"Representative","95","Democratic","yes","Kiernan Majerus-Collins","TF"
"kiernan innes majeruscollins","Dale Rand Printing Co.",2556.44,"Representative","95","Democratic","yes","Kiernan Majerus-Collins","TF"
"kiernan innes majeruscollins","Abdillahi Bouh",2400,"Representative","95","Democratic","yes","Kiernan Majerus-Collins","TF"
"kiernan innes majeruscollins","Amran Osman",2000,"Representative","95","Democratic","yes","Kiernan Majerus-Collins","TF"
"kiernan innes majeruscollins","Fozia Bouh",1800,"Representative","95","Democratic","yes","Kiernan Majerus-Collins","TF"
"matthew kershaw","Square Space",206,"Representative","95","Democratic","yes","Matthew Kershaw","MCEA"
"matthew kershaw","Dale Rand Printing",105,"Representative","95","Democratic","yes","Matthew Kershaw","MCEA"
"kerryl lee clement","Spectrum Marketing",875,"Representative","96","Republican","yes","Kerryl Clement","MCEA"
"kerryl lee clement","Paddle.com Market Ltd",89.99,"Representative","96","Republican","yes","Kerryl Clement","MCEA"
"kerryl lee clement","City Clerk - City of Lewiston",22,"Representative","96","Republican","yes","Kerryl Clement","MCEA"
"kerryl lee clement","Staples",12.64,"Representative","96","Republican","yes","Kerryl Clement","MCEA"
"kilton mccarthy webb","Frame Media Strategies",520,"Representative","98","Democratic","yes","Kilton Webb","MCEA"
"kilton mccarthy webb","Dale Rand Printing",348.15,"Representative","98","Democratic","yes","Kilton Webb","MCEA"
"kilton mccarthy webb","Square Space",192,"Representative","98","Democratic","yes","Kilton Webb","MCEA"
"kilton mccarthy webb","United States Postal Service",61,"Representative","98","Democratic","yes","Kilton Webb","MCEA"
"william j st michel","Spectrum Marketing Companies",815.54,"Representative","98","Republican","yes","William St. Michel","MCEA"
"william j st michel","Staples",402.79,"Representative","98","Republican","yes","William St. Michel","MCEA"
"william j st michel","The Maine Republican Party",230.05,"Representative","98","Republican","yes","William St. Michel","MCEA"
"william j st michel","Amazon",145.49,"Representative","98","Republican","yes","William St. Michel","MCEA"
"cheryl a golek","Staples",392.62,"Representative","99","Democratic","yes","Cheryl Golek","MCEA"
"cheryl a golek","eBay Commerce Inc",209.95,"Representative","99","Democratic","yes","Cheryl Golek","MCEA"
"cheryl a golek","Face Book",49.87,"Representative","99","Democratic","yes","Cheryl Golek","MCEA"
"cheryl a golek","ActBlue",27.65,"Representative","99","Democratic","yes","Cheryl Golek","MCEA"
"cheryl a golek","Ancorum Credit Union",10,"Representative","99","Democratic","yes","Cheryl Golek","MCEA"
"vaughn j mclaughlin","Saturn Business Services Inc.",740.11,"Senator","1","Democratic","yes","Vaughn McLaughlin","MCEA"
"vaughn j mclaughlin","Frame Media Strategies LLC",721.15,"Senator","1","Democratic","yes","Vaughn McLaughlin","MCEA"
"vaughn j mclaughlin","Best Buy",189.89,"Senator","1","Democratic","yes","Vaughn McLaughlin","MCEA"
"vaughn j mclaughlin","United States Postal Service",95.6,"Senator","1","Democratic","yes","Vaughn McLaughlin","MCEA"
"vaughn j mclaughlin","Actblue Technical Services",18.14,"Senator","1","Democratic","yes","Vaughn McLaughlin","MCEA"
"david g haggan","Spectrum Marketing Companies",3000,"Senator","10","Republican","yes","David Haggan","MCEA"
"glenn chip curry","Frames Media Strategies LLC",2500,"Senator","11","Democratic","yes","Glenn Curry","MCEA"
"glenn chip curry","Saturn Business Services, Inc.",824.39,"Senator","11","Democratic","yes","Glenn Curry","MCEA"
"glenn chip curry","Best Buy",747.98,"Senator","11","Democratic","yes","Glenn Curry","MCEA"
"glenn chip curry","SignUpGenius Inc.",283.74,"Senator","11","Democratic","yes","Glenn Curry","MCEA"
"glenn chip curry","Intelligent Direct Inc",245,"Senator","11","Democratic","yes","Glenn Curry","MCEA"
"ryan christopher otis","Spectrum Marketing Companies",3586.3,"Senator","11","Republican","yes","Ryan Otis","MCEA"
"ryan christopher otis","TSS Printing",561,"Senator","11","Republican","yes","Ryan Otis","MCEA"
"ryan christopher otis","J Black Printing",443.1,"Senator","11","Republican","yes","Ryan Otis","MCEA"
"ryan christopher otis","Jayne Crosby Giles",15.6,"Senator","11","Republican","yes","Ryan Otis","MCEA"
"cameron reny","Pure Button",188.18,"Senator","13","Democratic","yes","Cameron Reny","MCEA"
"cameron reny","GoDaddy LLC",5.19,"Senator","13","Democratic","yes","Cameron Reny","MCEA"
"edwin m mitchell","SLATERS GARAGE",2000,"Senator","13","Unenrolled","yes","Edwin Mitchell (independent)","MCEA"
"edwin m mitchell","SPECTRUM MARKETING",172,"Senator","13","Unenrolled","yes","Edwin Mitchell (independent)","MCEA"
"edwin m mitchell","LINCOLN COUNTY GOP",83.21,"Senator","13","Unenrolled","yes","Edwin Mitchell (independent)","MCEA"
"edwin m mitchell","STAPLES",37.97,"Senator","13","Unenrolled","yes","Edwin Mitchell (independent)","MCEA"
"craig v hickman","Craig HIckman",6024.37,"Senator","14","Democratic","yes","Craig Hickman","TF"
"amanda heath","Saturn Business Services, Inc.",610.97,"Senator","15","Democratic","yes","Amanda Heath","MCEA"
"amanda heath","RUN!",300,"Senator","15","Democratic","yes","Amanda Heath","MCEA"
"amanda heath","ActBlue Technical Services",98.01,"Senator","15","Democratic","yes","Amanda Heath","MCEA"
"amanda heath","Amanda Heath",88,"Senator","15","Democratic","yes","Amanda Heath","MCEA"
"kati l mccormick","Albison's Printing",935.79,"Senator","15","Republican","yes","Kati McCormick","MCEA"
"kati l mccormick","Spectrum Marketing",680,"Senator","15","Republican","yes","Kati McCormick","MCEA"
"kati l mccormick","Shaw's Supermarket",187.2,"Senator","15","Republican","yes","Kati McCormick","MCEA"
"kati l mccormick","Moose Maine Kids",175,"Senator","15","Republican","yes","Kati McCormick","MCEA"
"kati l mccormick","Online QR Generator",89.85,"Senator","15","Republican","yes","Kati McCormick","MCEA"
"patric moore","US Postal Service",30.42,"Senator","16","Democratic","yes","Patric Moore","MCEA"
"patric moore","ActBlue Technical Services",6.92,"Senator","16","Democratic","yes","Patric Moore","MCEA"
"scott w cyrway","Spectrum Marketing Companies",1996.87,"Senator","16","Republican","yes","Scott Cyrway","MCEA"
"scott w cyrway","BB Customize",656.52,"Senator","16","Republican","yes","Scott Cyrway","MCEA"
"scott w cyrway","United States Postal Service",234,"Senator","16","Republican","yes","Scott Cyrway","MCEA"
"scott w cyrway","Somerset County Republican Commitee",50,"Senator","16","Republican","yes","Scott Cyrway","MCEA"
"scott w cyrway","Bangor Savings Bank",29,"Senator","16","Republican","yes","Scott Cyrway","MCEA"
"jojean keller","FRAME Media Strategies LLC",825,"Senator","17","Democratic","yes","Jo-Jean Keller","MCEA"
"jojean keller","United States Postal Service",104.23,"Senator","17","Democratic","yes","Jo-Jean Keller","MCEA"
"jojean keller","ActBlue",37.98,"Senator","17","Democratic","yes","Jo-Jean Keller","MCEA"
"jojean keller","Staples",21.08,"Senator","17","Democratic","yes","Jo-Jean Keller","MCEA"
"joshua morris","Joshua Morris",3089.39,"Senator","17","Republican","yes","Joshua Morris (dropped out)","TF"
"joshua morris","Had E. Nuff",500,"Senator","17","Republican","yes","Joshua Morris (dropped out)","TF"
"joshua morris","Androscoggin County Republican Committee",450,"Senator","17","Republican","yes","Joshua Morris (dropped out)","TF"
"joshua morris","Southwest Airlines",413.6,"Senator","17","Republican","yes","Joshua Morris (dropped out)","TF"
"joshua morris","J.W. Mariott Indianapolis",175.44,"Senator","17","Republican","yes","Joshua Morris (dropped out)","TF"
"richard g mason","PINE POINT CREATIVE",500,"Senator","17","Republican","yes","Richard Mason","TF"
"richard g mason","ANDROSCOGGIN GOP",450,"Senator","17","Republican","yes","Richard Mason","TF"
"elizabeth d bosworth","Frame Media Strategies LLC",1789,"Senator","18","Democratic","yes","Elizabeth Bosworth","MCEA"
"elizabeth d bosworth","SBS/Carbon Copy",709.32,"Senator","18","Democratic","yes","Elizabeth Bosworth","MCEA"
"elizabeth d bosworth","RUN! website builder",300,"Senator","18","Democratic","yes","Elizabeth Bosworth","MCEA"
"elizabeth d bosworth","ActBlue Technical Services",99.46,"Senator","18","Democratic","yes","Elizabeth Bosworth","MCEA"
"elizabeth d bosworth","STAPLES",52.72,"Senator","18","Democratic","yes","Elizabeth Bosworth","MCEA"
"john andrews","Muddy River Signs",2697.19,"Senator","18","Republican","yes","John Andrews","TF"
"john andrews","Bending Spoons Inc",432,"Senator","18","Republican","yes","John Andrews","TF"
"john andrews","Campaign Partner",248,"Senator","18","Republican","yes","John Andrews","TF"
"john andrews","Anedot",70.9,"Senator","18","Republican","yes","John Andrews","TF"
"peter j southam","Saturn Business Services, Inc.",621.44,"Senator","19","Democratic","yes","Peter Southam","MCEA"
"peter j southam","Gem Theater",184.34,"Senator","19","Democratic","yes","Peter Southam","MCEA"
"peter j southam","Maine Democratic Party",175,"Senator","19","Democratic","yes","Peter Southam","MCEA"
"peter j southam","Vistaprint",134.97,"Senator","19","Democratic","yes","Peter Southam","MCEA"
"peter j southam","ActBlue",90.08,"Senator","19","Democratic","yes","Peter Southam","MCEA"
"bruce bickford","Spectrum Marketing",2907.22,"Senator","20","Republican","yes","Bruce Bickford","MCEA"
"bruce bickford","coastal t shirts",95,"Senator","20","Republican","yes","Bruce Bickford","MCEA"
"bruce bickford","Staples",80.16,"Senator","20","Republican","yes","Bruce Bickford","MCEA"
"bruce bickford","Ocean State Job Lot",12.62,"Senator","20","Republican","yes","Bruce Bickford","MCEA"
"michael r scott","FRAME Media Strategies",1991.37,"Senator","20","Democratic","yes","Michael Scott","MCEA"
"michael r scott","United States Postal Service",488,"Senator","20","Democratic","yes","Michael Scott","MCEA"
"michael r scott","Evergreen Custom Printing, Inc.",422,"Senator","20","Democratic","yes","Michael Scott","MCEA"
"michael r scott","RUN! WEBSITE BUILDER",300,"Senator","20","Democratic","yes","Michael Scott","MCEA"
"michael r scott","ActBlue Technical Services",106.11,"Senator","20","Democratic","yes","Michael Scott","MCEA"
"eryn soule","Spectrum Marketing",670,"Senator","21","Unenrolled","yes","Eryn Soule (independent)","MCEA"
"eryn soule","Staples",73.11,"Senator","21","Unenrolled","yes","Eryn Soule (independent)","MCEA"
"eryn soule","Amazon",51.66,"Senator","21","Unenrolled","yes","Eryn Soule (independent)","MCEA"
"eryn soule","Androscoging Bank",9,"Senator","21","Unenrolled","yes","Eryn Soule (independent)","MCEA"
"mana hared abdi","Mailings Unlimited",2446.6,"Senator","21","Democratic","yes","Mana Abdi","TF"
"mana hared abdi","dale rand Printing",1218.53,"Senator","21","Democratic","yes","Mana Abdi","TF"
"mana hared abdi","Hilda Chang Consulitng",300,"Senator","21","Democratic","yes","Mana Abdi","TF"
"mana hared abdi","Penmor Lithographers",215.22,"Senator","21","Democratic","yes","Mana Abdi","TF"
"mana hared abdi","Mohamed Barreh",175,"Senator","21","Democratic","yes","Mana Abdi","TF"
"shanna cox","FRAME Media Strategies",3955,"Senator","21","Democratic","yes","Shanna Cox","TF"
"shanna cox","USPS",1688.4,"Senator","21","Democratic","yes","Shanna Cox","TF"
"shanna cox","Sublime House Media",1000,"Senator","21","Democratic","yes","Shanna Cox","TF"
"shanna cox","DS Political",850,"Senator","21","Democratic","yes","Shanna Cox","TF"
"shanna cox","Signs on the Cheap",768.97,"Senator","21","Democratic","yes","Shanna Cox","TF"
"kimberly j pomerleau","Signs on the cheap",1377.43,"Senator","22","Republican","yes","Kimberly Pomerleau","MCEA"
"kimberly j pomerleau","Apple, inc",912.94,"Senator","22","Republican","yes","Kimberly Pomerleau","MCEA"
"kimberly j pomerleau","Staples",815.18,"Senator","22","Republican","yes","Kimberly Pomerleau","MCEA"
"kimberly j pomerleau","YOUR WEEKLY SHOPPING GUIDE",480,"Senator","22","Republican","yes","Kimberly Pomerleau","MCEA"
"kimberly j pomerleau","John salomoni",375,"Senator","22","Republican","yes","Kimberly Pomerleau","MCEA"
"nathan burnett","FRAME Media Strategies LLC",1100,"Senator","22","Democratic","yes","Nathan Burnett","MCEA"
"nathan burnett","UMaine Bookstore",20.2,"Senator","22","Democratic","yes","Nathan Burnett","MCEA"
"matthea elisabeth larsen daughtry","Matthea Daughtry",1543.1,"Senator","23","Democratic","yes","Matthea Daughtry","TF"
"matthea elisabeth larsen daughtry","NGP VAN, Inc.",1045,"Senator","23","Democratic","yes","Matthea Daughtry","TF"
"matthea elisabeth larsen daughtry","NGP VAN, Inc",645.75,"Senator","23","Democratic","yes","Matthea Daughtry","TF"
"matthea elisabeth larsen daughtry","ActBlue Technical Services",47.45,"Senator","23","Democratic","yes","Matthea Daughtry","TF"
"denise tepler","Dale Rand Printing",2557.58,"Senator","24","Democratic","yes","Denise Tepler","MCEA"
"denise tepler","Run!",300,"Senator","24","Democratic","yes","Denise Tepler","MCEA"
"denise tepler","SquareSpace",14,"Senator","24","Democratic","yes","Denise Tepler","MCEA"
"teresa s pierce","ActBlue",23.7,"Senator","25","Democratic","yes","Teresa Pierce","TF"
"teresa s pierce","Act Blue",15.8,"Senator","25","Democratic","yes","Teresa Pierce","TF"
"peter g violette","Spectrum Marketing Companies",6979.85,"Senator","26","Republican","yes","Peter Violette","MCEA"
"peter g violette","Time4Printing",117.64,"Senator","26","Republican","yes","Peter Violette","MCEA"
"peter g violette","The Windham Eagle Newspaper",97.5,"Senator","26","Republican","yes","Peter Violette","MCEA"
"peter g violette","Walmart",57.61,"Senator","26","Republican","yes","Peter Violette","MCEA"
"peter g violette","United States Postal Service",31.2,"Senator","26","Republican","yes","Peter Violette","MCEA"
"timothy e nangle","Saturn Business Systems",625.27,"Senator","26","Democratic","yes","Timothy Nangle","MCEA"
"timothy e nangle","Hostinger",191.52,"Senator","26","Democratic","yes","Timothy Nangle","MCEA"
"timothy e nangle","Network Solutions",29.18,"Senator","26","Democratic","yes","Timothy Nangle","MCEA"
"timothy e nangle","United States Postal Service",5.1,"Senator","26","Democratic","yes","Timothy Nangle","MCEA"
"jill c duson","Frame Strategies",825,"Senator","27","Democratic","yes","Jill Duson","MCEA"
"jill c duson","SBS Carbon Copy",489.93,"Senator","27","Democratic","yes","Jill Duson","MCEA"
"jill c duson","Staples",74.65,"Senator","27","Democratic","yes","Jill Duson","MCEA"
"jill c duson","ActBlue Tech Services",41.12,"Senator","27","Democratic","yes","Jill Duson","MCEA"
"anne carney","ActBlue Technical Services",0.2,"Senator","29","Democratic","yes","Anne Carney","TF"
"vincent maietta","Phil Hendricks",15000,"Senator","29","Republican","yes","Vincent Maietta","TF"
"danny e costain","Spectrum Marketing",2825.35,"Senator","3","Republican","yes","Danny Costain","TF"
"danny e costain","Penobscot County Republican",100,"Senator","3","Republican","yes","Danny Costain","TF"
"danny e costain","Somerset County Republicans",50,"Senator","3","Republican","yes","Danny Costain","TF"
"joel r stetkis","Spectrum Marketing",3052.48,"Senator","3","Republican","yes","Joel Stetkis","TF"
"joel r stetkis","Spectrum Marketing Co",625.2,"Senator","3","Republican","yes","Joel Stetkis","TF"
"joel r stetkis","Anedot",115.51,"Senator","3","Republican","yes","Joel Stetkis","TF"
"joel r stetkis","Maine Highlands Federal Credit Union",20.41,"Senator","3","Republican","yes","Joel Stetkis","TF"
"eleanor sato","Mailings Unlimited",4786.45,"Senator","30","Democratic","yes","Eleanor Sato","MCEA"
"eleanor sato","Dale Rand",3125.66,"Senator","30","Democratic","yes","Eleanor Sato","MCEA"
"eleanor sato","Jeff Beam",1262.5,"Senator","30","Democratic","yes","Eleanor Sato","MCEA"
"eleanor sato","United States Post Office",299.51,"Senator","30","Democratic","yes","Eleanor Sato","MCEA"
"eleanor sato","Squarespace, Inc.",221,"Senator","30","Democratic","yes","Eleanor Sato","MCEA"
"sophia warren","Next Day Flyers",2552.98,"Senator","30","Democratic","yes","Sophia Warren","MCEA"
"sophia warren","Walmart",873.42,"Senator","30","Democratic","yes","Sophia Warren","MCEA"
"sophia warren","AtData",695.6,"Senator","30","Democratic","yes","Sophia Warren","MCEA"
"sophia warren","USPS",688,"Senator","30","Democratic","yes","Sophia Warren","MCEA"
"sophia warren","Staples",244.72,"Senator","30","Democratic","yes","Sophia Warren","MCEA"
"donna bailey","Saturn Business Services, Inc.",531.46,"Senator","31","Democratic","yes","Donna Bailey","MCEA"
"donna bailey","United States Postal Service",200,"Senator","31","Democratic","yes","Donna Bailey","MCEA"
"henry l ingwersen","FRAME MEDIA STRATEGIES LLC",1925,"Senator","32","Democratic","yes","Henry Ingwersen","MCEA"
"henry l ingwersen","Saturn Business Services, Inc.",635.72,"Senator","32","Democratic","yes","Henry Ingwersen","MCEA"
"henry l ingwersen","SHAUN DONNELLY",600,"Senator","32","Democratic","yes","Henry Ingwersen","MCEA"
"henry l ingwersen","USPS",267.24,"Senator","32","Democratic","yes","Henry Ingwersen","MCEA"
"henry l ingwersen","StickerYou",156.91,"Senator","32","Democratic","yes","Henry Ingwersen","MCEA"
"jason g litalien","Stavros Mendros",300,"Senator","32","Unenrolled","yes","Jason Litalien (independent)","TF"
"jason g litalien","DocuCopies.com",156.2,"Senator","32","Unenrolled","yes","Jason Litalien (independent)","TF"
"jason g litalien","VistaPrint",126.25,"Senator","32","Unenrolled","yes","Jason Litalien (independent)","TF"
"jason g litalien","Saco & Biddeford Savings",1,"Senator","32","Unenrolled","yes","Jason Litalien (independent)","TF"
"mark vigliotta","Frame Media Strategies LLC",1100,"Senator","33","Democratic","yes","Mark Vigliotta","MCEA"
"mark vigliotta","US Postal Service",78,"Senator","33","Democratic","yes","Mark Vigliotta","MCEA"
"mark vigliotta","Walmart",1.66,"Senator","33","Democratic","yes","Mark Vigliotta","MCEA"
"matthew a harrington","Matthew Harrington",3305.28,"Senator","33","Republican","yes","Matthew Harrington","TF"
"matthew a harrington","Envelopes.com",371.56,"Senator","33","Republican","yes","Matthew Harrington","TF"
"matthew a harrington","Anedot, Inc.",48.3,"Senator","33","Republican","yes","Matthew Harrington","TF"
"daniel sayre","Shannon Magrane Design",1125,"Senator","34","Democratic","yes","Daniel Sayre","MCEA"
"daniel sayre","Will's Copy Center",346.49,"Senator","34","Democratic","yes","Daniel Sayre","MCEA"
"daniel sayre","Act Blue",94.87,"Senator","34","Democratic","yes","Daniel Sayre","MCEA"
"daniel sayre","Squarespace",81.8,"Senator","34","Democratic","yes","Daniel Sayre","MCEA"
"jonathan reed fallon","Vistaprint",1908.69,"Senator","34","Republican","yes","Jonathan Fallon","MCEA"
"jonathan reed fallon","Civic Meridian Consulting LLC",999,"Senator","34","Republican","yes","Jonathan Fallon","MCEA"
"jonathan reed fallon","Numinar, Inc.",412.1,"Senator","34","Republican","yes","Jonathan Fallon","MCEA"
"jonathan reed fallon","Jonathan R. Fallon",283.95,"Senator","34","Republican","yes","Jonathan Fallon","MCEA"
"jonathan reed fallon","QR Code Yearly/Convertizing, LTD.",137.2,"Senator","34","Republican","yes","Jonathan Fallon","MCEA"
"deane rykerson","North Atlantic Art Service",2252,"Senator","35","Democratic","yes","Deane Rykerson","MCEA"
"deane rykerson","vistaprint",2081.12,"Senator","35","Democratic","yes","Deane Rykerson","MCEA"
"deane rykerson","US Postal Service",1913.19,"Senator","35","Democratic","yes","Deane Rykerson","MCEA"
"deane rykerson","supercheap signs",471,"Senator","35","Democratic","yes","Deane Rykerson","MCEA"
"deane rykerson","WIX",252,"Senator","35","Democratic","yes","Deane Rykerson","MCEA"
"julie nicole rakic","Daniel Emmerson",800,"Senator","35","Republican","yes","Julie Rakic","MCEA"
"julie nicole rakic","Maine GOP",55,"Senator","35","Republican","yes","Julie Rakic","MCEA"
"julie nicole rakic","Instant Ink",23.81,"Senator","35","Republican","yes","Julie Rakic","MCEA"
"michele meyer","The Weekly Sentinel",537.5,"Senator","35","Democratic","yes","Michele Meyer","MCEA"
"michele meyer","Mercy Street Studio",480,"Senator","35","Democratic","yes","Michele Meyer","MCEA"
"michele meyer","GotPrint.com",328.27,"Senator","35","Democratic","yes","Michele Meyer","MCEA"
"michele meyer","Robert Schwartz",225,"Senator","35","Democratic","yes","Michele Meyer","MCEA"
"michele meyer","PromoteSigns.com",206.91,"Senator","35","Democratic","yes","Michele Meyer","MCEA"
"chad richard perkins","Caron Signs",3956.25,"Senator","4","Republican","yes","Chad Perkins","TF"
"chad richard perkins","Conversion Creative Inc",3614.44,"Senator","4","Republican","yes","Chad Perkins","TF"
"gregory pierce","Cray Cheap Politial Signs",1101.42,"Senator","4","Republican","yes","Gregory Pierce","TF"
"gregory pierce","Penobscot County GOP",590,"Senator","4","Republican","yes","Gregory Pierce","TF"
"gregory pierce","WIX",505.85,"Senator","4","Republican","yes","Gregory Pierce","TF"
"gregory pierce","Staples",305.92,"Senator","4","Republican","yes","Gregory Pierce","TF"
"gregory pierce","WinRed",106.4,"Senator","4","Republican","yes","Gregory Pierce","TF"
"joseph paul guerin","Spectrum Marketing Co.",2519.25,"Senator","4","Republican","yes","Joseph Guerin","TF"
"joseph paul guerin","Joseph Guerin",345.63,"Senator","4","Republican","yes","Joseph Guerin","TF"
"joseph paul guerin","VISTA Print",194.95,"Senator","4","Republican","yes","Joseph Guerin","TF"
"joseph paul guerin","Workstore LLC",141.38,"Senator","4","Republican","yes","Joseph Guerin","TF"
"joseph paul guerin","Home Depot",63.05,"Senator","4","Republican","yes","Joseph Guerin","TF"
"zachary anders wood","vistaprint",950.11,"Senator","4","Republican","yes","Zachary Wood","MCEA"
"zachary anders wood","United States Postal Service",854,"Senator","4","Republican","yes","Zachary Wood","MCEA"
"zachary anders wood","Jiffy Print Inc",321.14,"Senator","4","Republican","yes","Zachary Wood","MCEA"
"zachary anders wood","GoDaddy",116,"Senator","4","Republican","yes","Zachary Wood","MCEA"
"zachary anders wood","Godaddy.com",109.95,"Senator","4","Republican","yes","Zachary Wood","MCEA"
"elizabeth caruso","Somerset County Republican Committee",555,"Senator","5","Republican","yes","Elizabeth Caruso","TF"
"elizabeth caruso","Red Maverick Media",354,"Senator","5","Republican","yes","Elizabeth Caruso","TF"
"elizabeth caruso","Delta Airlines",344.18,"Senator","5","Republican","yes","Elizabeth Caruso","TF"
"elizabeth caruso","Spectrum Marketing",314.5,"Senator","5","Republican","yes","Elizabeth Caruso","TF"
"elizabeth caruso","American Airlines",260.18,"Senator","5","Republican","yes","Elizabeth Caruso","TF"
"robert finch sullebarger","Frame Strategies",1781,"Senator","5","Democratic","yes","Robert Sullebarger","MCEA"
"robert finch sullebarger","Saturn Business Services, Inc",807.65,"Senator","5","Democratic","yes","Robert Sullebarger","MCEA"
"robert finch sullebarger","Staples",176.29,"Senator","5","Democratic","yes","Robert Sullebarger","MCEA"
"robert finch sullebarger","ActBlue",108.03,"Senator","5","Democratic","yes","Robert Sullebarger","MCEA"
"robert finch sullebarger","Franklin Savings Bank",26,"Senator","5","Democratic","yes","Robert Sullebarger","MCEA"
"aaron dana","United State Postal Service",612.75,"Senator","6","Unenrolled","yes","Aaron Dana (independent)","MCEA"
"aaron dana","Walmart",228.67,"Senator","6","Unenrolled","yes","Aaron Dana (independent)","MCEA"
"aaron dana","ActBlue",21.75,"Senator","6","Unenrolled","yes","Aaron Dana (independent)","MCEA"
"billy bob faulkingham","Spectrum Marketing Companies",3769.83,"Senator","6","Republican","yes","Billy Faulkingham","TF"
"billy bob faulkingham","Anedot",301.3,"Senator","6","Republican","yes","Billy Faulkingham","TF"
"billy bob faulkingham","Jeremy Lizzotte",200,"Senator","6","Republican","yes","Billy Faulkingham","TF"
"cheryl hewes","Spectrum Marketing",4873,"Senator","7","Republican","yes","Cheryl Hewes","MCEA"
"cheryl hewes","Walmart.com",154.87,"Senator","7","Republican","yes","Cheryl Hewes","MCEA"
"cheryl hewes","Harland Clarke",54.29,"Senator","7","Republican","yes","Cheryl Hewes","MCEA"
"cheryl hewes","USPS",6.08,"Senator","7","Republican","yes","Cheryl Hewes","MCEA"
"cheryl hewes","Machias Savings Bank",5,"Senator","7","Republican","yes","Cheryl Hewes","MCEA"
"nicole c grohoski","Saturn Business Services, Inc.",644.44,"Senator","7","Democratic","yes","Nicole Grohoski","MCEA"
"nicole c grohoski","Amazon.com, Inc.",602.35,"Senator","7","Democratic","yes","Nicole Grohoski","MCEA"
"nicole c grohoski","USPS - Ellsworth",365.45,"Senator","7","Democratic","yes","Nicole Grohoski","MCEA"
"nicole c grohoski","Staples - Augusta",154.01,"Senator","7","Democratic","yes","Nicole Grohoski","MCEA"
"nicole c grohoski","Staples",42.19,"Senator","7","Democratic","yes","Nicole Grohoski","MCEA"
"leo christopher kenney","Spectrum Marketing",1823.65,"Senator","8","Republican","yes","Leo Kenney","MCEA"
"leo christopher kenney","Staples",718.48,"Senator","8","Republican","yes","Leo Kenney","MCEA"
"leo christopher kenney","Numinar",392.15,"Senator","8","Republican","yes","Leo Kenney","MCEA"
"leo christopher kenney","Sticky Flyer Advertising",327,"Senator","8","Republican","yes","Leo Kenney","MCEA"
"leo christopher kenney","Maine Republican Party",113.1,"Senator","8","Republican","yes","Leo Kenney","MCEA"
"michael tipping","Print Bangor",2082.44,"Senator","8","Democratic","yes","Michael Tipping","MCEA"
"michael tipping","EMZI Studio",800,"Senator","8","Democratic","yes","Michael Tipping","MCEA"
"michael tipping","ActBlue",117.56,"Senator","8","Democratic","yes","Michael Tipping","MCEA"
"michael tipping","Campaign Verify",95,"Senator","8","Democratic","yes","Michael Tipping","MCEA"
"amy j roeder","Frame Media Strategies LLC",1962.68,"Senator","9","Democratic","yes","Amy Roeder","MCEA"
"amy j roeder","Saturn Business Services, Inc.",793.12,"Senator","9","Democratic","yes","Amy Roeder","MCEA"
"amy j roeder","Act Blue",154.2,"Senator","9","Democratic","yes","Amy Roeder","MCEA"
"amy j roeder","Print bangor",113.28,"Senator","9","Democratic","yes","Amy Roeder","MCEA"
"amy j roeder","SquareSpace",90,"Senator","9","Democratic","yes","Amy Roeder","MCEA"
"stephen carey","Stephen Carey",1029.84,"Senator","9","Unenrolled","yes","Stephen Carey (independent)","MCEA"
"stephen carey","Spectrum Marketing Companies",500,"Senator","9","Unenrolled","yes","Stephen Carey (independent)","MCEA"
"stephen carey","Thomas Carey",294,"Senator","9","Unenrolled","yes","Stephen Carey (independent)","MCEA"
"stephen carey","United States Postal Service",156,"Senator","9","Unenrolled","yes","Stephen Carey (independent)","MCEA"
"stephen carey","Dunkin'",59.64,"Senator","9","Unenrolled","yes","Stephen Carey (independent)","MCEA"
