candidate_name,filer_url,filing_name,filing_url,date_filed,report_type,reporting_period,total_contributions,total_monetary_contributions,total_inkind_contributions,total_expenditures,total_mcea_payments,return_of_mcea_funds,balance_beginning,balance_end,debt_balance,unitemized_total
Russell P. White,https://www.mainecampaignfinancedisclosure.com/public/filers/f_01kf4eat87emk8zw800xkb9rf7,42-Day Post-Primary MCEA Report,https://www.mainecampaignfinancedisclosure.com/public/filers/f_01kf4eat87emk8zw800xkb9rf7/filings/d_01ky0p1x5gecsrwnv5zayxgne2,,Mcea Campaign Finance,"May 27, 2026 - July 14, 2026",,,,$0.00,"$6,625.00",$0.00,$675.00,"$7,300.00",$0.00,
Russell P. White,https://www.mainecampaignfinancedisclosure.com/public/filers/f_01kf4eat87emk8zw800xkb9rf7,11-Day Pre-Primary MCEA Report,https://www.mainecampaignfinancedisclosure.com/public/filers/f_01kf4eat87emk8zw800xkb9rf7/filings/d_01kstwkb8pfqmbdhf0zy6amh2r,,Mcea Campaign Finance,"April 22, 2026 - May 26, 2026",,,,$0.00,$675.00,$0.00,$0.00,$675.00,$0.00,
Russell P. White,https://www.mainecampaignfinancedisclosure.com/public/filers/f_01kf4eat87emk8zw800xkb9rf7,2026 Seed Money Report - Legislative,https://www.mainecampaignfinancedisclosure.com/public/filers/f_01kf4eat87emk8zw800xkb9rf7/filings/d_01kprs1emsf368m5vew3ntxksd,,Mcea Seed Money,"Unbounded - April 21, 2026","$1,000.00","$1,000.00",$0.00,"$1,000.00",,,$0.00,$0.00,$0.00,$0.00
Gary Friedmann,https://www.mainecampaignfinancedisclosure.com/public/filers/f_01khrhbsjmej2b3nngc0pjyp3q,42-Day Post-Primary MCEA Report,https://www.mainecampaignfinancedisclosure.com/public/filers/f_01khrhbsjmej2b3nngc0pjyp3q/filings/d_01ky2t8470env84tvr7px1w2by,,Mcea Campaign Finance,"May 27, 2026 - July 14, 2026",,,,$0.00,"$8,275.00",$0.00,$675.00,"$8,950.00",$0.00,
Gary Friedmann,https://www.mainecampaignfinancedisclosure.com/public/filers/f_01khrhbsjmej2b3nngc0pjyp3q,11-Day Pre-Primary MCEA Report,https://www.mainecampaignfinancedisclosure.com/public/filers/f_01khrhbsjmej2b3nngc0pjyp3q/filings/d_01ksqwy841f43t34gvhe5bgc22,,Mcea Campaign Finance,"May 19, 2026 - May 26, 2026",,,,$0.00,$675.00,$0.00,$0.00,$675.00,$0.00,
Gary Friedmann,https://www.mainecampaignfinancedisclosure.com/public/filers/f_01khrhbsjmej2b3nngc0pjyp3q,2026 Seed Money Report - Extended Deadline,https://www.mainecampaignfinancedisclosure.com/public/filers/f_01khrhbsjmej2b3nngc0pjyp3q/filings/d_01kprhpb4eefj974j6t2t5pfwd,,Mcea Seed Money,"Unbounded - May 18, 2026",$0.00,$0.00,$0.00,$0.00,,,$0.00,$0.00,$0.00,$0.00
Laurie Osher,https://www.mainecampaignfinancedisclosure.com/public/filers/f_01kh7m1wzbfgsvdw68a98sd02h,42-Day Post-Primary MCEA Report,https://www.mainecampaignfinancedisclosure.com/public/filers/f_01kh7m1wzbfgsvdw68a98sd02h/filings/d_01ky31k550efev8v4865vch6mk,,Mcea Campaign Finance,"May 27, 2026 - July 14, 2026",,,,$773.31,"$6,625.00",$0.00,$675.00,"$6,526.69",$0.00,
Laurie Osher,https://www.mainecampaignfinancedisclosure.com/public/filers/f_01kh7m1wzbfgsvdw68a98sd02h,11-Day Pre-Primary MCEA Report,https://www.mainecampaignfinancedisclosure.com/public/filers/f_01kh7m1wzbfgsvdw68a98sd02h/filings/d_01kt1jtszvennbz5wsf0jv0smk,,Mcea Campaign Finance,"May 22, 2026 - May 26, 2026",,,,$0.00,$675.00,$0.00,$0.00,$675.00,$0.00,
Laurie Osher,https://www.mainecampaignfinancedisclosure.com/public/filers/f_01kh7m1wzbfgsvdw68a98sd02h,2026 Seed Money Report - Extended Deadline,https://www.mainecampaignfinancedisclosure.com/public/filers/f_01kh7m1wzbfgsvdw68a98sd02h/filings/d_01ks4bhxhve6wrva66wmdc0g24,,Mcea Seed Money,"Unbounded - May 21, 2026","$1,000.00","$1,000.00",$0.00,"$1,000.00",,,$0.00,$0.00,$0.00,$0.00
Tiffany Strout,https://www.mainecampaignfinancedisclosure.com/public/filers/f_01kf4eat87emk8zw8024cmt5q8,42-Day Post-Primary MCEA Report,https://www.mainecampaignfinancedisclosure.com/public/filers/f_01kf4eat87emk8zw8024cmt5q8/filings/d_01kxew73ype1eteed77z24jrph,,Mcea Campaign Finance,"May 27, 2026 - July 14, 2026",,,,$259.45,"$6,625.00",$0.00,$675.87,"$7,041.42",$0.00,
Tiffany Strout,https://www.mainecampaignfinancedisclosure.com/public/filers/f_01kf4eat87emk8zw8024cmt5q8,11-Day Pre-Primary MCEA Report,https://www.mainecampaignfinancedisclosure.com/public/filers/f_01kf4eat87emk8zw8024cmt5q8/filings/d_01ksqbf8bsfdqsjqp9b5wbkgy5,,Mcea Campaign Finance,"April 14, 2026 - May 26, 2026",,,,$0.00,$675.00,$0.00,$0.00,$675.87,$0.00,
Tiffany Strout,https://www.mainecampaignfinancedisclosure.com/public/filers/f_01kf4eat87emk8zw8024cmt5q8,2026 Seed Money Report - Legislative,https://www.mainecampaignfinancedisclosure.com/public/filers/f_01kf4eat87emk8zw8024cmt5q8/filings/d_01kp450vmmfsfapv32mz3k2n11,,Mcea Seed Money,"Unbounded - April 13, 2026",$0.00,$0.00,$0.00,$0.00,,,$0.00,$0.00,$0.00,$0.00
Mallory Aaren Cook,https://www.mainecampaignfinancedisclosure.com/public/filers/f_01kd8w6ftweefsxt0ca3d1pazm,2025 Annual Personal Financial Disclosure,https://www.mainecampaignfinancedisclosure.com/public/filers/f_01kd8w6ftweefsxt0ca3d1pazm/filings/d_01kze416r7ebq9p1q8r14t0cjs,,Financial Disclosure,"January 01, 2025 - December 31, 2025",,,,,,,,,,
Mallory Aaren Cook,https://www.mainecampaignfinancedisclosure.com/public/filers/f_01kd8w6ftweefsxt0ca3d1pazm,42-Day Post-Primary MCEA Report,https://www.mainecampaignfinancedisclosure.com/public/filers/f_01kd8w6ftweefsxt0ca3d1pazm/filings/d_01ky2sxdx9emjsn96hdyck7sdb,,Mcea Campaign Finance,"May 27, 2026 - July 14, 2026",,,,"$1,532.88","$11,575.00",$0.00,$57.57,"$10,099.69",$0.00,
Mallory Aaren Cook,https://www.mainecampaignfinancedisclosure.com/public/filers/f_01kd8w6ftweefsxt0ca3d1pazm,11-Day Pre-Primary MCEA Report,https://www.mainecampaignfinancedisclosure.com/public/filers/f_01kd8w6ftweefsxt0ca3d1pazm/filings/d_01ksmyzbqcfjbt51b8rwsy7j5g,,Mcea Campaign Finance,"March 18, 2026 - May 26, 2026",,,,$617.43,$674.94,$0.00,$0.06,$57.57,$0.00,
Mallory Aaren Cook,https://www.mainecampaignfinancedisclosure.com/public/filers/f_01kd8w6ftweefsxt0ca3d1pazm,2026 Seed Money Report - Legislative,https://www.mainecampaignfinancedisclosure.com/public/filers/f_01kd8w6ftweefsxt0ca3d1pazm/filings/d_01ksp1g187f1vskf4k2pqq0s5g,,Mcea Seed Money,"Unbounded - August 11, 2026","$1,000.00","$1,000.00",$0.00,"$1,617.37",,,$0.00,,$0.00,$0.00
Mallory Aaren Cook,https://www.mainecampaignfinancedisclosure.com/public/filers/f_01kd8w6ftweefsxt0ca3d1pazm,2026 January Semiannual Report,https://www.mainecampaignfinancedisclosure.com/public/filers/f_01kd8w6ftweefsxt0ca3d1pazm/filings/d_01kf4f3w4qe2jtscj5ynjm99f1,,Campaign Finance,"November 01, 2025 - December 31, 2025","$1,000.00","$1,000.00",$0.00,$0.00,,,$0.00,"$1,000.00",$0.00,$0.00
Nicole C Grohoski,https://www.mainecampaignfinancedisclosure.com/public/filers/f_01kf4eat87emk8zw7zqfqnn445,42-Day Post-Primary MCEA Report,https://www.mainecampaignfinancedisclosure.com/public/filers/f_01kf4eat87emk8zw7zqfqnn445/filings/d_01ky2cz31ze0dsw0g0asatvxdj,,Mcea Campaign Finance,"May 27, 2026 - July 14, 2026",,,,"$1,089.78","$53,000.00",$0.00,"$2,650.00","$54,560.22",$0.00,
Nicole C Grohoski,https://www.mainecampaignfinancedisclosure.com/public/filers/f_01kf4eat87emk8zw7zqfqnn445,11-Day Pre-Primary MCEA Report,https://www.mainecampaignfinancedisclosure.com/public/filers/f_01kf4eat87emk8zw7zqfqnn445/filings/d_01ksmxtpqbep196dgs16z5k2rd,,Mcea Campaign Finance,"April 21, 2026 - May 26, 2026",,,,$0.00,"$2,648.44",$0.00,$1.56,"$2,650.00",$0.00,
Nicole C Grohoski,https://www.mainecampaignfinancedisclosure.com/public/filers/f_01kf4eat87emk8zw7zqfqnn445,2026 Seed Money Report - Legislative (7-Day Extension),https://www.mainecampaignfinancedisclosure.com/public/filers/f_01kf4eat87emk8zw7zqfqnn445/filings/d_01kppb2gsnfye8zdf183amh856,,Mcea Seed Money,"January 01, 2026 - April 20, 2026",$800.00,$800.00,$0.00,"$1,823.44",,,"$1,025.00",$1.56,$0.00,$0.00
Nicole C Grohoski,https://www.mainecampaignfinancedisclosure.com/public/filers/f_01kf4eat87emk8zw7zqfqnn445,2026 January Semiannual Report,https://www.mainecampaignfinancedisclosure.com/public/filers/f_01kf4eat87emk8zw7zqfqnn445/filings/d_01kf4f3w4re01aq3f5srbwr0e7,,Campaign Finance,"November 06, 2024 - December 31, 2025","$1,025.00","$1,025.00",$0.00,$0.00,,,$0.00,"$1,025.00",$0.00,$25.00
Charlotte Nutt,https://www.mainecampaignfinancedisclosure.com/public/filers/f_01kf4eat87emk8zw7zqh9vc9yv,42-Day Post-Primary MCEA Report,https://www.mainecampaignfinancedisclosure.com/public/filers/f_01kf4eat87emk8zw7zqh9vc9yv/filings/d_01ky0hjt9pfyq8v8s0t6s8css7,,Mcea Campaign Finance,"May 27, 2026 - July 14, 2026",,,,"$1,812.32","$19,825.00",$0.00,$475.00,"$18,487.68",$0.00,
Charlotte Nutt,https://www.mainecampaignfinancedisclosure.com/public/filers/f_01kf4eat87emk8zw7zqh9vc9yv,11-Day Pre-Primary MCEA Report,https://www.mainecampaignfinancedisclosure.com/public/filers/f_01kf4eat87emk8zw7zqh9vc9yv/filings/d_01ksjrw8feea4ssranv9rmyrvs,,Mcea Campaign Finance,"April 23, 2026 - May 26, 2026",,,,$200.00,$662.22,$0.00,$12.78,$475.00,$0.00,
Charlotte Nutt,https://www.mainecampaignfinancedisclosure.com/public/filers/f_01kf4eat87emk8zw7zqh9vc9yv,2026 Seed Money Report - Legislative (7-Day Extension),https://www.mainecampaignfinancedisclosure.com/public/filers/f_01kf4eat87emk8zw7zqh9vc9yv/filings/d_01kpvyc2p1ec8r0gba1wqnz4vb,,Mcea Seed Money,"January 01, 2026 - April 21, 2026",$0.00,$0.00,$0.00,$987.22,,,"$1,000.00",$12.78,$0.00,$0.00
Charlotte Nutt,https://www.mainecampaignfinancedisclosure.com/public/filers/f_01kf4eat87emk8zw7zqh9vc9yv,2026 Seed Money Report - Legislative (7-Day Extension),https://www.mainecampaignfinancedisclosure.com/public/filers/f_01kf4eat87emk8zw7zqh9vc9yv/filings/d_01kpr7d263e3ktax0jzgsb3rea,,Mcea Seed Money,"January 01, 2026 - April 21, 2026",$50.00,$50.00,$0.00,"$1,037.22",,,"$1,000.00",$12.78,$0.00,$0.00
Charlotte Nutt,https://www.mainecampaignfinancedisclosure.com/public/filers/f_01kf4eat87emk8zw7zqh9vc9yv,2026 January Semiannual Report,https://www.mainecampaignfinancedisclosure.com/public/filers/f_01kf4eat87emk8zw7zqh9vc9yv/filings/d_01kf4f3w4qe2jtscj4z56wwcv1,,Campaign Finance,"November 06, 2024 - December 31, 2025","$1,000.00","$1,000.00",$0.00,$0.00,,,$0.00,"$1,000.00",$0.00,$0.00
Nicolas John Hamlin,https://www.mainecampaignfinancedisclosure.com/public/filers/f_01kf4eat87emk8zw7zr42jeg96,42-Day Post-Primary MCEA Report,https://www.mainecampaignfinancedisclosure.com/public/filers/f_01kf4eat87emk8zw7zr42jeg96/filings/d_01kymtyd85eas9e58hkxnaev9z,,Mcea Campaign Finance,"May 27, 2026 - July 14, 2026",,,,$219.19,$0.00,$23.67,$247.86,$5.00,$0.00,
Nicolas John Hamlin,https://www.mainecampaignfinancedisclosure.com/public/filers/f_01kf4eat87emk8zw7zr42jeg96,2026 Seed Money Report - Legislative,https://www.mainecampaignfinancedisclosure.com/public/filers/f_01kf4eat87emk8zw7zr42jeg96/filings/d_01kymtsht2fa7r9hjamrsbph6x,,Mcea Seed Money,"Unbounded - July 28, 2026","$1,000.00","$1,000.00",$0.00,"$4,292.79",,,$0.00,,$0.00,$0.00
Nicolas John Hamlin,https://www.mainecampaignfinancedisclosure.com/public/filers/f_01kf4eat87emk8zw7zr42jeg96,42-Day Post-Primary MCEA Report,https://www.mainecampaignfinancedisclosure.com/public/filers/f_01kf4eat87emk8zw7zr42jeg96/filings/d_01kymtrbsdeep9w5gw40kpdhpm,,Mcea Campaign Finance,"May 27, 2026 - July 14, 2026",,,,$219.19,$0.00,$23.67,$858.26,$615.40,$0.00,
Nicolas John Hamlin,https://www.mainecampaignfinancedisclosure.com/public/filers/f_01kf4eat87emk8zw7zr42jeg96,11-Day Pre-Primary MCEA Report,https://www.mainecampaignfinancedisclosure.com/public/filers/f_01kf4eat87emk8zw7zr42jeg96/filings/d_01kymtqhaefazrjjh293qj7pn7,,Mcea Campaign Finance,"March 05, 2026 - May 26, 2026",,,,"$3,077.14","$3,321.46",$0.00,,$169.86,$0.00,
Nicolas John Hamlin,https://www.mainecampaignfinancedisclosure.com/public/filers/f_01kf4eat87emk8zw7zr42jeg96,42-Day Post-Primary MCEA Report,https://www.mainecampaignfinancedisclosure.com/public/filers/f_01kf4eat87emk8zw7zr42jeg96/filings/d_01ky7sk277e39twks215b5xs2c,,Mcea Campaign Finance,"May 27, 2026 - July 14, 2026",,,,$219.19,$0.00,$23.67,$858.26,$615.40,$0.00,
Nicolas John Hamlin,https://www.mainecampaignfinancedisclosure.com/public/filers/f_01kf4eat87emk8zw7zr42jeg96,11-Day Pre-Primary MCEA Report,https://www.mainecampaignfinancedisclosure.com/public/filers/f_01kf4eat87emk8zw7zr42jeg96/filings/d_01ky7semf2ecf8spn9fcvwffsj,,Mcea Campaign Finance,"March 05, 2026 - May 26, 2026",,,,"$3,077.14","$3,321.46",$0.00,,$169.86,$0.00,
Nicolas John Hamlin,https://www.mainecampaignfinancedisclosure.com/public/filers/f_01kf4eat87emk8zw7zr42jeg96,42-Day Post-Primary MCEA Report,https://www.mainecampaignfinancedisclosure.com/public/filers/f_01kf4eat87emk8zw7zr42jeg96/filings/d_01kw48x8dffmqv7eq2tj4xmhar,,Mcea Campaign Finance,"May 27, 2026 - July 14, 2026",,,,$219.19,$0.00,$23.67,$858.26,$615.40,$0.00,
Nicolas John Hamlin,https://www.mainecampaignfinancedisclosure.com/public/filers/f_01kf4eat87emk8zw7zr42jeg96,11-Day Pre-Primary MCEA Report,https://www.mainecampaignfinancedisclosure.com/public/filers/f_01kf4eat87emk8zw7zr42jeg96/filings/d_01kst89765fk5s478hyrb65ff2,,Mcea Campaign Finance,"March 05, 2026 - May 26, 2026",,,,"$3,077.14","$3,321.46",$0.00,,$169.86,$0.00,
Nicolas John Hamlin,https://www.mainecampaignfinancedisclosure.com/public/filers/f_01kf4eat87emk8zw7zr42jeg96,2026 Seed Money Report - Legislative,https://www.mainecampaignfinancedisclosure.com/public/filers/f_01kf4eat87emk8zw7zr42jeg96/filings/d_01ksp18q08fjt8sn7gay5xvna3,,Mcea Seed Money,"Unbounded - July 28, 2026","$1,000.00","$1,000.00",$0.00,"$2,760.83",,,$0.00,,$0.00,$0.00
PATRICK JUDE,https://www.mainecampaignfinancedisclosure.com/public/filers/f_01kf4eat87emk8zw7zscfjaahz,42-Day Post-Primary MCEA Report,https://www.mainecampaignfinancedisclosure.com/public/filers/f_01kf4eat87emk8zw7zscfjaahz/filings/d_01ky0xbxm1e0w9k0x814nq4j8k,,Mcea Campaign Finance,"May 27, 2026 - July 14, 2026",,,,$317.18,"$6,625.00",$0.00,$675.00,"$6,982.82",$0.00,
PATRICK JUDE,https://www.mainecampaignfinancedisclosure.com/public/filers/f_01kf4eat87emk8zw7zscfjaahz,11-Day Pre-Primary MCEA Report,https://www.mainecampaignfinancedisclosure.com/public/filers/f_01kf4eat87emk8zw7zscfjaahz/filings/d_01kstz0xtxe6dvjbsmf651pmgr,,Mcea Campaign Finance,"April 17, 2026 - May 26, 2026",,,,$0.00,$600.00,$0.00,$75.00,$675.00,$0.00,
PATRICK JUDE,https://www.mainecampaignfinancedisclosure.com/public/filers/f_01kf4eat87emk8zw7zscfjaahz,2026 Seed Money Report - Legislative (7-Day Extension),https://www.mainecampaignfinancedisclosure.com/public/filers/f_01kf4eat87emk8zw7zscfjaahz/filings/d_01kpckz87berbtcxxsftbtmc74,,Mcea Seed Money,"Unbounded - April 16, 2026","$1,000.00","$1,000.00",$0.00,$925.00,,,$0.00,$75.00,$0.00,$908.25
Caleb Joseph Chase,https://www.mainecampaignfinancedisclosure.com/public/filers/f_01kf4eat87emk8zw802fs32kqw,2025 Annual Personal Financial Disclosure,https://www.mainecampaignfinancedisclosure.com/public/filers/f_01kf4eat87emk8zw802fs32kqw/filings/d_01kz05xxfsf2mrv7zf2ev4yfzt,,Financial Disclosure,"January 01, 2025 - December 31, 2025",,,,,,,,,,
Caleb Joseph Chase,https://www.mainecampaignfinancedisclosure.com/public/filers/f_01kf4eat87emk8zw802fs32kqw,2026 Seed Money Report - Legislative,https://www.mainecampaignfinancedisclosure.com/public/filers/f_01kf4eat87emk8zw802fs32kqw/filings/d_01ky1cvqnjecmvzjj7h0kewrsb,,Mcea Seed Money,"Unbounded - April 15, 2026",$995.00,$995.00,$0.00,$970.32,,,$0.00,$24.68,$0.00,$45.00
Caleb Joseph Chase,https://www.mainecampaignfinancedisclosure.com/public/filers/f_01kf4eat87emk8zw802fs32kqw,11-Day Pre-Primary MCEA Report,https://www.mainecampaignfinancedisclosure.com/public/filers/f_01kf4eat87emk8zw802fs32kqw/filings/d_01ky1cvexsf139cs2qrdr5andj,,Mcea Campaign Finance,"April 16, 2026 - May 26, 2026",,,,$114.47,$650.32,$0.00,$24.68,$560.53,$0.00,
Caleb Joseph Chase,https://www.mainecampaignfinancedisclosure.com/public/filers/f_01kf4eat87emk8zw802fs32kqw,42-Day Post-Primary MCEA Report,https://www.mainecampaignfinancedisclosure.com/public/filers/f_01kf4eat87emk8zw802fs32kqw/filings/d_01ky1aacqqe188e3c5prxsg513,,Mcea Campaign Finance,"May 27, 2026 - July 14, 2026",,,,"$2,317.56","$8,275.00",$0.00,$560.53,"$6,517.97",$0.00,
Caleb Joseph Chase,https://www.mainecampaignfinancedisclosure.com/public/filers/f_01kf4eat87emk8zw802fs32kqw,11-Day Pre-Primary MCEA Report,https://www.mainecampaignfinancedisclosure.com/public/filers/f_01kf4eat87emk8zw802fs32kqw/filings/d_01kstfp4nmeqtrpv1vf1sk75aj,,Mcea Campaign Finance,"April 16, 2026 - May 26, 2026",,,,$114.47,$650.32,$0.00,$24.68,$560.53,$0.00,
Caleb Joseph Chase,https://www.mainecampaignfinancedisclosure.com/public/filers/f_01kf4eat87emk8zw802fs32kqw,2026 Seed Money Report - Legislative,https://www.mainecampaignfinancedisclosure.com/public/filers/f_01kf4eat87emk8zw802fs32kqw/filings/d_01kp959pydebc9wft092gdb8tf,,Mcea Seed Money,"Unbounded - April 15, 2026",$995.00,$995.00,$0.00,$970.32,,,$0.00,$24.68,$0.00,$45.00
Madison Cook,https://www.mainecampaignfinancedisclosure.com/public/filers/f_01kf4eat87emk8zw803xgpvaxq,2025 Annual Personal Financial Disclosure,https://www.mainecampaignfinancedisclosure.com/public/filers/f_01kf4eat87emk8zw803xgpvaxq/filings/d_01kynnktjvfygr9f6agy6d0khg,,Financial Disclosure,"January 01, 2025 - December 31, 2025",,,,,,,,,,
Madison Cook,https://www.mainecampaignfinancedisclosure.com/public/filers/f_01kf4eat87emk8zw803xgpvaxq,42-Day Post-Primary MCEA Report,https://www.mainecampaignfinancedisclosure.com/public/filers/f_01kf4eat87emk8zw803xgpvaxq/filings/d_01kxzvh04je1asqnfhpgecq3zg,,Mcea Campaign Finance,"May 27, 2026 - July 14, 2026",,,,"$2,998.80","$19,825.00",$0.00,$565.93,"$17,392.13",$0.00,
Madison Cook,https://www.mainecampaignfinancedisclosure.com/public/filers/f_01kf4eat87emk8zw803xgpvaxq,11-Day Pre-Primary MCEA Report,https://www.mainecampaignfinancedisclosure.com/public/filers/f_01kf4eat87emk8zw803xgpvaxq/filings/d_01ksk3qm61er0vmbz938nh4pt7,,Mcea Campaign Finance,"April 17, 2026 - May 26, 2026",,,,$109.07,$674.49,$0.00,$0.51,$565.93,$893.75,
Madison Cook,https://www.mainecampaignfinancedisclosure.com/public/filers/f_01kf4eat87emk8zw803xgpvaxq,2026 Seed Money Report - Legislative,https://www.mainecampaignfinancedisclosure.com/public/filers/f_01kf4eat87emk8zw803xgpvaxq/filings/d_01kpbw3268fvxrrhdp5hyrmvpj,,Mcea Seed Money,"Unbounded - April 16, 2026","$1,000.00","$1,000.00",$0.00,$999.49,,,$0.00,$0.51,$893.75,$0.00
Cameron Reny,https://www.mainecampaignfinancedisclosure.com/public/filers/f_01kf4eat87emk8zw802r6qsmqj,42-Day Post-Primary MCEA Report,https://www.mainecampaignfinancedisclosure.com/public/filers/f_01kf4eat87emk8zw802r6qsmqj/filings/d_01kxnys8eqffxa8tmk4as9k5dw,,Mcea Campaign Finance,"May 27, 2026 - July 14, 2026",,,,"$3,644.00","$53,000.00",$0.00,"$2,650.00","$52,006.00",$0.00,
Cameron Reny,https://www.mainecampaignfinancedisclosure.com/public/filers/f_01kf4eat87emk8zw802r6qsmqj,11-Day Pre-Primary MCEA Report,https://www.mainecampaignfinancedisclosure.com/public/filers/f_01kf4eat87emk8zw802r6qsmqj/filings/d_01ksmp2qmmfd08p4gm53ja59mk,,Mcea Campaign Finance,"April 21, 2026 - May 26, 2026",,,,$0.00,"$2,643.37",$0.00,$6.63,"$2,650.00",$0.00,
Cameron Reny,https://www.mainecampaignfinancedisclosure.com/public/filers/f_01kf4eat87emk8zw802r6qsmqj,2026 Seed Money Report - Legislative,https://www.mainecampaignfinancedisclosure.com/public/filers/f_01kf4eat87emk8zw802r6qsmqj/filings/d_01kppa579wea2bxt2hxzh8ce5n,,Mcea Seed Money,"Unbounded - April 20, 2026",$200.00,$200.00,$0.00,$193.37,,,$0.00,$6.63,$0.00,$0.00
D. Michael Ray,https://www.mainecampaignfinancedisclosure.com/public/filers/f_01kf4eat87emk8zw804hsgnc0v,42-Day Post-Primary MCEA Report,https://www.mainecampaignfinancedisclosure.com/public/filers/f_01kf4eat87emk8zw804hsgnc0v/filings/d_01kxy1387bf6cb4f76z451qq8b,,Mcea Campaign Finance,"May 27, 2026 - July 14, 2026",,,,$0.00,"$8,275.00",$0.00,$675.00,"$8,950.00",$750.00,
D. Michael Ray,https://www.mainecampaignfinancedisclosure.com/public/filers/f_01kf4eat87emk8zw804hsgnc0v,11-Day Pre-Primary MCEA Report,https://www.mainecampaignfinancedisclosure.com/public/filers/f_01kf4eat87emk8zw804hsgnc0v/filings/d_01ksn74mwdfz1t23mtht35sfn3,,Mcea Campaign Finance,"April 24, 2026 - May 26, 2026",,,,$0.00,$667.23,$0.00,$7.77,$675.00,$0.00,
D. Michael Ray,https://www.mainecampaignfinancedisclosure.com/public/filers/f_01kf4eat87emk8zw804hsgnc0v,2026 Seed Money Report - Legislative (7-Day Extension),https://www.mainecampaignfinancedisclosure.com/public/filers/f_01kf4eat87emk8zw804hsgnc0v/filings/d_01kpxqdsyafhg8jf3ahep35n8a,,Mcea Seed Money,"Unbounded - April 23, 2026","$1,000.00","$1,000.00",$0.00,$992.23,,,$0.00,$7.77,$0.00,$0.00
Alexandros Orestis,https://www.mainecampaignfinancedisclosure.com/public/filers/f_01k89h8gcjegf9qpwdjh195cxy,42-Day Post-Primary MCEA Report,https://www.mainecampaignfinancedisclosure.com/public/filers/f_01k89h8gcjegf9qpwdjh195cxy/filings/d_01ky09znree2vtt8q1evtmkae3,,Mcea Campaign Finance,"May 27, 2026 - July 14, 2026",,,,$877.68,"$11,575.00",$0.00,$340.01,"$11,037.33",$0.00,
Alexandros Orestis,https://www.mainecampaignfinancedisclosure.com/public/filers/f_01k89h8gcjegf9qpwdjh195cxy,11-Day Pre-Primary MCEA Report,https://www.mainecampaignfinancedisclosure.com/public/filers/f_01k89h8gcjegf9qpwdjh195cxy/filings/d_01ksk7fmcqf97rw64whgd1rsxw,,Mcea Campaign Finance,"April 15, 2026 - May 26, 2026",,,,$334.99,$673.34,$0.00,$1.66,$340.01,$0.00,
Alexandros Orestis,https://www.mainecampaignfinancedisclosure.com/public/filers/f_01k89h8gcjegf9qpwdjh195cxy,2026 Seed Money Report - Legislative (7-Day Extension),https://www.mainecampaignfinancedisclosure.com/public/filers/f_01k89h8gcjegf9qpwdjh195cxy/filings/d_01kp67ygjwfka9zgxxjyccn47n,,Mcea Seed Money,"January 01, 2026 - April 14, 2026",$100.00,$0.00,$100.00,$656.34,,,$658.00,$1.66,$0.00,$0.00
Alexandros Orestis,https://www.mainecampaignfinancedisclosure.com/public/filers/f_01k89h8gcjegf9qpwdjh195cxy,2026 January Semiannual Report,https://www.mainecampaignfinancedisclosure.com/public/filers/f_01k89h8gcjegf9qpwdjh195cxy/filings/d_01kf4f3w4qe2jtscj5thgn3r1a,,Campaign Finance,"August 14, 2025 - December 31, 2025",$900.00,$800.00,$100.00,$142.00,,,$0.00,$658.00,$15.44,$0.00
Vaughn J Mclaughlin,https://www.mainecampaignfinancedisclosure.com/public/filers/f_01k89h8gcjegf9qpwdhtvjtpxz,42-Day Post-Primary MCEA Report,https://www.mainecampaignfinancedisclosure.com/public/filers/f_01k89h8gcjegf9qpwdhtvjtpxz/filings/d_01ky136dtvfzxacc4bc6p4ybmw,,Mcea Campaign Finance,"May 27, 2026 - July 14, 2026",,,,$0.00,"$26,500.00",$0.00,"$2,460.11","$28,960.91",$0.00,
Vaughn J Mclaughlin,https://www.mainecampaignfinancedisclosure.com/public/filers/f_01k89h8gcjegf9qpwdhtvjtpxz,11-Day Pre-Primary MCEA Report,https://www.mainecampaignfinancedisclosure.com/public/filers/f_01k89h8gcjegf9qpwdhtvjtpxz/filings/d_01ksv07840f7er915v1t0jxyeh,,Mcea Campaign Finance,"April 21, 2026 - May 26, 2026",,,,$189.89,"$2,591.00",$0.00,$59.00,"$2,460.11",$0.00,
Vaughn J Mclaughlin,https://www.mainecampaignfinancedisclosure.com/public/filers/f_01k89h8gcjegf9qpwdhtvjtpxz,2026 Seed Money Report - Legislative,https://www.mainecampaignfinancedisclosure.com/public/filers/f_01k89h8gcjegf9qpwdhtvjtpxz/filings/d_01kpptjbqpe5793yh0wae9fdhr,,Mcea Seed Money,"Unbounded - April 20, 2026","$1,634.00","$1,634.00",$0.00,"$1,575.00",,,$0.00,$59.00,$0.00,$0.00
Edwin M. Mitchell,https://www.mainecampaignfinancedisclosure.com/public/filers/f_01kf4eat87emk8zw7zt07ztc0j,2025 Annual Personal Financial Disclosure,https://www.mainecampaignfinancedisclosure.com/public/filers/f_01kf4eat87emk8zw7zt07ztc0j/filings/d_01ky36tt11etvaazbx7y7aac1e,,Financial Disclosure,"January 01, 2025 - December 31, 2025",,,,,,,,,,
Edwin M. Mitchell,https://www.mainecampaignfinancedisclosure.com/public/filers/f_01kf4eat87emk8zw7zt07ztc0j,42-Day Post-Primary MCEA Report,https://www.mainecampaignfinancedisclosure.com/public/filers/f_01kf4eat87emk8zw7zt07ztc0j/filings/d_01ky35tymje7wrbcv312pezh6r,,Mcea Campaign Finance,"May 27, 2026 - July 14, 2026",,,,"$1,625.23","$26,500.00",$0.00,"$2,650.00","$27,524.77",$0.00,
Edwin M. Mitchell,https://www.mainecampaignfinancedisclosure.com/public/filers/f_01kf4eat87emk8zw7zt07ztc0j,11-Day Pre-Primary MCEA Report,https://www.mainecampaignfinancedisclosure.com/public/filers/f_01kf4eat87emk8zw7zt07ztc0j/filings/d_01kstv0078edpt37yz2pwz2nxk,,Mcea Campaign Finance,"April 15, 2026 - May 26, 2026",,,,$0.00,"$1,943.18",$0.00,$706.82,"$2,650.00",$0.00,
Edwin M. Mitchell,https://www.mainecampaignfinancedisclosure.com/public/filers/f_01kf4eat87emk8zw7zt07ztc0j,2026 Seed Money Report - Legislative,https://www.mainecampaignfinancedisclosure.com/public/filers/f_01kf4eat87emk8zw7zt07ztc0j/filings/d_01kp690jsaffx9may4kbqx3eaq,,Mcea Seed Money,"Unbounded - April 14, 2026","$3,000.00","$3,000.00",$0.00,"$2,293.18",,,$0.00,$706.82,$0.00,$0.00
Randall Adam Greenwood,https://www.mainecampaignfinancedisclosure.com/public/filers/f_01kf4eat87emk8zw7zvbb3aaqe,42-Day Post-Primary MCEA Report,https://www.mainecampaignfinancedisclosure.com/public/filers/f_01kf4eat87emk8zw7zvbb3aaqe/filings/d_01ky253w88eydvwpsgmvfzfjv7,,Mcea Campaign Finance,"May 27, 2026 - July 14, 2026",,,,$318.11,"$9,925.00",$0.00,$675.00,"$10,281.89",$0.00,
Randall Adam Greenwood,https://www.mainecampaignfinancedisclosure.com/public/filers/f_01kf4eat87emk8zw7zvbb3aaqe,11-Day Pre-Primary MCEA Report,https://www.mainecampaignfinancedisclosure.com/public/filers/f_01kf4eat87emk8zw7zvbb3aaqe/filings/d_01kstpqzt9e2jswftk0bbkaa4k,,Mcea Campaign Finance,"April 20, 2026 - May 26, 2026",,,,$0.00,$675.00,$0.00,$0.00,$675.00,$0.00,
Randall Adam Greenwood,https://www.mainecampaignfinancedisclosure.com/public/filers/f_01kf4eat87emk8zw7zvbb3aaqe,2026 Seed Money Report - Legislative,https://www.mainecampaignfinancedisclosure.com/public/filers/f_01kf4eat87emk8zw7zvbb3aaqe/filings/d_01kpm6zxahevgsmr201tzg10g8,,Mcea Seed Money,"Unbounded - April 19, 2026",$0.00,$0.00,$0.00,$0.00,,,$0.00,$0.00,$0.00,$0.00
Louis Samuel Pfeifle,https://www.mainecampaignfinancedisclosure.com/public/filers/f_01kf4eat87emk8zw7zw65qdny7,2025 Annual Personal Financial Disclosure,https://www.mainecampaignfinancedisclosure.com/public/filers/f_01kf4eat87emk8zw7zw65qdny7/filings/d_01kymmmc8aedwbabgqzx6wk57r,,Financial Disclosure,"January 01, 2025 - December 31, 2025",,,,,,,,,,
Louis Samuel Pfeifle,https://www.mainecampaignfinancedisclosure.com/public/filers/f_01kf4eat87emk8zw7zw65qdny7,42-Day Post-Primary MCEA Report,https://www.mainecampaignfinancedisclosure.com/public/filers/f_01kf4eat87emk8zw7zw65qdny7/filings/d_01ky3jnh7ke6r897ykpjwywz2d,,Mcea Campaign Finance,"May 27, 2026 - July 14, 2026",,,,$616.00,"$9,925.00",$0.00,$670.00,"$9,979.00",$0.00,
Louis Samuel Pfeifle,https://www.mainecampaignfinancedisclosure.com/public/filers/f_01kf4eat87emk8zw7zw65qdny7,11-Day Pre-Primary MCEA Report,https://www.mainecampaignfinancedisclosure.com/public/filers/f_01kf4eat87emk8zw7zw65qdny7/filings/d_01kstfny1zf4zvqcf50b5ps6vy,,Mcea Campaign Finance,"April 20, 2026 - May 26, 2026",,,,$5.00,$668.28,$0.00,$6.72,$670.00,$0.00,
Louis Samuel Pfeifle,https://www.mainecampaignfinancedisclosure.com/public/filers/f_01kf4eat87emk8zw7zw65qdny7,2026 Seed Money Report - Legislative,https://www.mainecampaignfinancedisclosure.com/public/filers/f_01kf4eat87emk8zw7zw65qdny7/filings/d_01kp4ghft8eagrjkjb5bm398an,,Mcea Seed Money,"Unbounded - April 19, 2026","$1,000.00",$900.00,$100.00,$893.28,,,$0.00,$6.72,$0.00,$0.00
Karin Orenstein,https://www.mainecampaignfinancedisclosure.com/public/filers/f_01kh52d1pje9sasn3zdh2k5k9z,2025 Annual Personal Financial Disclosure,https://www.mainecampaignfinancedisclosure.com/public/filers/f_01kh52d1pje9sasn3zdh2k5k9z/filings/d_01ky5awq6gfxjvavwrk3mhcnvy,,Financial Disclosure,"January 01, 2025 - December 31, 2025",,,,,,,,,,
Karin Orenstein,https://www.mainecampaignfinancedisclosure.com/public/filers/f_01kh52d1pje9sasn3zdh2k5k9z,42-Day Post-Primary MCEA Report,https://www.mainecampaignfinancedisclosure.com/public/filers/f_01kh52d1pje9sasn3zdh2k5k9z/filings/d_01ky33e85cfz8apggxgw72wczt,,Mcea Campaign Finance,"May 27, 2026 - July 14, 2026",,,,$0.00,"$2,000.00",$0.00,$675.00,"$2,675.00",$0.00,
Karin Orenstein,https://www.mainecampaignfinancedisclosure.com/public/filers/f_01kh52d1pje9sasn3zdh2k5k9z,11-Day Pre-Primary MCEA Report,https://www.mainecampaignfinancedisclosure.com/public/filers/f_01kh52d1pje9sasn3zdh2k5k9z/filings/d_01ks0x0z07emztd1n4qxpx398v,,Mcea Campaign Finance,"April 16, 2026 - May 26, 2026",,,,$0.00,$674.88,$0.00,$0.12,$675.00,$0.00,
Karin Orenstein,https://www.mainecampaignfinancedisclosure.com/public/filers/f_01kh52d1pje9sasn3zdh2k5k9z,2026 Seed Money Report - Extended (7-Day Extension),https://www.mainecampaignfinancedisclosure.com/public/filers/f_01kh52d1pje9sasn3zdh2k5k9z/filings/d_01kp90d709eqjsrh50y3x2189z,,Mcea Seed Money,"Unbounded - April 15, 2026","$1,000.00","$1,000.00",$0.00,$999.88,,,$0.00,$0.12,$0.00,$200.00
Ann Higgins Matlack,https://www.mainecampaignfinancedisclosure.com/public/filers/f_01kd8w6ftve6dak61qabe2se84,42-Day Post-Primary MCEA Report,https://www.mainecampaignfinancedisclosure.com/public/filers/f_01kd8w6ftve6dak61qabe2se84/filings/d_01kx70106rf0sa7bnd264veqwe,,Mcea Campaign Finance,"May 27, 2026 - July 14, 2026",,,,"$2,765.40","$46,375.00",$0.00,"$2,650.00","$46,259.60",$0.00,
Ann Higgins Matlack,https://www.mainecampaignfinancedisclosure.com/public/filers/f_01kd8w6ftve6dak61qabe2se84,11-Day Pre-Primary MCEA Report,https://www.mainecampaignfinancedisclosure.com/public/filers/f_01kd8w6ftve6dak61qabe2se84/filings/d_01ksqr88xnffssthjyv2r4rg4t,,Mcea Campaign Finance,"April 17, 2026 - May 26, 2026",,,,$0.00,"$2,650.00",$0.00,$0.00,"$2,650.00",$0.00,
Ann Higgins Matlack,https://www.mainecampaignfinancedisclosure.com/public/filers/f_01kd8w6ftve6dak61qabe2se84,2026 Seed Money Report - Legislative,https://www.mainecampaignfinancedisclosure.com/public/filers/f_01kd8w6ftve6dak61qabe2se84/filings/d_01kpbdgw9kf6ktrb3dvp4epdv4,,Mcea Seed Money,"Unbounded - April 16, 2026",$0.00,$0.00,$0.00,$0.00,,,$0.00,$0.00,$0.00,$0.00
David Roland Mongeau II,https://www.mainecampaignfinancedisclosure.com/public/filers/f_01kd8w6ftve6dak61q8wmzh7dy,2025 Annual Personal Financial Disclosure,https://www.mainecampaignfinancedisclosure.com/public/filers/f_01kd8w6ftve6dak61q8wmzh7dy/filings/d_01kzqkyzq6frhrvj6j6vraqgm1,,Financial Disclosure,"January 01, 2025 - December 31, 2025",,,,,,,,,,
David Roland Mongeau II,https://www.mainecampaignfinancedisclosure.com/public/filers/f_01kd8w6ftve6dak61q8wmzh7dy,42-Day Post-Primary MCEA Report,https://www.mainecampaignfinancedisclosure.com/public/filers/f_01kd8w6ftve6dak61q8wmzh7dy/filings/d_01ky0ym62kes28f7x9s7a1y811,,Mcea Campaign Finance,"May 27, 2026 - July 14, 2026",,,,$44.00,"$6,624.50",$0.00,$674.50,"$7,255.00",$0.00,
David Roland Mongeau II,https://www.mainecampaignfinancedisclosure.com/public/filers/f_01kd8w6ftve6dak61q8wmzh7dy,11-Day Pre-Primary MCEA Report,https://www.mainecampaignfinancedisclosure.com/public/filers/f_01kd8w6ftve6dak61q8wmzh7dy/filings/d_01ksr63zzre088jdb0f4jxttjg,,Mcea Campaign Finance,"April 30, 2026 - May 26, 2026",,,,$0.00,$616.58,$0.00,$57.92,$674.50,$0.00,
David Roland Mongeau II,https://www.mainecampaignfinancedisclosure.com/public/filers/f_01kd8w6ftve6dak61q8wmzh7dy,2026 Seed Money Report - Legislative (7-Day Extension),https://www.mainecampaignfinancedisclosure.com/public/filers/f_01kd8w6ftve6dak61q8wmzh7dy/filings/d_01ksr6brgmfs59a0vrhvmw8e5g,,Mcea Seed Money,"Unbounded - April 27, 2026","$1,000.98","$1,000.00",$0.00,$943.06,,,$0.00,$57.92,$0.00,$0.00
David Roland Mongeau II,https://www.mainecampaignfinancedisclosure.com/public/filers/f_01kd8w6ftve6dak61q8wmzh7dy,2026 Seed Money Report - Legislative (7-Day Extension),https://www.mainecampaignfinancedisclosure.com/public/filers/f_01kd8w6ftve6dak61q8wmzh7dy/filings/d_01kqcnc737e9xsg96swnm6qrw3,,Mcea Seed Money,"Unbounded - April 27, 2026","$1,000.98","$1,000.00",$0.00,$942.56,,,$0.00,$58.42,$0.00,$0.00
Victoria Porter Kornfield,https://www.mainecampaignfinancedisclosure.com/public/filers/f_01kf4eat87emk8zw807zy2jp5w,2025 Annual Personal Financial Disclosure,https://www.mainecampaignfinancedisclosure.com/public/filers/f_01kf4eat87emk8zw807zy2jp5w/filings/d_01kzp59q2qe0bvdpcp0dppjbvp,,Financial Disclosure,"January 01, 2025 - December 31, 2025",,,,,,,,,,
Victoria Porter Kornfield,https://www.mainecampaignfinancedisclosure.com/public/filers/f_01kf4eat87emk8zw807zy2jp5w,42-Day Post-Primary MCEA Report,https://www.mainecampaignfinancedisclosure.com/public/filers/f_01kf4eat87emk8zw807zy2jp5w/filings/d_01kxe9jm02ejns5a4cx8g9y2h8,,Mcea Campaign Finance,"May 27, 2026 - July 14, 2026",,,,$75.00,"$8,275.00",$0.00,$540.20,"$8,740.20",$0.00,
Victoria Porter Kornfield,https://www.mainecampaignfinancedisclosure.com/public/filers/f_01kf4eat87emk8zw807zy2jp5w,11-Day Pre-Primary MCEA Report,https://www.mainecampaignfinancedisclosure.com/public/filers/f_01kf4eat87emk8zw807zy2jp5w/filings/d_01ksqcd5pwfcfr92qxfv5wzjay,,Mcea Campaign Finance,"April 16, 2026 - May 26, 2026",,,,"$2,784.80",$0.00,$0.00,"$3,325.00",$540.20,$0.00,
Victoria Porter Kornfield,https://www.mainecampaignfinancedisclosure.com/public/filers/f_01kf4eat87emk8zw807zy2jp5w,2026 Seed Money Report - Legislative,https://www.mainecampaignfinancedisclosure.com/public/filers/f_01kf4eat87emk8zw807zy2jp5w/filings/d_01kp8kg30sev9tyzjzyjr2drqt,,Mcea Seed Money,"Unbounded - April 15, 2026",$725.00,$725.00,$0.00,$723.00,,,$0.00,$2.00,$0.00,$25.00
Frank Joseph Casella,https://www.mainecampaignfinancedisclosure.com/public/filers/f_01kf4eat87emk8zw7zy6jmmzc7,42-Day Post-Primary MCEA Report,https://www.mainecampaignfinancedisclosure.com/public/filers/f_01kf4eat87emk8zw7zy6jmmzc7/filings/d_01kxxr1ewke8nt8tgxj09hgrj7,,Mcea Campaign Finance,"May 27, 2026 - July 14, 2026",,,,$11.59,"$6,625.00",$0.00,"$2,007.96","$8,621.37",$0.00,
Frank Joseph Casella,https://www.mainecampaignfinancedisclosure.com/public/filers/f_01kf4eat87emk8zw7zy6jmmzc7,2025 Annual Personal Financial Disclosure,https://www.mainecampaignfinancedisclosure.com/public/filers/f_01kf4eat87emk8zw7zy6jmmzc7/filings/d_01kxxqdc8tfdharmpfef54dvfd,,Financial Disclosure,"January 01, 2025 - December 31, 2025",,,,,,,,,,
Frank Joseph Casella,https://www.mainecampaignfinancedisclosure.com/public/filers/f_01kf4eat87emk8zw7zy6jmmzc7,11-Day Pre-Primary MCEA Report,https://www.mainecampaignfinancedisclosure.com/public/filers/f_01kf4eat87emk8zw7zy6jmmzc7/filings/d_01ksr2k05nefmsyqemw3vrr3p1,,Mcea Campaign Finance,"April 13, 2026 - May 26, 2026",,,,"$1,317.04","$3,325.00",$0.00,$0.00,"$2,007.96",$0.00,
Frank Joseph Casella,https://www.mainecampaignfinancedisclosure.com/public/filers/f_01kf4eat87emk8zw7zy6jmmzc7,2026 Seed Money Report - Legislative,https://www.mainecampaignfinancedisclosure.com/public/filers/f_01kf4eat87emk8zw7zy6jmmzc7/filings/d_01kp1ctdv2ebss4wjyh7en4dqq,,Mcea Seed Money,"Unbounded - April 12, 2026","$1,000.00","$1,000.00",$0.00,"$1,000.00",,,$0.00,$0.00,$0.00,$0.00
Kristine A. Poland,https://www.mainecampaignfinancedisclosure.com/public/filers/f_01kf4eat87emk8zw7zyac045ck,42-Day Post-Primary MCEA Report,https://www.mainecampaignfinancedisclosure.com/public/filers/f_01kf4eat87emk8zw7zyac045ck/filings/d_01kxycrzvtfz3b7qmbt9stgfqf,,Mcea Campaign Finance,"May 27, 2026 - July 14, 2026",,,,$148.70,"$19,825.00",$0.00,$625.00,"$20,301.30",$0.00,
Kristine A. Poland,https://www.mainecampaignfinancedisclosure.com/public/filers/f_01kf4eat87emk8zw7zyac045ck,11-Day Pre-Primary MCEA Report,https://www.mainecampaignfinancedisclosure.com/public/filers/f_01kf4eat87emk8zw7zyac045ck/filings/d_01kst6x9grfpw86rnc0yqwf5jj,,Mcea Campaign Finance,"April 27, 2026 - May 26, 2026",,,,$50.00,$666.95,$0.00,$8.05,$625.00,$0.00,
Kristine A. Poland,https://www.mainecampaignfinancedisclosure.com/public/filers/f_01kf4eat87emk8zw7zyac045ck,2026 Seed Money Report - Legislative (7-Day Extension),https://www.mainecampaignfinancedisclosure.com/public/filers/f_01kf4eat87emk8zw7zyac045ck/filings/d_01kq5ak0a0f2n9syk6k4rnyf60,,Mcea Seed Money,"Unbounded - April 26, 2026","$1,000.00","$1,000.00",$0.00,$991.95,,,$0.00,$8.05,$0.00,$0.00
Kerryl Lee Clement,https://www.mainecampaignfinancedisclosure.com/public/filers/f_01kf4eat87emk8zw7ztxa2qsgj,2025 Annual Personal Financial Disclosure,https://www.mainecampaignfinancedisclosure.com/public/filers/f_01kf4eat87emk8zw7ztxa2qsgj/filings/d_01kxxbshhhegrbnd2hbwab2bn4,,Financial Disclosure,"January 01, 2025 - December 31, 2025",,,,,,,,,,
Kerryl Lee Clement,https://www.mainecampaignfinancedisclosure.com/public/filers/f_01kf4eat87emk8zw7ztxa2qsgj,42-Day Post-Primary MCEA Report,https://www.mainecampaignfinancedisclosure.com/public/filers/f_01kf4eat87emk8zw7ztxa2qsgj/filings/d_01kx3pfkc3f72v73ttwa7d512f,,Mcea Campaign Finance,"May 27, 2026 - July 14, 2026",,,,"$2,324.17","$19,825.00",$0.00,$675.00,"$18,175.83",$0.00,
Kerryl Lee Clement,https://www.mainecampaignfinancedisclosure.com/public/filers/f_01kf4eat87emk8zw7ztxa2qsgj,11-Day Pre-Primary MCEA Report,https://www.mainecampaignfinancedisclosure.com/public/filers/f_01kf4eat87emk8zw7ztxa2qsgj/filings/d_01ks1jxmbgfm29j6b2j9jykwzn,,Mcea Campaign Finance,"April 04, 2026 - May 26, 2026",,,,$0.00,$674.63,$0.00,$0.37,$675.00,$0.00,
Kerryl Lee Clement,https://www.mainecampaignfinancedisclosure.com/public/filers/f_01kf4eat87emk8zw7ztxa2qsgj,2026 Seed Money Report - Legislative,https://www.mainecampaignfinancedisclosure.com/public/filers/f_01kf4eat87emk8zw7ztxa2qsgj/filings/d_01knacb701e7tvhnwxe50g8k4e,,Mcea Seed Money,"Unbounded - April 03, 2026","$1,000.00","$1,000.00",$0.00,$999.63,,,$0.00,$0.37,$0.00,$0.00
John Baldwin,https://www.mainecampaignfinancedisclosure.com/public/filers/f_01kmn2mc8hecpsehgkg0hneymq,42-Day Post-Primary Report,https://www.mainecampaignfinancedisclosure.com/public/filers/f_01kmn2mc8hecpsehgkg0hneymq/filings/d_01kx3rn9msfhy94emn5gnnwp3f,,Campaign Finance,"May 27, 2026 - July 14, 2026",$0.00,$0.00,$0.00,$0.00,,,$0.00,$0.00,$0.00,$0.00
John Baldwin,https://www.mainecampaignfinancedisclosure.com/public/filers/f_01kmn2mc8hecpsehgkg0hneymq,11-Day Pre-Primary Report,https://www.mainecampaignfinancedisclosure.com/public/filers/f_01kmn2mc8hecpsehgkg0hneymq/filings/d_01kx3rja56f36rpefmw7xm7nqj,,Campaign Finance,"April 22, 2026 - May 26, 2026",$0.00,$0.00,$0.00,$0.00,,,$0.00,$0.00,$0.00,$0.00
Katie Brydon,https://www.mainecampaignfinancedisclosure.com/public/filers/f_01khvrhqj1eccv4m244ck7617q,42-Day Post-Primary MCEA Report,https://www.mainecampaignfinancedisclosure.com/public/filers/f_01khvrhqj1eccv4m244ck7617q/filings/d_01ky7thzeke1mvskc1cespnkyk,,Mcea Campaign Finance,"May 27, 2026 - July 14, 2026",,,,"$1,553.95",$0.00,$0.00,"$1,553.95",$0.00,$0.00,
Katie Brydon,https://www.mainecampaignfinancedisclosure.com/public/filers/f_01khvrhqj1eccv4m244ck7617q,11-Day Pre-Primary MCEA Report,https://www.mainecampaignfinancedisclosure.com/public/filers/f_01khvrhqj1eccv4m244ck7617q/filings/d_01ky7thb7af4ktbfjdbgh77z4t,,Mcea Campaign Finance,"April 16, 2026 - May 26, 2026",,,,"$1,771.05","$3,325.00",$0.00,$0.00,"$1,553.95",$0.00,
Katie Brydon,https://www.mainecampaignfinancedisclosure.com/public/filers/f_01khvrhqj1eccv4m244ck7617q,11-Day Pre-Primary MCEA Report,https://www.mainecampaignfinancedisclosure.com/public/filers/f_01khvrhqj1eccv4m244ck7617q/filings/d_01ky7tfbmwfzraqmf7n0jkzgb3,,Mcea Campaign Finance,"April 16, 2026 - May 26, 2026",,,,"$1,771.05","$3,325.00",$0.00,$0.00,"$1,553.95",$0.00,
Katie Brydon,https://www.mainecampaignfinancedisclosure.com/public/filers/f_01khvrhqj1eccv4m244ck7617q,42-Day Post-Primary MCEA Report,https://www.mainecampaignfinancedisclosure.com/public/filers/f_01khvrhqj1eccv4m244ck7617q/filings/d_01kwdmkk38eyst9m8njzezcqnd,,Mcea Campaign Finance,"May 27, 2026 - July 14, 2026",,,,"$1,553.95",$0.00,$0.00,"$1,573.04",$19.09,$0.00,
Katie Brydon,https://www.mainecampaignfinancedisclosure.com/public/filers/f_01khvrhqj1eccv4m244ck7617q,11-Day Pre-Primary MCEA Report,https://www.mainecampaignfinancedisclosure.com/public/filers/f_01khvrhqj1eccv4m244ck7617q/filings/d_01kst5w0r7esj8azc750jzkzwp,,Mcea Campaign Finance,"April 16, 2026 - May 26, 2026",,,,"$1,568.35","$3,325.00",$0.00,$0.00,"$1,756.65",$0.00,
Katie Brydon,https://www.mainecampaignfinancedisclosure.com/public/filers/f_01khvrhqj1eccv4m244ck7617q,2026 Seed Money Report - Extended Deadline,https://www.mainecampaignfinancedisclosure.com/public/filers/f_01khvrhqj1eccv4m244ck7617q/filings/d_01kp9e2y7kerct1f1q949jcn3x,,Mcea Seed Money,"Unbounded - April 15, 2026","$1,000.00","$1,000.00",$0.00,"$1,000.00",,,$0.00,$0.00,$0.00,$0.00
Michael Tipping,https://www.mainecampaignfinancedisclosure.com/public/filers/f_01kd8w6ftve6dak61qc990a1zp,42-Day Post-Primary MCEA Report,https://www.mainecampaignfinancedisclosure.com/public/filers/f_01kd8w6ftve6dak61qc990a1zp/filings/d_01ky0j4dswee8txnbqncgrq88j,,Mcea Campaign Finance,"May 27, 2026 - July 14, 2026",,,,$617.68,"$26,500.00",$0.00,"$1,567.41","$27,449.73",$0.00,
Michael Tipping,https://www.mainecampaignfinancedisclosure.com/public/filers/f_01kd8w6ftve6dak61qc990a1zp,11-Day Pre-Primary MCEA Report,https://www.mainecampaignfinancedisclosure.com/public/filers/f_01kd8w6ftve6dak61qc990a1zp/filings/d_01ksqvjbr1ew3v2n2agg23pj0e,,Mcea Campaign Finance,"April 21, 2026 - May 26, 2026",,,,"$1,082.59","$2,650.00",$0.00,$0.00,"$1,567.41",$0.00,
Michael Tipping,https://www.mainecampaignfinancedisclosure.com/public/filers/f_01kd8w6ftve6dak61qc990a1zp,2026 Seed Money Report - Legislative,https://www.mainecampaignfinancedisclosure.com/public/filers/f_01kd8w6ftve6dak61qc990a1zp/filings/d_01kpp0gev5es59krqs6bjwnzwr,,Mcea Seed Money,"Unbounded - April 17, 2026","$3,000.00","$3,000.00",$0.00,"$3,000.00",,,$0.00,$0.00,$0.00,$700.00
Michael Tipping,https://www.mainecampaignfinancedisclosure.com/public/filers/f_01kd8w6ftve6dak61qc990a1zp,2026 Seed Money Report - Legislative,https://www.mainecampaignfinancedisclosure.com/public/filers/f_01kd8w6ftve6dak61qc990a1zp/filings/d_01kpegv0kmfs2r5eqhj9c6g2f1,,Mcea Seed Money,"Unbounded - April 17, 2026","$3,000.00","$3,000.00",$0.00,"$3,000.00",,,$0.00,$0.00,$0.00,$700.00
Michelle Conners,https://www.mainecampaignfinancedisclosure.com/public/filers/f_01kkfgm7m1e89bcny8jm7afmr8,2025 Annual Personal Financial Disclosure,https://www.mainecampaignfinancedisclosure.com/public/filers/f_01kkfgm7m1e89bcny8jm7afmr8/filings/d_01kxp8bzvzewn9axnvd3ve0cg4,,Financial Disclosure,"January 01, 2025 - December 31, 2025",,,,,,,,,,
Michelle Conners,https://www.mainecampaignfinancedisclosure.com/public/filers/f_01kkfgm7m1e89bcny8jm7afmr8,42-Day Post-Primary Report,https://www.mainecampaignfinancedisclosure.com/public/filers/f_01kkfgm7m1e89bcny8jm7afmr8/filings/d_01kxp8d2a4eeetskqh2g859vxx,,Campaign Finance,"May 27, 2026 - July 14, 2026",$0.00,$0.00,$0.00,$0.00,,,$0.00,$0.00,$0.00,$0.00
Michelle Conners,https://www.mainecampaignfinancedisclosure.com/public/filers/f_01kkfgm7m1e89bcny8jm7afmr8,11-Day Pre-Primary MCEA Report,https://www.mainecampaignfinancedisclosure.com/public/filers/f_01kkfgm7m1e89bcny8jm7afmr8/filings/d_01ksrbfs1aftmbs5w82g5xd8dq,,Mcea Campaign Finance,"January 01, 2026 - May 26, 2026",,,,$0.00,$0.00,$0.00,$0.00,$0.00,$0.00,
Christopher Easton,https://www.mainecampaignfinancedisclosure.com/public/filers/f_01kh540px5fc9t4q0ydv9wpgg3,42-Day Post-Primary MCEA Report,https://www.mainecampaignfinancedisclosure.com/public/filers/f_01kh540px5fc9t4q0ydv9wpgg3/filings/d_01kxkf7d48eahrghrwng8013zw,,Mcea Campaign Finance,"May 27, 2026 - July 14, 2026",,,,"$1,159.11","$19,825.00",$0.00,$675.00,"$19,340.89",$0.00,
Christopher Easton,https://www.mainecampaignfinancedisclosure.com/public/filers/f_01kh540px5fc9t4q0ydv9wpgg3,11-Day Pre-Primary MCEA Report,https://www.mainecampaignfinancedisclosure.com/public/filers/f_01kh540px5fc9t4q0ydv9wpgg3/filings/d_01ksnqbp8cfxa9awdm26jzme5n,,Mcea Campaign Finance,"May 14, 2026 - May 26, 2026",,,,$0.00,$674.92,$0.00,$0.08,$675.00,$0.00,
Christopher Easton,https://www.mainecampaignfinancedisclosure.com/public/filers/f_01kh540px5fc9t4q0ydv9wpgg3,2026 Seed Money Report - Extended Deadline,https://www.mainecampaignfinancedisclosure.com/public/filers/f_01kh540px5fc9t4q0ydv9wpgg3/filings/d_01krbjqdtwfg8re6c7nqtk8ddz,,Mcea Seed Money,"Unbounded - May 13, 2026","$1,000.00","$1,000.00",$0.00,$999.92,,,$0.00,$0.08,$0.00,$0.00
Suzanne Salisbury,https://www.mainecampaignfinancedisclosure.com/public/filers/f_01kh557r74ff9a1be3rvmfrt2y,42-Day Post-Primary MCEA Report,https://www.mainecampaignfinancedisclosure.com/public/filers/f_01kh557r74ff9a1be3rvmfrt2y/filings/d_01ky38jqfzf26tzcf6kxzdq8j3,,Mcea Campaign Finance,"May 27, 2026 - July 14, 2026",,,,$341.78,"$6,625.00",$0.00,$629.37,"$6,912.59",$0.00,
Suzanne Salisbury,https://www.mainecampaignfinancedisclosure.com/public/filers/f_01kh557r74ff9a1be3rvmfrt2y,11-Day Pre-Primary MCEA Report,https://www.mainecampaignfinancedisclosure.com/public/filers/f_01kh557r74ff9a1be3rvmfrt2y/filings/d_01ksntx7waeq7r5hnjd97kpw24,,Mcea Campaign Finance,"May 15, 2026 - May 26, 2026",,,,$45.63,$675.00,$0.00,$0.00,$629.37,$0.00,
Suzanne Salisbury,https://www.mainecampaignfinancedisclosure.com/public/filers/f_01kh557r74ff9a1be3rvmfrt2y,2026 Seed Money Report - Extended Deadline,https://www.mainecampaignfinancedisclosure.com/public/filers/f_01kh557r74ff9a1be3rvmfrt2y/filings/d_01krmdjzpsfrbvec6rbfahqfcc,,Mcea Seed Money,"Unbounded - May 14, 2026",$0.00,$0.00,$0.00,$0.00,,,$0.00,$0.00,$0.00,$0.00
Jennifer Mayher,https://www.mainecampaignfinancedisclosure.com/public/filers/f_01kh53v1afek98sd5cgxn71est,2025 Annual Personal Financial Disclosure,https://www.mainecampaignfinancedisclosure.com/public/filers/f_01kh53v1afek98sd5cgxn71est/filings/d_01kzgwa1wbf2ns1daq17j7rr2c,,Financial Disclosure,"January 01, 2025 - December 31, 2025",,,,,,,,,,
Jennifer Mayher,https://www.mainecampaignfinancedisclosure.com/public/filers/f_01kh53v1afek98sd5cgxn71est,42-Day Post-Primary MCEA Report,https://www.mainecampaignfinancedisclosure.com/public/filers/f_01kh53v1afek98sd5cgxn71est/filings/d_01ky145gxme139hbzxc7b095kk,,Mcea Campaign Finance,"May 27, 2026 - July 14, 2026",,,,"$4,053.01","$18,175.00",$0.00,$650.00,"$14,771.99",$0.00,
Jennifer Mayher,https://www.mainecampaignfinancedisclosure.com/public/filers/f_01kh53v1afek98sd5cgxn71est,11-Day Pre-Primary MCEA Report,https://www.mainecampaignfinancedisclosure.com/public/filers/f_01kh53v1afek98sd5cgxn71est/filings/d_01kstskrqrfrs9e1m094ej5e5s,,Mcea Campaign Finance,"May 14, 2026 - May 26, 2026",,,,$25.00,$663.26,$0.00,$11.74,$650.00,$0.00,
Jennifer Mayher,https://www.mainecampaignfinancedisclosure.com/public/filers/f_01kh53v1afek98sd5cgxn71est,2026 Seed Money Report - Extended Deadline,https://www.mainecampaignfinancedisclosure.com/public/filers/f_01kh53v1afek98sd5cgxn71est/filings/d_01knhz7hdffzeaa7yjpnn8ar99,,Mcea Seed Money,"Unbounded - May 13, 2026","$1,000.00","$1,000.00",$0.00,$988.26,,,$0.00,$11.74,$0.00,$0.00
Taylor West,https://www.mainecampaignfinancedisclosure.com/public/filers/f_01kh52m79ae6sat8n6wxjtpsyq,2025 Annual Personal Financial Disclosure,https://www.mainecampaignfinancedisclosure.com/public/filers/f_01kh52m79ae6sat8n6wxjtpsyq/filings/d_01ky82q4e4faptpbhh3w4dazv9,,Financial Disclosure,"January 01, 2025 - December 31, 2025",,,,,,,,,,
Taylor West,https://www.mainecampaignfinancedisclosure.com/public/filers/f_01kh52m79ae6sat8n6wxjtpsyq,42-Day Post-Primary MCEA Report,https://www.mainecampaignfinancedisclosure.com/public/filers/f_01kh52m79ae6sat8n6wxjtpsyq/filings/d_01ky2scv3xewj9r2cmpycmbee6,,Mcea Campaign Finance,"May 27, 2026 - July 14, 2026",,,,"$2,349.97","$8,275.00",$0.00,$575.83,"$6,500.89",,
Taylor West,https://www.mainecampaignfinancedisclosure.com/public/filers/f_01kh52m79ae6sat8n6wxjtpsyq,42-Day Post-Primary MCEA Report,https://www.mainecampaignfinancedisclosure.com/public/filers/f_01kh52m79ae6sat8n6wxjtpsyq/filings/d_01ky16cpbmfmkr9xb7snkmpc49,,Mcea Campaign Finance,"May 27, 2026 - July 14, 2026",,,,"$2,349.97","$8,275.00",$0.00,$575.83,"$6,500.89",,
Taylor West,https://www.mainecampaignfinancedisclosure.com/public/filers/f_01kh52m79ae6sat8n6wxjtpsyq,11-Day Pre-Primary MCEA Report,https://www.mainecampaignfinancedisclosure.com/public/filers/f_01kh52m79ae6sat8n6wxjtpsyq/filings/d_01ksph21s1f99rjrknc8xvs7j3,,Mcea Campaign Finance,"May 15, 2026 - May 26, 2026",,,,$99.17,$673.01,$0.00,$1.99,$575.83,$650.00,
Taylor West,https://www.mainecampaignfinancedisclosure.com/public/filers/f_01kh52m79ae6sat8n6wxjtpsyq,2026 Seed Money Report - Extended Deadline,https://www.mainecampaignfinancedisclosure.com/public/filers/f_01kh52m79ae6sat8n6wxjtpsyq/filings/d_01krkeqfxbe9s9jb9me9p8behr,,Mcea Seed Money,"Unbounded - May 14, 2026",$945.00,$945.00,$0.00,$943.01,,,$0.00,$1.99,$650.00,$0.00
Taylor West,https://www.mainecampaignfinancedisclosure.com/public/filers/f_01kh52m79ae6sat8n6wxjtpsyq,2026 Seed Money Report - Extended Deadline,https://www.mainecampaignfinancedisclosure.com/public/filers/f_01kh52m79ae6sat8n6wxjtpsyq/filings/d_01kp3hkvd9ew59nqspmdp6a5qz,,Mcea Seed Money,"Unbounded - May 14, 2026",$940.00,$940.00,$0.00,$943.01,,,$0.00,,$650.00,$0.00
Aaron Dana,https://www.mainecampaignfinancedisclosure.com/public/filers/f_01kj8bcwvpfxs9gnx7ds7v5h55,42-Day Post-Primary MCEA Report,https://www.mainecampaignfinancedisclosure.com/public/filers/f_01kj8bcwvpfxs9gnx7ds7v5h55/filings/d_01ky3a0t90e40sd1spth9dansn,,Mcea Campaign Finance,"May 28, 2026 - July 14, 2026",,,,"$1,317.78","$29,063.17",$0.00,$86.83,"$27,832.22",$0.00,
Aaron Dana,https://www.mainecampaignfinancedisclosure.com/public/filers/f_01kj8bcwvpfxs9gnx7ds7v5h55,2025 Annual Personal Financial Disclosure,https://www.mainecampaignfinancedisclosure.com/public/filers/f_01kj8bcwvpfxs9gnx7ds7v5h55/filings/d_01ky0bpa0yedft5yhmfvtfqgsz,,Financial Disclosure,"January 01, 2025 - December 31, 2025",,,,,,,,,,
Aaron Dana,https://www.mainecampaignfinancedisclosure.com/public/filers/f_01kj8bcwvpfxs9gnx7ds7v5h55,2026 Seed Money Report - Extended (7-Day Extension),https://www.mainecampaignfinancedisclosure.com/public/filers/f_01kj8bcwvpfxs9gnx7ds7v5h55/filings/d_01ksk6v2qwfs9ttsy44j5cg15w,,Mcea Seed Money,"Unbounded - May 27, 2026",$950.00,$950.00,$0.00,$863.17,,,$0.00,$86.83,$0.00,$125.00
Nancy McDowell,https://www.mainecampaignfinancedisclosure.com/public/filers/f_01km8ceamnfw98fetr24zx18f2,2025 Annual Personal Financial Disclosure,https://www.mainecampaignfinancedisclosure.com/public/filers/f_01km8ceamnfw98fetr24zx18f2/filings/d_01kxv93b4wefbtvfgwbfamz57c,,Financial Disclosure,"January 01, 2025 - December 31, 2025",,,,,,,,,,
Nancy McDowell,https://www.mainecampaignfinancedisclosure.com/public/filers/f_01km8ceamnfw98fetr24zx18f2,42-Day Post-Primary MCEA Report,https://www.mainecampaignfinancedisclosure.com/public/filers/f_01km8ceamnfw98fetr24zx18f2/filings/d_01ky2hxf80en5r7pfrd00gwgbh,,Mcea Campaign Finance,"May 27, 2026 - July 14, 2026",,,,"$2,400.22","$8,275.00",$0.00,$675.00,"$6,549.78",$0.00,
Nancy McDowell,https://www.mainecampaignfinancedisclosure.com/public/filers/f_01km8ceamnfw98fetr24zx18f2,11-Day Pre-Primary MCEA Report,https://www.mainecampaignfinancedisclosure.com/public/filers/f_01km8ceamnfw98fetr24zx18f2/filings/d_01ksqjv9phfnn849pbb0zt1nby,,Mcea Campaign Finance,"May 21, 2026 - May 26, 2026",,,,$0.00,$671.83,$0.00,$3.17,$675.00,$0.00,
Nancy McDowell,https://www.mainecampaignfinancedisclosure.com/public/filers/f_01km8ceamnfw98fetr24zx18f2,2026 Seed Money Report - Extended Deadline,https://www.mainecampaignfinancedisclosure.com/public/filers/f_01km8ceamnfw98fetr24zx18f2/filings/d_01ks5pdrm3f8qbqjem33p6k59s,,Mcea Seed Money,"Unbounded - May 19, 2026",$975.00,$975.00,$0.00,$971.83,,,$0.00,$3.17,$0.00,$50.00
Nancy McDowell,https://www.mainecampaignfinancedisclosure.com/public/filers/f_01km8ceamnfw98fetr24zx18f2,2026 Seed Money Report - Extended Deadline,https://www.mainecampaignfinancedisclosure.com/public/filers/f_01km8ceamnfw98fetr24zx18f2/filings/d_01ks374576esta0fbts3nsdaxk,,Mcea Seed Money,"Unbounded - May 19, 2026",$975.00,$975.00,$0.00,$971.83,,,$0.00,$3.17,$0.00,$50.00
Nancy McDowell,https://www.mainecampaignfinancedisclosure.com/public/filers/f_01km8ceamnfw98fetr24zx18f2,2026 Seed Money Report - Extended Deadline,https://www.mainecampaignfinancedisclosure.com/public/filers/f_01km8ceamnfw98fetr24zx18f2/filings/d_01ks0hmp8tfa9tc524pn2tpb1x,,Mcea Seed Money,"Unbounded - May 19, 2026",$975.00,$975.00,$0.00,$975.00,,,$0.00,$0.00,$0.00,$50.00
Sally Cluchey,https://www.mainecampaignfinancedisclosure.com/public/filers/f_01kh7m9ke7f8hrvtrvk3q9z0v3,42-Day Post-Primary MCEA Report,https://www.mainecampaignfinancedisclosure.com/public/filers/f_01kh7m9ke7f8hrvtrvk3q9z0v3/filings/d_01ky2bfr4nf53bk5dfsts4v6ty,,Mcea Campaign Finance,"May 27, 2026 - July 14, 2026",,,,$631.18,"$19,825.00",$0.00,$214.38,"$19,408.85",$0.00,
Sally Cluchey,https://www.mainecampaignfinancedisclosure.com/public/filers/f_01kh7m9ke7f8hrvtrvk3q9z0v3,11-Day Pre-Primary MCEA Report,https://www.mainecampaignfinancedisclosure.com/public/filers/f_01kh7m9ke7f8hrvtrvk3q9z0v3/filings/d_01ksrr54kbe5svfgykbs8wgamn,,Mcea Campaign Finance,"April 22, 2026 - May 26, 2026",,,,$460.63,$675.00,$0.00,$0.00,$214.38,$0.00,
Sally Cluchey,https://www.mainecampaignfinancedisclosure.com/public/filers/f_01kh7m9ke7f8hrvtrvk3q9z0v3,2026 Seed Money Report - Extended Deadline,https://www.mainecampaignfinancedisclosure.com/public/filers/f_01kh7m9ke7f8hrvtrvk3q9z0v3/filings/d_01kpre5k3be9ttt2af2h9s73yr,,Mcea Seed Money,"Unbounded - April 20, 2026","$1,000.00","$1,000.00",$0.00,"$1,000.00",,,$0.00,$0.00,$0.00,$0.00
Sally Cluchey,https://www.mainecampaignfinancedisclosure.com/public/filers/f_01kh7m9ke7f8hrvtrvk3q9z0v3,2026 Seed Money Report - Extended Deadline,https://www.mainecampaignfinancedisclosure.com/public/filers/f_01kh7m9ke7f8hrvtrvk3q9z0v3/filings/d_01kpnyber4fadac2nkevhvf9cc,,Mcea Seed Money,"Unbounded - April 20, 2026","$1,000.00","$1,000.00",$0.00,"$1,000.00",,,$0.00,$0.00,$0.00,$0.00
James E Thorne,https://www.mainecampaignfinancedisclosure.com/public/filers/f_01k89h8gcjegf9qpwdky367vgq,42-Day Post-Primary MCEA Report,https://www.mainecampaignfinancedisclosure.com/public/filers/f_01k89h8gcjegf9qpwdky367vgq/filings/d_01kx14mhjpffyrr435a7b4k9wd,,Mcea Campaign Finance,"May 27, 2026 - July 14, 2026",,,,$0.00,"$6,625.00",$0.00,$675.00,"$7,300.00",$0.00,
James E Thorne,https://www.mainecampaignfinancedisclosure.com/public/filers/f_01k89h8gcjegf9qpwdky367vgq,11-Day Pre-Primary MCEA Report,https://www.mainecampaignfinancedisclosure.com/public/filers/f_01k89h8gcjegf9qpwdky367vgq/filings/d_01kt2bgyc1f7bs52mmrz7pztwa,,Mcea Campaign Finance,"April 24, 2026 - May 26, 2026",,,,$0.00,$575.00,$0.00,$100.00,$675.00,$0.00,
James E Thorne,https://www.mainecampaignfinancedisclosure.com/public/filers/f_01k89h8gcjegf9qpwdky367vgq,2026 Seed Money Report - Legislative (7-Day Extension),https://www.mainecampaignfinancedisclosure.com/public/filers/f_01k89h8gcjegf9qpwdky367vgq/filings/d_01kpxgebrvf9hbtjgjp8qttr4c,,Mcea Seed Money,"Unbounded - April 23, 2026",$100.00,$100.00,$0.00,$0.00,,,$0.00,$100.00,$0.00,$0.00
Harold Stewart III,https://www.mainecampaignfinancedisclosure.com/public/filers/f_01kf4eat87emk8zw7zypzq9sdp,42-Day Post-Primary MCEA Report,https://www.mainecampaignfinancedisclosure.com/public/filers/f_01kf4eat87emk8zw7zypzq9sdp/filings/d_01kxkwpc60ee0b4fgj19p85vpa,,Mcea Campaign Finance,"May 27, 2026 - July 14, 2026",,,,$400.00,"$33,125.00",$0.00,"$2,650.00","$35,375.00",$0.00,
Harold Stewart III,https://www.mainecampaignfinancedisclosure.com/public/filers/f_01kf4eat87emk8zw7zypzq9sdp,11-Day Pre-Primary MCEA Report,https://www.mainecampaignfinancedisclosure.com/public/filers/f_01kf4eat87emk8zw7zypzq9sdp/filings/d_01kt28pz7ffkjsz93gdjd7c3b6,,Mcea Campaign Finance,"April 19, 2026 - May 26, 2026",,,,$0.00,"$2,650.00",$0.00,$0.00,"$2,650.00",$0.00,
Harold Stewart III,https://www.mainecampaignfinancedisclosure.com/public/filers/f_01kf4eat87emk8zw7zypzq9sdp,2026 Seed Money Report - Legislative,https://www.mainecampaignfinancedisclosure.com/public/filers/f_01kf4eat87emk8zw7zypzq9sdp/filings/d_01kphc98yhe569xb424j7535tz,,Mcea Seed Money,"Unbounded - April 18, 2026","$2,495.00","$2,495.00",$0.00,"$2,495.00",,,$0.00,$0.00,$0.00,"$2,495.00"
Michael Dixon,https://www.mainecampaignfinancedisclosure.com/public/filers/f_01kh54b61tevxsk81mxvn7kn5r,42-Day Post-Primary MCEA Report,https://www.mainecampaignfinancedisclosure.com/public/filers/f_01kh54b61tevxsk81mxvn7kn5r/filings/d_01ky2eyxfgfrnrnhbn5bk0mr2y,,Mcea Campaign Finance,"May 27, 2026 - July 14, 2026",,,,$442.04,"$11,575.00",$0.00,$206.22,"$11,339.18",$0.00,
Michael Dixon,https://www.mainecampaignfinancedisclosure.com/public/filers/f_01kh54b61tevxsk81mxvn7kn5r,42-Day Post-Primary MCEA Report,https://www.mainecampaignfinancedisclosure.com/public/filers/f_01kh54b61tevxsk81mxvn7kn5r/filings/d_01ky0p1tjgfznsnptr4j5pcjs1,,Mcea Campaign Finance,"May 27, 2026 - July 14, 2026",,,,$200.00,"$11,575.00",$0.00,$206.22,"$11,581.22",$392.04,
Michael Dixon,https://www.mainecampaignfinancedisclosure.com/public/filers/f_01kh54b61tevxsk81mxvn7kn5r,11-Day Pre-Primary MCEA Report,https://www.mainecampaignfinancedisclosure.com/public/filers/f_01kh54b61tevxsk81mxvn7kn5r/filings/d_01kstcx7a9e1db02eaja3g0ssx,,Mcea Campaign Finance,"May 09, 2026 - May 26, 2026",,,,$468.78,$675.00,$0.00,$0.00,$206.22,$392.04,
Michael Dixon,https://www.mainecampaignfinancedisclosure.com/public/filers/f_01kh54b61tevxsk81mxvn7kn5r,2026 Seed Money Report - Extended Deadline,https://www.mainecampaignfinancedisclosure.com/public/filers/f_01kh54b61tevxsk81mxvn7kn5r/filings/d_01kp6c2et3fkebyzspqqpjn1dc,,Mcea Seed Money,"Unbounded - May 08, 2026","$1,000.00","$1,000.00",$0.00,"$1,000.00",,,$0.00,$0.00,$392.04,$0.00
Joschka Winterling,https://www.mainecampaignfinancedisclosure.com/public/filers/f_01kh51rj98e8rrxtx82jgfwax8,42-Day Post-Primary Report,https://www.mainecampaignfinancedisclosure.com/public/filers/f_01kh51rj98e8rrxtx82jgfwax8/filings/d_01ky2sah1fe26asw9gh60tq8qy,,Campaign Finance,"May 27, 2026 - July 14, 2026",$0.00,$0.00,$0.00,$0.00,,,$0.00,$0.00,$0.00,$0.00
Joschka Winterling,https://www.mainecampaignfinancedisclosure.com/public/filers/f_01kh51rj98e8rrxtx82jgfwax8,11-Day Pre-Primary Report,https://www.mainecampaignfinancedisclosure.com/public/filers/f_01kh51rj98e8rrxtx82jgfwax8/filings/d_01kx12jcfged4a0zzs7nsfcytf,,Campaign Finance,"April 22, 2026 - May 26, 2026",$132.27,$132.27,$0.00,$224.84,,,$92.57,$0.00,$0.00,$0.00
Joschka Winterling,https://www.mainecampaignfinancedisclosure.com/public/filers/f_01kh51rj98e8rrxtx82jgfwax8,11-Day Pre-Primary Report,https://www.mainecampaignfinancedisclosure.com/public/filers/f_01kh51rj98e8rrxtx82jgfwax8/filings/d_01kstd74zpekgs3sees35tteyv,,Campaign Finance,"January 01, 2026 - May 26, 2026",$420.00,$420.00,$0.00,$452.27,,,$0.00,,$0.00,$0.00
Maura H Pillsbury,https://www.mainecampaignfinancedisclosure.com/public/filers/f_01kf4eat87emk8zw8058t8vv2j,2025 Annual Personal Financial Disclosure,https://www.mainecampaignfinancedisclosure.com/public/filers/f_01kf4eat87emk8zw8058t8vv2j/filings/d_01kzesc6qse4c8g5jezfydbq8t,,Financial Disclosure,"January 01, 2025 - December 31, 2025",,,,,,,,,,
Maura H Pillsbury,https://www.mainecampaignfinancedisclosure.com/public/filers/f_01kf4eat87emk8zw8058t8vv2j,42-Day Post-Primary MCEA Report,https://www.mainecampaignfinancedisclosure.com/public/filers/f_01kf4eat87emk8zw8058t8vv2j/filings/d_01ky082p3neqpa15jkxtsk8dng,,Mcea Campaign Finance,"May 27, 2026 - July 14, 2026",,,,$409.28,"$6,625.00",$0.00,$659.40,"$6,875.12",$0.00,
Maura H Pillsbury,https://www.mainecampaignfinancedisclosure.com/public/filers/f_01kf4eat87emk8zw8058t8vv2j,11-Day Pre-Primary MCEA Report,https://www.mainecampaignfinancedisclosure.com/public/filers/f_01kf4eat87emk8zw8058t8vv2j/filings/d_01ks3047teea89sfn0t5jf18f4,,Mcea Campaign Finance,"April 22, 2026 - May 26, 2026",,,,$15.60,$672.44,$0.00,$2.56,$659.40,$0.00,
Maura H Pillsbury,https://www.mainecampaignfinancedisclosure.com/public/filers/f_01kf4eat87emk8zw8058t8vv2j,2026 Seed Money Report - Legislative (7-Day Extension),https://www.mainecampaignfinancedisclosure.com/public/filers/f_01kf4eat87emk8zw8058t8vv2j/filings/d_01kpkfnmx7febsekza394vnery,,Mcea Seed Money,"Unbounded - April 21, 2026","$1,000.00","$1,000.00",$0.00,$997.44,,,$0.00,$2.56,$0.00,$0.00
Michael Brayson,https://www.mainecampaignfinancedisclosure.com/public/filers/f_01kkhznfm2f7db6fcen2k3c0ak,2025 Annual Personal Financial Disclosure,https://www.mainecampaignfinancedisclosure.com/public/filers/f_01kkhznfm2f7db6fcen2k3c0ak/filings/d_01kxq1azxve4zt46qhrvkberag,,Financial Disclosure,"January 01, 2025 - December 31, 2025",,,,,,,,,,
Michael Brayson,https://www.mainecampaignfinancedisclosure.com/public/filers/f_01kkhznfm2f7db6fcen2k3c0ak,42-Day Post-Primary Report,https://www.mainecampaignfinancedisclosure.com/public/filers/f_01kkhznfm2f7db6fcen2k3c0ak/filings/d_01kxq132dtezprw23ms2bsbxyq,,Campaign Finance,"May 27, 2026 - July 14, 2026",$0.00,$0.00,$0.00,$0.00,,,$125.80,$125.80,$0.00,$0.00
Michael Brayson,https://www.mainecampaignfinancedisclosure.com/public/filers/f_01kkhznfm2f7db6fcen2k3c0ak,42-Day Post-Primary MCEA Report,https://www.mainecampaignfinancedisclosure.com/public/filers/f_01kkhznfm2f7db6fcen2k3c0ak/filings/d_01kt28qjpyfzjr74drbxdraj3y,,Mcea Campaign Finance,"May 29, 2026 - July 14, 2026",,,,$0.00,$0.00,$0.00,$25.80,$25.80,$0.00,
Michael Brayson,https://www.mainecampaignfinancedisclosure.com/public/filers/f_01kkhznfm2f7db6fcen2k3c0ak,2026 July Semiannual Report,https://www.mainecampaignfinancedisclosure.com/public/filers/f_01kkhznfm2f7db6fcen2k3c0ak/filings/d_01kt28txq5fs98v0zs7v1zczyx,,Campaign Finance,"January 01, 2026 - June 30, 2026",$167.54,$67.54,$0.00,$41.74,,,$0.00,$125.80,$0.00,$25.00
Michael Brayson,https://www.mainecampaignfinancedisclosure.com/public/filers/f_01kkhznfm2f7db6fcen2k3c0ak,11-Day Pre-Primary Report,https://www.mainecampaignfinancedisclosure.com/public/filers/f_01kkhznfm2f7db6fcen2k3c0ak/filings/d_01kszewgkge9rtpwaj82me2adn,,Campaign Finance,"January 01, 2026 - May 26, 2026",$167.54,$67.54,$0.00,$41.74,,,$0.00,$125.80,$0.00,$25.00
James F. Dill,https://www.mainecampaignfinancedisclosure.com/public/filers/f_01kf4eat87emk8zw80155agnc3,42-Day Post-Primary MCEA Report,https://www.mainecampaignfinancedisclosure.com/public/filers/f_01kf4eat87emk8zw80155agnc3/filings/d_01kxrq6d11ekrt4emj09qkg1a4,,Mcea Campaign Finance,"May 27, 2026 - July 14, 2026",,,,$0.00,"$19,825.00",$0.00,$675.00,"$20,500.00",$0.00,
James F. Dill,https://www.mainecampaignfinancedisclosure.com/public/filers/f_01kf4eat87emk8zw80155agnc3,11-Day Pre-Primary MCEA Report,https://www.mainecampaignfinancedisclosure.com/public/filers/f_01kf4eat87emk8zw80155agnc3/filings/d_01kstgtd3cftes0jrprmexj6bc,,Mcea Campaign Finance,"April 02, 2026 - May 26, 2026",,,,$0.00,$675.00,$0.00,$0.00,$675.00,$0.00,
James F. Dill,https://www.mainecampaignfinancedisclosure.com/public/filers/f_01kf4eat87emk8zw80155agnc3,2026 Seed Money Report - Legislative,https://www.mainecampaignfinancedisclosure.com/public/filers/f_01kf4eat87emk8zw80155agnc3/filings/d_01kn54fq3qfjgvv1stzeqa17sg,,Mcea Seed Money,"January 01, 2026 - April 01, 2026",$950.00,$950.00,$0.00,$950.00,,,$0.00,$0.00,$0.00,$0.00
Mana Hared Abdi,https://www.mainecampaignfinancedisclosure.com/public/filers/f_01kf4eat87emk8zw8081x2yahg,42-Day Post-Primary MCEA Report,https://www.mainecampaignfinancedisclosure.com/public/filers/f_01kf4eat87emk8zw8081x2yahg/filings/d_01kz6emczce989vgdagyjt3x06,,Mcea Campaign Finance,"May 27, 2026 - July 14, 2026",,,,"$9,267.06",$0.00,"$1,361.34","$10,628.40",$0.00,$0.00,
Mana Hared Abdi,https://www.mainecampaignfinancedisclosure.com/public/filers/f_01kf4eat87emk8zw8081x2yahg,42-Day Post-Primary MCEA Report,https://www.mainecampaignfinancedisclosure.com/public/filers/f_01kf4eat87emk8zw8081x2yahg/filings/d_01ky0kp2cpe69te3dsjj4eb6hk,,Mcea Campaign Finance,"May 27, 2026 - July 14, 2026",,,,"$9,267.06",$0.00,$0.00,"$10,628.40","$1,361.34",$0.00,
Mana Hared Abdi,https://www.mainecampaignfinancedisclosure.com/public/filers/f_01kf4eat87emk8zw8081x2yahg,2026 Seed Money Report - Legislative (7-Day Extension),https://www.mainecampaignfinancedisclosure.com/public/filers/f_01kf4eat87emk8zw8081x2yahg/filings/d_01ky2yb1d2em58vnvmww8dag3m,,Mcea Seed Money,"Unbounded - May 12, 2026","$3,000.00","$3,000.00",$0.00,"$3,000.00",,,$0.00,$0.00,"$6,005.74",$645.00
Mana Hared Abdi,https://www.mainecampaignfinancedisclosure.com/public/filers/f_01kf4eat87emk8zw8081x2yahg,11-Day Pre-Primary MCEA Report,https://www.mainecampaignfinancedisclosure.com/public/filers/f_01kf4eat87emk8zw8081x2yahg/filings/d_01ksmvgt9xffgtevrmrygy5hxj,,Mcea Campaign Finance,"May 13, 2026 - May 26, 2026",,,,"$2,621.60","$13,250.00",$0.00,$0.00,"$10,628.40","$6,013.74",
Mana Hared Abdi,https://www.mainecampaignfinancedisclosure.com/public/filers/f_01kf4eat87emk8zw8081x2yahg,2026 Seed Money Report - Legislative (7-Day Extension),https://www.mainecampaignfinancedisclosure.com/public/filers/f_01kf4eat87emk8zw8081x2yahg/filings/d_01kqd6vrhjfq28x7cn02x5n2th,,Mcea Seed Money,"Unbounded - May 12, 2026","$3,000.00","$3,000.00",$0.00,"$3,000.00",,,$0.00,$0.00,"$6,013.74",$645.00
David Sinclair,https://www.mainecampaignfinancedisclosure.com/public/filers/f_01kh7q2ysefn8tvdxq131wrxr4,42-Day Post-Primary Report,https://www.mainecampaignfinancedisclosure.com/public/filers/f_01kh7q2ysefn8tvdxq131wrxr4/filings/d_01kxyf8dgde5vvngkcfwbg1qzm,,Campaign Finance,"May 27, 2026 - July 14, 2026",$0.00,$0.00,$0.00,$0.00,,,$0.00,$0.00,$0.00,$0.00
David Sinclair,https://www.mainecampaignfinancedisclosure.com/public/filers/f_01kh7q2ysefn8tvdxq131wrxr4,11-Day Pre-Primary Report,https://www.mainecampaignfinancedisclosure.com/public/filers/f_01kh7q2ysefn8tvdxq131wrxr4/filings/d_01kstczy57f0vr3dj9ez5a0v8q,,Campaign Finance,"January 01, 2026 - May 26, 2026",$0.00,$0.00,$0.00,$0.00,,,$0.00,$0.00,$0.00,$0.00
Stephen Carey,https://www.mainecampaignfinancedisclosure.com/public/filers/f_01km0zn7n3fvdb6wk90pgx7d24,42-Day Post-Primary MCEA Report,https://www.mainecampaignfinancedisclosure.com/public/filers/f_01km0zn7n3fvdb6wk90pgx7d24/filings/d_01ky0nsc9ee2293bm15n8v4f5w,,Mcea Campaign Finance,"May 27, 2026 - July 14, 2026",,,,"$5,946.98","$33,125.00",$0.00,"$2,650.00","$29,828.02",$0.00,
Stephen Carey,https://www.mainecampaignfinancedisclosure.com/public/filers/f_01km0zn7n3fvdb6wk90pgx7d24,11-Day Pre-Primary MCEA Report,https://www.mainecampaignfinancedisclosure.com/public/filers/f_01km0zn7n3fvdb6wk90pgx7d24/filings/d_01kst81bggf5282ascpcs7q4ee,,Mcea Campaign Finance,"May 20, 2026 - May 26, 2026",,,,$0.00,"$2,625.19",$0.00,$24.81,"$2,650.00",$0.00,
Stephen Carey,https://www.mainecampaignfinancedisclosure.com/public/filers/f_01km0zn7n3fvdb6wk90pgx7d24,2026 Seed Money Report - Extended Deadline,https://www.mainecampaignfinancedisclosure.com/public/filers/f_01km0zn7n3fvdb6wk90pgx7d24/filings/d_01knq0szcxekmtyjz98rz5t95d,,Mcea Seed Money,"Unbounded - May 19, 2026","$3,000.00","$3,000.00",$0.00,"$2,975.19",,,$0.00,$24.81,$0.00,$0.00
Holly Rae Eaton,https://www.mainecampaignfinancedisclosure.com/public/filers/f_01khxwqn84ftjrbcqrt8e81zgn,42-Day Post-Primary MCEA Report,https://www.mainecampaignfinancedisclosure.com/public/filers/f_01khxwqn84ftjrbcqrt8e81zgn/filings/d_01kxzzmhj3f9nvr9fkc952a5tt,,Mcea Campaign Finance,"May 27, 2026 - July 14, 2026",,,,$320.62,"$6,625.00",$0.00,$675.00,"$6,979.38",$0.00,
Holly Rae Eaton,https://www.mainecampaignfinancedisclosure.com/public/filers/f_01khxwqn84ftjrbcqrt8e81zgn,11-Day Pre-Primary MCEA Report,https://www.mainecampaignfinancedisclosure.com/public/filers/f_01khxwqn84ftjrbcqrt8e81zgn/filings/d_01kstfwnv2f7n8dkz2fqgasay8,,Mcea Campaign Finance,"May 21, 2026 - May 26, 2026",,,,$0.00,$675.00,$0.00,$0.00,$675.00,$0.00,
Holly Rae Eaton,https://www.mainecampaignfinancedisclosure.com/public/filers/f_01khxwqn84ftjrbcqrt8e81zgn,2026 Seed Money Report - Extended Deadline,https://www.mainecampaignfinancedisclosure.com/public/filers/f_01khxwqn84ftjrbcqrt8e81zgn/filings/d_01ks03ex4mfcqv7f8hvc9txhde,,Mcea Seed Money,"Unbounded - May 20, 2026",$530.00,$530.00,$0.00,$530.00,,,$0.00,$0.00,$0.00,$0.00
Peter G. Violette,https://www.mainecampaignfinancedisclosure.com/public/filers/f_01kf4eat87emk8zw7zrnznr7nt,42-Day Post-Primary MCEA Report,https://www.mainecampaignfinancedisclosure.com/public/filers/f_01kf4eat87emk8zw7zrnznr7nt/filings/d_01kxgtgvkpf08am7atzdz2c4rm,,Mcea Campaign Finance,"May 27, 2026 - July 14, 2026",,,,"$4,437.54",$0.00,$9.27,"$4,428.27",,$0.00,
Peter G. Violette,https://www.mainecampaignfinancedisclosure.com/public/filers/f_01kf4eat87emk8zw7zrnznr7nt,42-Day Post-Primary MCEA Report,https://www.mainecampaignfinancedisclosure.com/public/filers/f_01kf4eat87emk8zw7zrnznr7nt/filings/d_01kxemhfc4fm59nzxbhk85m2k3,,Mcea Campaign Finance,"May 27, 2026 - July 14, 2026",,,,"$4,437.54",$0.00,$0.00,"$4,428.27",,$0.00,
Peter G. Violette,https://www.mainecampaignfinancedisclosure.com/public/filers/f_01kf4eat87emk8zw7zrnznr7nt,11-Day Pre-Primary MCEA Report,https://www.mainecampaignfinancedisclosure.com/public/filers/f_01kf4eat87emk8zw7zrnznr7nt/filings/d_01ksmtkgv4fky9mbfw6hpa2jxa,,Mcea Campaign Finance,"April 02, 2026 - May 26, 2026",,,,"$8,821.73","$13,248.45",$0.00,$1.55,"$4,428.27",$0.00,
Peter G. Violette,https://www.mainecampaignfinancedisclosure.com/public/filers/f_01kf4eat87emk8zw7zrnznr7nt,2026 Seed Money Report - Legislative,https://www.mainecampaignfinancedisclosure.com/public/filers/f_01kf4eat87emk8zw7zrnznr7nt/filings/d_01kn4zcgzgfyp9ctfmnwe27ync,,Mcea Seed Money,"January 01, 2026 - April 01, 2026",$0.00,$0.00,$0.00,"$2,509.45",,,"$2,511.00",$1.55,$0.00,$0.00
Peter G. Violette,https://www.mainecampaignfinancedisclosure.com/public/filers/f_01kf4eat87emk8zw7zrnznr7nt,2026 January Semiannual Report,https://www.mainecampaignfinancedisclosure.com/public/filers/f_01kf4eat87emk8zw7zrnznr7nt/filings/d_01kn4z4q8ke4rvdm9e57st7f4g,,Campaign Finance,"December 01, 2025 - December 31, 2025","$3,000.00","$3,000.00",$0.00,$489.00,,,$0.00,"$2,511.00",$0.00,$0.00
Peter G. Violette,https://www.mainecampaignfinancedisclosure.com/public/filers/f_01kf4eat87emk8zw7zrnznr7nt,2026 January Semiannual Report,https://www.mainecampaignfinancedisclosure.com/public/filers/f_01kf4eat87emk8zw7zrnznr7nt/filings/d_01kf4f3w4qe2jtscj5sbkpj6xm,,Campaign Finance,"December 01, 2025 - December 31, 2025","$3,000.00","$3,000.00",$0.00,$489.00,,,$0.00,"$2,511.00",$0.00,$0.00
Michael Sweeny Flanagan,https://www.mainecampaignfinancedisclosure.com/public/filers/f_01kd8w6ftweefsxt0ca582k5bm,42-Day Post-Primary MCEA Report,https://www.mainecampaignfinancedisclosure.com/public/filers/f_01kd8w6ftweefsxt0ca582k5bm/filings/d_01ky3cmmhsecgb72j3bpvbxnw6,,Mcea Campaign Finance,"May 27, 2026 - July 14, 2026",,,,"$1,247.57",$0.00,"$1,036.38","$2,273.95",,$0.00,
Michael Sweeny Flanagan,https://www.mainecampaignfinancedisclosure.com/public/filers/f_01kd8w6ftweefsxt0ca582k5bm,11-Day Pre-Primary MCEA Report,https://www.mainecampaignfinancedisclosure.com/public/filers/f_01kd8w6ftweefsxt0ca582k5bm/filings/d_01kqf59jr5fby89tzx50x6jz0e,,Mcea Campaign Finance,"April 15, 2026 - May 26, 2026",,,,"$1,051.05","$3,324.77",$0.00,$0.23,"$2,273.95",$0.00,
Michael Sweeny Flanagan,https://www.mainecampaignfinancedisclosure.com/public/filers/f_01kd8w6ftweefsxt0ca582k5bm,2026 Seed Money Report - Legislative (7-Day Extension),https://www.mainecampaignfinancedisclosure.com/public/filers/f_01kd8w6ftweefsxt0ca582k5bm/filings/d_01kp6ffh8xfw5artr6a2758f1a,,Mcea Seed Money,"January 01, 2026 - April 14, 2026",$0.00,$0.00,$0.00,$999.77,,,"$1,000.00",$0.23,$0.00,$0.00
Michael Sweeny Flanagan,https://www.mainecampaignfinancedisclosure.com/public/filers/f_01kd8w6ftweefsxt0ca582k5bm,2026 January Semiannual Report,https://www.mainecampaignfinancedisclosure.com/public/filers/f_01kd8w6ftweefsxt0ca582k5bm/filings/d_01kf4f3w4re01aq3f5mqh2akc2,,Campaign Finance,"November 20, 2025 - December 31, 2025","$1,000.00","$1,000.00",$0.00,$0.00,,,$0.00,"$1,000.00",$0.00,$0.00
Irene Gifford,https://www.mainecampaignfinancedisclosure.com/public/filers/f_01kh7mp7mqf88rwddyy03947r8,42-Day Post-Primary MCEA Report,https://www.mainecampaignfinancedisclosure.com/public/filers/f_01kh7mp7mqf88rwddyy03947r8/filings/d_01kxzr3y5xfrnaaf10gbgqa6qv,,Mcea Campaign Finance,"May 27, 2026 - July 14, 2026",,,,"$3,032.41","$6,625.00",$0.00,$38.54,"$3,631.13",$0.00,
Irene Gifford,https://www.mainecampaignfinancedisclosure.com/public/filers/f_01kh7mp7mqf88rwddyy03947r8,11-Day Pre-Primary MCEA Report,https://www.mainecampaignfinancedisclosure.com/public/filers/f_01kh7mp7mqf88rwddyy03947r8/filings/d_01ksk4n704f4wa61rbdnx9fwna,,Mcea Campaign Finance,"April 15, 2026 - May 26, 2026",,,,$636.46,$675.00,$0.00,$0.00,$38.54,$0.00,
Irene Gifford,https://www.mainecampaignfinancedisclosure.com/public/filers/f_01kh7mp7mqf88rwddyy03947r8,2026 Seed Money Report - Extended Deadline,https://www.mainecampaignfinancedisclosure.com/public/filers/f_01kh7mp7mqf88rwddyy03947r8/filings/d_01kp6js2njfrvrzh71x0nm1emr,,Mcea Seed Money,"Unbounded - April 14, 2026",$0.00,$0.00,$0.00,$0.00,,,$0.00,$0.00,$0.00,$0.00
Michele Meyer,https://www.mainecampaignfinancedisclosure.com/public/filers/f_01k89h8gcjegf9qpwdhzv5nqe1,42-Day Post-Primary MCEA Report,https://www.mainecampaignfinancedisclosure.com/public/filers/f_01k89h8gcjegf9qpwdhzv5nqe1/filings/d_01ky2s2ayyeg7r5hncebyfftj2,,Mcea Campaign Finance,"May 27, 2026 - July 14, 2026",,,,"$1,565.80","$72,875.00",$0.00,"$1,037.06","$72,346.26",$0.00,
Michele Meyer,https://www.mainecampaignfinancedisclosure.com/public/filers/f_01k89h8gcjegf9qpwdhzv5nqe1,11-Day Pre-Primary MCEA Report,https://www.mainecampaignfinancedisclosure.com/public/filers/f_01k89h8gcjegf9qpwdhzv5nqe1/filings/d_01kstenhbjet3sxfqybjbh3xns,,Mcea Campaign Finance,"February 14, 2026 - May 26, 2026",,,,"$12,212.94","$13,245.63",$0.00,$4.37,"$1,037.06",$0.00,
Michele Meyer,https://www.mainecampaignfinancedisclosure.com/public/filers/f_01k89h8gcjegf9qpwdhzv5nqe1,2026 Seed Money Report - Legislative,https://www.mainecampaignfinancedisclosure.com/public/filers/f_01k89h8gcjegf9qpwdhzv5nqe1/filings/d_01ksp1g3sge2pbjwmdbypjw8pv,,Mcea Seed Money,"Unbounded - August 11, 2026","$3,000.00","$3,000.00",$0.00,"$2,995.63",,,$0.00,$4.37,$0.00,$0.00
Michele Meyer,https://www.mainecampaignfinancedisclosure.com/public/filers/f_01k89h8gcjegf9qpwdhzv5nqe1,2026 January Semiannual Report,https://www.mainecampaignfinancedisclosure.com/public/filers/f_01k89h8gcjegf9qpwdhzv5nqe1/filings/d_01kf4f3w4re01aq3f5m0n74cv1,,Campaign Finance,"July 07, 2025 - December 31, 2025","$3,000.00","$3,000.00",$0.00,"$1,675.30",,,$0.00,"$1,324.70",$0.00,$0.00
Rebecca Lynn Flood Andrews,https://www.mainecampaignfinancedisclosure.com/public/filers/f_01km30qdyyf4sbpf6bm5qzzrn4,2025 Annual Personal Financial Disclosure,https://www.mainecampaignfinancedisclosure.com/public/filers/f_01km30qdyyf4sbpf6bm5qzzrn4/filings/d_01kz4z8a1nfnkshn9vjm1t74rp,,Financial Disclosure,"January 01, 2025 - December 31, 2025",,,,,,,,,,
Rebecca Lynn Flood Andrews,https://www.mainecampaignfinancedisclosure.com/public/filers/f_01km30qdyyf4sbpf6bm5qzzrn4,42-Day Post-Primary MCEA Report,https://www.mainecampaignfinancedisclosure.com/public/filers/f_01km30qdyyf4sbpf6bm5qzzrn4/filings/d_01kxhj2d3ffv7r8jsm4mky8g98,,Mcea Campaign Finance,"May 27, 2026 - July 14, 2026",,,,$198.27,"$6,625.00",$0.00,$41.72,"$6,468.45",$0.00,
Rebecca Lynn Flood Andrews,https://www.mainecampaignfinancedisclosure.com/public/filers/f_01km30qdyyf4sbpf6bm5qzzrn4,11-Day Pre-Primary MCEA Report,https://www.mainecampaignfinancedisclosure.com/public/filers/f_01km30qdyyf4sbpf6bm5qzzrn4/filings/d_01ks42mzcmeq784dhjvq4f83af,,Mcea Campaign Finance,"May 13, 2026 - May 26, 2026",,,,$633.28,$674.14,$0.00,$0.86,$41.72,$0.00,
Rebecca Lynn Flood Andrews,https://www.mainecampaignfinancedisclosure.com/public/filers/f_01km30qdyyf4sbpf6bm5qzzrn4,2026 Seed Money Report - Extended Deadline,https://www.mainecampaignfinancedisclosure.com/public/filers/f_01km30qdyyf4sbpf6bm5qzzrn4/filings/d_01kre9vtyqfka93m4xc1d5kj7f,,Mcea Seed Money,"Unbounded - May 11, 2026","$1,000.00","$1,000.00",$0.00,$999.14,,,$0.00,$0.86,$532.00,$0.00
Todd Michael Davis,https://www.mainecampaignfinancedisclosure.com/public/filers/f_01kf4eat87emk8zw8061te5wvw,2025 Annual Personal Financial Disclosure,https://www.mainecampaignfinancedisclosure.com/public/filers/f_01kf4eat87emk8zw8061te5wvw/filings/d_01kxtptf42edz98aq8471gzmgf,,Financial Disclosure,"January 01, 2025 - December 31, 2025",,,,,,,,,,
Todd Michael Davis,https://www.mainecampaignfinancedisclosure.com/public/filers/f_01kf4eat87emk8zw8061te5wvw,42-Day Post-Primary MCEA Report,https://www.mainecampaignfinancedisclosure.com/public/filers/f_01kf4eat87emk8zw8061te5wvw/filings/d_01kxprjfmgfsn9cv9245n1j7xj,,Mcea Campaign Finance,"May 27, 2026 - July 14, 2026",,,,$0.00,"$8,275.00",$0.00,$669.43,"$8,944.43",$0.00,
Todd Michael Davis,https://www.mainecampaignfinancedisclosure.com/public/filers/f_01kf4eat87emk8zw8061te5wvw,11-Day Pre-Primary MCEA Report,https://www.mainecampaignfinancedisclosure.com/public/filers/f_01kf4eat87emk8zw8061te5wvw/filings/d_01ksn743pyfe89xsan7xcbmkv5,,Mcea Campaign Finance,"March 18, 2026 - May 26, 2026",,,,$0.00,$669.43,$0.00,$0.00,$669.43,$0.00,
Mark Vigliotta,https://www.mainecampaignfinancedisclosure.com/public/filers/f_01kh7q8034emg9fjvk15q82v6n,42-Day Post-Primary MCEA Report,https://www.mainecampaignfinancedisclosure.com/public/filers/f_01kh7q8034emg9fjvk15q82v6n/filings/d_01ky2rjzkzeqsbz3mgtk97ccq2,,Mcea Campaign Finance,"May 27, 2026 - July 14, 2026",,,,"$2,524.83","$33,125.00",$0.00,$995.52,"$31,595.69","$1,000.00",
Mark Vigliotta,https://www.mainecampaignfinancedisclosure.com/public/filers/f_01kh7q8034emg9fjvk15q82v6n,11-Day Pre-Primary MCEA Report,https://www.mainecampaignfinancedisclosure.com/public/filers/f_01kh7q8034emg9fjvk15q82v6n/filings/d_01kstym8rcf8k8rwnhyxqy5rpg,,Mcea Campaign Finance,"May 14, 2026 - May 26, 2026",,,,"$1,654.48","$2,649.16",$0.00,$0.84,$995.52,$0.00,
Mark Vigliotta,https://www.mainecampaignfinancedisclosure.com/public/filers/f_01kh7q8034emg9fjvk15q82v6n,2026 Seed Money Report - Extended Deadline,https://www.mainecampaignfinancedisclosure.com/public/filers/f_01kh7q8034emg9fjvk15q82v6n/filings/d_01kr3x12raf98t7xq3ahybkx96,,Mcea Seed Money,"Unbounded - May 13, 2026","$2,795.00","$2,795.00",$0.00,"$2,794.16",,,$0.00,$0.84,$554.48,$0.00
Gordon Powell Street,https://www.mainecampaignfinancedisclosure.com/public/filers/f_01kf4eat87emk8zw8095ykjga1,42-Day Post-Primary MCEA Report,https://www.mainecampaignfinancedisclosure.com/public/filers/f_01kf4eat87emk8zw8095ykjga1/filings/d_01ky2ndp34ekvvjwbkw3kv3x7y,,Mcea Campaign Finance,"May 27, 2026 - July 14, 2026",,,,$226.81,"$6,625.00",$0.00,$390.80,"$6,789.00",$0.00,
Gordon Powell Street,https://www.mainecampaignfinancedisclosure.com/public/filers/f_01kf4eat87emk8zw8095ykjga1,42-Day Post-Primary MCEA Report,https://www.mainecampaignfinancedisclosure.com/public/filers/f_01kf4eat87emk8zw8095ykjga1/filings/d_01ky2j292xert95j5npxb1fn0a,,Mcea Campaign Finance,"May 27, 2026 - July 14, 2026",,,,$125.00,"$6,625.00",$0.00,$390.80,"$6,890.81",$0.00,
Gordon Powell Street,https://www.mainecampaignfinancedisclosure.com/public/filers/f_01kf4eat87emk8zw8095ykjga1,11-Day Pre-Primary MCEA Report,https://www.mainecampaignfinancedisclosure.com/public/filers/f_01kf4eat87emk8zw8095ykjga1/filings/d_01ksttathvee0ajzshef1vch6g,,Mcea Campaign Finance,"March 21, 2026 - May 26, 2026",,,,$284.20,$666.95,$0.00,$8.05,$390.80,$0.00,
Gordon Powell Street,https://www.mainecampaignfinancedisclosure.com/public/filers/f_01kf4eat87emk8zw8095ykjga1,2026 Seed Money Report - Legislative,https://www.mainecampaignfinancedisclosure.com/public/filers/f_01kf4eat87emk8zw8095ykjga1/filings/d_01ksp18rsne6b8zn7xygg28cfy,,Mcea Seed Money,"Unbounded - August 11, 2026","$1,000.00","$1,000.00",$0.00,"$1,042.73",,,$0.00,,$0.00,$0.00
Michael Hobart Cunningham II,https://www.mainecampaignfinancedisclosure.com/public/filers/f_01kk9gv56zfmtbj2fycfrhe94f,42-Day Post-Primary MCEA Report,https://www.mainecampaignfinancedisclosure.com/public/filers/f_01kk9gv56zfmtbj2fycfrhe94f/filings/d_01ky3eaxzwezcb4bz7zvwzvcnp,,Mcea Campaign Finance,"May 27, 2026 - July 14, 2026",,,,$0.00,"$8,275.00",$0.00,$675.00,"$8,950.00",$0.00,
Michael Hobart Cunningham II,https://www.mainecampaignfinancedisclosure.com/public/filers/f_01kk9gv56zfmtbj2fycfrhe94f,11-Day Pre-Primary MCEA Report,https://www.mainecampaignfinancedisclosure.com/public/filers/f_01kk9gv56zfmtbj2fycfrhe94f/filings/d_01ks3tkfzrfs1rgbjb09fbdtnp,,Mcea Campaign Finance,"May 16, 2026 - May 26, 2026",,,,$0.00,$675.00,$0.00,$0.00,$675.00,$0.00,
Michael Hobart Cunningham II,https://www.mainecampaignfinancedisclosure.com/public/filers/f_01kk9gv56zfmtbj2fycfrhe94f,2026 Seed Money Report - Extended Deadline,https://www.mainecampaignfinancedisclosure.com/public/filers/f_01kk9gv56zfmtbj2fycfrhe94f/filings/d_01ks0bt0ggfmaajhgrfysfszre,,Mcea Seed Money,"Unbounded - May 15, 2026",$650.00,$650.00,$0.00,$650.00,,,$0.00,$0.00,$0.00,$0.00
Michael Hobart Cunningham II,https://www.mainecampaignfinancedisclosure.com/public/filers/f_01kk9gv56zfmtbj2fycfrhe94f,2026 Seed Money Report - Extended Deadline,https://www.mainecampaignfinancedisclosure.com/public/filers/f_01kk9gv56zfmtbj2fycfrhe94f/filings/d_01krm4skv9ed9ay3vb79j0ebnp,,Mcea Seed Money,"Unbounded - May 15, 2026",$650.00,$650.00,$0.00,$625.00,,,$0.00,$25.00,$0.00,$0.00
John Robert Henkelman III,https://www.mainecampaignfinancedisclosure.com/public/filers/f_01kf4eat87emk8zw7ztqbvn1zh,2025 Annual Personal Financial Disclosure,https://www.mainecampaignfinancedisclosure.com/public/filers/f_01kf4eat87emk8zw7ztqbvn1zh/filings/d_01kytctcdcemqb3r76haapncrm,,Financial Disclosure,"January 01, 2025 - December 31, 2025",,,,,,,,,,
John Robert Henkelman III,https://www.mainecampaignfinancedisclosure.com/public/filers/f_01kf4eat87emk8zw7ztqbvn1zh,42-Day Post-Primary MCEA Report,https://www.mainecampaignfinancedisclosure.com/public/filers/f_01kf4eat87emk8zw7ztqbvn1zh/filings/d_01kx9k51v9fj59fbd1kkn7gqmt,,Mcea Campaign Finance,"May 27, 2026 - July 14, 2026",,,,"$1,253.27","$6,625.00",$0.00,$499.09,"$5,870.82",$0.00,
John Robert Henkelman III,https://www.mainecampaignfinancedisclosure.com/public/filers/f_01kf4eat87emk8zw7ztqbvn1zh,11-Day Pre-Primary MCEA Report,https://www.mainecampaignfinancedisclosure.com/public/filers/f_01kf4eat87emk8zw7ztqbvn1zh/filings/d_01ksr0andzfzdt31yxccj7hdkw,,Mcea Campaign Finance,"April 16, 2026 - May 26, 2026",,,,$175.91,$674.37,$0.00,$0.63,$499.09,$0.00,
John Robert Henkelman III,https://www.mainecampaignfinancedisclosure.com/public/filers/f_01kf4eat87emk8zw7ztqbvn1zh,2026 Seed Money Report - Legislative (7-Day Extension),https://www.mainecampaignfinancedisclosure.com/public/filers/f_01kf4eat87emk8zw7ztqbvn1zh/filings/d_01kp4h7q17fxrs2wf6tdtm7wrb,,Mcea Seed Money,"January 01, 2026 - April 15, 2026",$300.00,$300.00,$0.00,$999.37,,,$700.00,$0.63,$0.00,$0.00
John Robert Henkelman III,https://www.mainecampaignfinancedisclosure.com/public/filers/f_01kf4eat87emk8zw7ztqbvn1zh,2026 January Semiannual Report,https://www.mainecampaignfinancedisclosure.com/public/filers/f_01kf4eat87emk8zw7ztqbvn1zh/filings/d_01kfpfwzmretrv0gajcn6cnnpk,,Campaign Finance,"December 01, 2025 - December 31, 2025",$700.00,$700.00,$0.00,$0.00,,,$0.00,$700.00,$0.00,$0.00
Suzanne R. Andresen,https://www.mainecampaignfinancedisclosure.com/public/filers/f_01kf4eat87emk8zw7zvq8nst9d,2025 Annual Personal Financial Disclosure,https://www.mainecampaignfinancedisclosure.com/public/filers/f_01kf4eat87emk8zw7zvq8nst9d/filings/d_01kz9jamcmftx95nejxs93ktbb,,Financial Disclosure,"January 01, 2025 - December 31, 2025",,,,,,,,,,
Suzanne R. Andresen,https://www.mainecampaignfinancedisclosure.com/public/filers/f_01kf4eat87emk8zw7zvq8nst9d,42-Day Post-Primary MCEA Report,https://www.mainecampaignfinancedisclosure.com/public/filers/f_01kf4eat87emk8zw7zvq8nst9d/filings/d_01kxk5s4r6e6595xnrgsbfzmm0,,Mcea Campaign Finance,"May 27, 2026 - July 14, 2026",,,,"$1,695.16","$6,625.00",$0.00,"$1,698.11","$6,627.95",$0.00,
Suzanne R. Andresen,https://www.mainecampaignfinancedisclosure.com/public/filers/f_01kf4eat87emk8zw7zvq8nst9d,11-Day Pre-Primary MCEA Report,https://www.mainecampaignfinancedisclosure.com/public/filers/f_01kf4eat87emk8zw7zvq8nst9d/filings/d_01kx0vnszwfa3tgww16dbj4193,,Mcea Campaign Finance,"March 11, 2026 - May 26, 2026",,,,"$1,626.89","$3,318.00",$0.00,$7.00,"$1,698.11",$634.00,
Suzanne R. Andresen,https://www.mainecampaignfinancedisclosure.com/public/filers/f_01kf4eat87emk8zw7zvq8nst9d,11-Day Pre-Primary MCEA Report,https://www.mainecampaignfinancedisclosure.com/public/filers/f_01kf4eat87emk8zw7zvq8nst9d/filings/d_01ksj75kzef08t6wt53g8jj5x1,,Mcea Campaign Finance,"March 11, 2026 - May 26, 2026",,,,"$1,626.89","$3,318.00",$0.00,$7.00,"$1,698.11",$634.00,
Suzanne R. Andresen,https://www.mainecampaignfinancedisclosure.com/public/filers/f_01kf4eat87emk8zw7zvq8nst9d,2026 Seed Money Report - Legislative,https://www.mainecampaignfinancedisclosure.com/public/filers/f_01kf4eat87emk8zw7zvq8nst9d/filings/d_01ksp18n65fzcrpvxmtbgfwrf3,,Mcea Seed Money,"Unbounded - August 11, 2026","$1,000.00","$1,000.00",$0.00,"$2,912.31",,,$0.00,,$284.00,$0.00
Sean Mahoney,https://www.mainecampaignfinancedisclosure.com/public/filers/f_01kf4eat87emk8zw7zsxk0cdq4,2025 Annual Personal Financial Disclosure,https://www.mainecampaignfinancedisclosure.com/public/filers/f_01kf4eat87emk8zw7zsxk0cdq4/filings/d_01kzeee9k7ex4a5qcr6m0bs92v,,Financial Disclosure,"January 01, 2025 - December 31, 2025",,,,,,,,,,
Sean Mahoney,https://www.mainecampaignfinancedisclosure.com/public/filers/f_01kf4eat87emk8zw7zsxk0cdq4,42-Day Post-Primary MCEA Report,https://www.mainecampaignfinancedisclosure.com/public/filers/f_01kf4eat87emk8zw7zsxk0cdq4/filings/d_01kx11srwdf9gsrp0p55pazrdh,,Mcea Campaign Finance,"May 27, 2026 - July 14, 2026",,,,$150.34,"$6,625.00",$0.00,$675.00,"$7,149.66",$0.00,
Sean Mahoney,https://www.mainecampaignfinancedisclosure.com/public/filers/f_01kf4eat87emk8zw7zsxk0cdq4,11-Day Pre-Primary MCEA Report,https://www.mainecampaignfinancedisclosure.com/public/filers/f_01kf4eat87emk8zw7zsxk0cdq4/filings/d_01kstnt7spe5c9mjk4b9jc9x94,,Mcea Campaign Finance,"April 18, 2026 - May 26, 2026",,,,$0.00,$675.00,$0.00,$0.00,$675.00,$0.00,
Sean Mahoney,https://www.mainecampaignfinancedisclosure.com/public/filers/f_01kf4eat87emk8zw7zsxk0cdq4,2026 Seed Money Report - Legislative (7-Day Extension),https://www.mainecampaignfinancedisclosure.com/public/filers/f_01kf4eat87emk8zw7zsxk0cdq4/filings/d_01kpe28d6dekkbh8wn980c7p8p,,Mcea Seed Money,"January 01, 2026 - April 17, 2026",$0.00,$0.00,$0.00,"$1,000.00",,,"$1,000.00",$0.00,$0.00,$0.00
Sean Mahoney,https://www.mainecampaignfinancedisclosure.com/public/filers/f_01kf4eat87emk8zw7zsxk0cdq4,2026 January Semiannual Report,https://www.mainecampaignfinancedisclosure.com/public/filers/f_01kf4eat87emk8zw7zsxk0cdq4/filings/d_01kf4f3w4qe2jtscj4zmdk5wep,,Campaign Finance,"December 01, 2025 - December 31, 2025","$1,000.00","$1,000.00",$0.00,$0.00,,,$0.00,"$1,000.00",$0.00,$0.00
Robert Kelly,https://www.mainecampaignfinancedisclosure.com/public/filers/f_01kh53mqm7f5rv5eyxxqv33444,42-Day Post-Primary MCEA Report,https://www.mainecampaignfinancedisclosure.com/public/filers/f_01kh53mqm7f5rv5eyxxqv33444/filings/d_01ky34qetff82svf7as7b5qvzc,,Mcea Campaign Finance,"May 27, 2026 - July 14, 2026",,,,"$1,224.12","$8,275.20",$0.00,$575.00,"$7,626.08",$0.00,
Robert Kelly,https://www.mainecampaignfinancedisclosure.com/public/filers/f_01kh53mqm7f5rv5eyxxqv33444,11-Day Pre-Primary MCEA Report,https://www.mainecampaignfinancedisclosure.com/public/filers/f_01kh53mqm7f5rv5eyxxqv33444/filings/d_01ksqq7mthe8jaf6m0e11wdr32,,Mcea Campaign Finance,"April 30, 2026 - May 26, 2026",,,,$100.00,$674.40,$0.00,$0.60,$575.00,$0.00,
Robert Kelly,https://www.mainecampaignfinancedisclosure.com/public/filers/f_01kh53mqm7f5rv5eyxxqv33444,2026 Seed Money Report - Extended Deadline,https://www.mainecampaignfinancedisclosure.com/public/filers/f_01kh53mqm7f5rv5eyxxqv33444/filings/d_01kqdv2kahefysm5dx2wx5gps1,,Mcea Seed Money,"Unbounded - April 29, 2026","$1,000.00","$1,000.00",$0.00,$999.40,,,$0.00,$0.60,$0.00,$0.00
Nancy Jean Theriault,https://www.mainecampaignfinancedisclosure.com/public/filers/f_01kd8w6ftweefsxt0ca9m9pbxn,2025 Annual Personal Financial Disclosure,https://www.mainecampaignfinancedisclosure.com/public/filers/f_01kd8w6ftweefsxt0ca9m9pbxn/filings/d_01kxrmy2rcfj6vvxzwkjcnbc22,,Financial Disclosure,"January 01, 2025 - December 31, 2025",,,,,,,,,,
Nancy Jean Theriault,https://www.mainecampaignfinancedisclosure.com/public/filers/f_01kd8w6ftweefsxt0ca9m9pbxn,42-Day Post-Primary MCEA Report,https://www.mainecampaignfinancedisclosure.com/public/filers/f_01kd8w6ftweefsxt0ca9m9pbxn/filings/d_01kxr9ytbhe3hthcy4qb2q8svr,,Mcea Campaign Finance,"May 27, 2026 - July 14, 2026",,,,$678.42,"$8,275.00",$0.00,$92.68,"$7,689.26",$0.00,
Nancy Jean Theriault,https://www.mainecampaignfinancedisclosure.com/public/filers/f_01kd8w6ftweefsxt0ca9m9pbxn,11-Day Pre-Primary MCEA Report,https://www.mainecampaignfinancedisclosure.com/public/filers/f_01kd8w6ftweefsxt0ca9m9pbxn/filings/d_01ksr478d6e48szcsbbhr59q58,,Mcea Campaign Finance,"March 26, 2026 - May 26, 2026",,,,"$3,232.32","$3,298.25",$0.00,$26.75,$92.68,$0.00,
Nancy Jean Theriault,https://www.mainecampaignfinancedisclosure.com/public/filers/f_01kd8w6ftweefsxt0ca9m9pbxn,2026 Seed Money Report - Legislative,https://www.mainecampaignfinancedisclosure.com/public/filers/f_01kd8w6ftweefsxt0ca9m9pbxn/filings/d_01ksp18srafkwabr087yt78nyv,,Mcea Seed Money,"Unbounded - August 11, 2026","$1,000.00","$1,000.00",$0.00,"$2,062.12",,,$0.00,,$0.00,$475.00
Trevor Alex Doiron,https://www.mainecampaignfinancedisclosure.com/public/filers/f_01kf4eat87emk8zw7zqryby5fm,2025 Annual Personal Financial Disclosure,https://www.mainecampaignfinancedisclosure.com/public/filers/f_01kf4eat87emk8zw7zqryby5fm/filings/d_01kxrwp2a6e63b4j3r0fpewp3h,,Financial Disclosure,"January 01, 2025 - December 31, 2025",,,,,,,,,,
Trevor Alex Doiron,https://www.mainecampaignfinancedisclosure.com/public/filers/f_01kf4eat87emk8zw7zqryby5fm,42-Day Post-Primary MCEA Report,https://www.mainecampaignfinancedisclosure.com/public/filers/f_01kf4eat87emk8zw7zqryby5fm/filings/d_01kxrh5z11f0k8kwnm52dan5kv,,Mcea Campaign Finance,"May 27, 2026 - July 14, 2026",,,,"$4,326.17","$19,825.00",$0.00,$27.58,"$15,526.41",$0.00,
Trevor Alex Doiron,https://www.mainecampaignfinancedisclosure.com/public/filers/f_01kf4eat87emk8zw7zqryby5fm,11-Day Pre-Primary MCEA Report,https://www.mainecampaignfinancedisclosure.com/public/filers/f_01kf4eat87emk8zw7zqryby5fm/filings/d_01ksq9bcd3fnjacb07nxqfvzgz,,Mcea Campaign Finance,"February 13, 2026 - May 26, 2026",,,,$647.42,$674.71,$0.00,$0.29,$27.58,$0.00,
Trevor Alex Doiron,https://www.mainecampaignfinancedisclosure.com/public/filers/f_01kf4eat87emk8zw7zqryby5fm,11-Day Pre-Primary MCEA Report,https://www.mainecampaignfinancedisclosure.com/public/filers/f_01kf4eat87emk8zw7zqryby5fm/filings/d_01ksn1s975fakry34bt4qeagx5,,Mcea Campaign Finance,"February 13, 2026 - May 26, 2026",,,,$647.42,$674.71,$0.00,$0.29,$27.58,$0.00,
Trevor Alex Doiron,https://www.mainecampaignfinancedisclosure.com/public/filers/f_01kf4eat87emk8zw7zqryby5fm,2026 Seed Money Report - Legislative,https://www.mainecampaignfinancedisclosure.com/public/filers/f_01kf4eat87emk8zw7zqryby5fm/filings/d_01ksp1g1ttex7vnhtc627y51t7,,Mcea Seed Money,"Unbounded - August 11, 2026","$1,000.00","$1,000.00",$0.00,"$1,647.13",,,$0.00,,$0.00,$0.00
Trevor Alex Doiron,https://www.mainecampaignfinancedisclosure.com/public/filers/f_01kf4eat87emk8zw7zqryby5fm,2026 January Semiannual Report,https://www.mainecampaignfinancedisclosure.com/public/filers/f_01kf4eat87emk8zw7zqryby5fm/filings/d_01kf4f3w4re01aq3f60j8cga00,,Campaign Finance,"November 06, 2024 - December 31, 2025","$1,000.00","$1,000.00",$0.00,$259.36,,,$0.00,$740.64,$0.00,$0.00
Kristin Tyra Davis,https://www.mainecampaignfinancedisclosure.com/public/filers/f_01kf4eat87emk8zw8018qdk700,2025 Annual Personal Financial Disclosure,https://www.mainecampaignfinancedisclosure.com/public/filers/f_01kf4eat87emk8zw8018qdk700/filings/d_01kz6mrrv5e7185rxyqj7cyzy0,,Financial Disclosure,"January 01, 2025 - December 31, 2025",,,,,,,,,,
Kristin Tyra Davis,https://www.mainecampaignfinancedisclosure.com/public/filers/f_01kf4eat87emk8zw8018qdk700,42-Day Post-Primary MCEA Report,https://www.mainecampaignfinancedisclosure.com/public/filers/f_01kf4eat87emk8zw8018qdk700/filings/d_01ky2w7y0tf8vt238e2gw2yd4v,,Mcea Campaign Finance,"May 27, 2026 - July 14, 2026",,,,$945.37,"$16,525.00",$0.00,$313.35,"$15,892.98",$0.00,
Kristin Tyra Davis,https://www.mainecampaignfinancedisclosure.com/public/filers/f_01kf4eat87emk8zw8018qdk700,11-Day Pre-Primary MCEA Report,https://www.mainecampaignfinancedisclosure.com/public/filers/f_01kf4eat87emk8zw8018qdk700/filings/d_01ksszxh36e45r1e9sbf3xffny,,Mcea Campaign Finance,"April 17, 2026 - May 26, 2026",,,,$361.65,$675.00,$0.00,$0.00,$313.35,$0.00,
Kristin Tyra Davis,https://www.mainecampaignfinancedisclosure.com/public/filers/f_01kf4eat87emk8zw8018qdk700,2026 Seed Money Report - Legislative,https://www.mainecampaignfinancedisclosure.com/public/filers/f_01kf4eat87emk8zw8018qdk700/filings/d_01kpc8cb3aewq8qzcp7aawam37,,Mcea Seed Money,"Unbounded - April 16, 2026","$1,000.00","$1,000.00",$0.00,"$1,000.00",,,$0.00,$0.00,$0.00,$0.00
Holly Taylor Sargent,https://www.mainecampaignfinancedisclosure.com/public/filers/f_01kf4eat87emk8zw7zy0j60956,42-Day Post-Primary MCEA Report,https://www.mainecampaignfinancedisclosure.com/public/filers/f_01kf4eat87emk8zw7zy0j60956/filings/d_01kxy0zyqef8n9s109txcdr9y7,,Mcea Campaign Finance,"May 27, 2026 - July 14, 2026",,,,$0.00,"$2,000.00",$0.00,$675.00,"$2,675.00",$0.00,
Holly Taylor Sargent,https://www.mainecampaignfinancedisclosure.com/public/filers/f_01kf4eat87emk8zw7zy0j60956,11-Day Pre-Primary MCEA Report,https://www.mainecampaignfinancedisclosure.com/public/filers/f_01kf4eat87emk8zw7zy0j60956/filings/d_01kst6bnm2ff4bfg08528ybjbc,,Mcea Campaign Finance,"April 17, 2026 - May 26, 2026",,,,$0.00,$665.37,$0.00,$9.63,$675.00,$0.00,
Holly Taylor Sargent,https://www.mainecampaignfinancedisclosure.com/public/filers/f_01kf4eat87emk8zw7zy0j60956,2026 Seed Money Report - Legislative,https://www.mainecampaignfinancedisclosure.com/public/filers/f_01kf4eat87emk8zw7zy0j60956/filings/d_01kp6n0nr9ep3a9keaqwrb9cw6,,Mcea Seed Money,"Unbounded - April 16, 2026",$900.00,$900.00,$0.00,$890.37,,,$0.00,$9.63,$0.00,$0.00
Valli D. Geiger,https://www.mainecampaignfinancedisclosure.com/public/filers/f_01kf4eat87emk8zw8071c1k83d,42-Day Post-Primary MCEA Report,https://www.mainecampaignfinancedisclosure.com/public/filers/f_01kf4eat87emk8zw8071c1k83d/filings/d_01kxnxwmhxffa8bgxc1mzpdnaj,,Mcea Campaign Finance,"May 27, 2026 - July 14, 2026",,,,$204.45,"$8,275.00",$0.00,$675.00,"$8,745.55",$0.00,
Valli D. Geiger,https://www.mainecampaignfinancedisclosure.com/public/filers/f_01kf4eat87emk8zw8071c1k83d,11-Day Pre-Primary MCEA Report,https://www.mainecampaignfinancedisclosure.com/public/filers/f_01kf4eat87emk8zw8071c1k83d/filings/d_01ksq9f43dftct173bd3rtcwcs,,Mcea Campaign Finance,"April 19, 2026 - May 26, 2026",,,,$0.00,$675.00,$0.00,$0.00,$675.00,$0.00,
Valli D. Geiger,https://www.mainecampaignfinancedisclosure.com/public/filers/f_01kf4eat87emk8zw8071c1k83d,2026 Seed Money Report - Legislative,https://www.mainecampaignfinancedisclosure.com/public/filers/f_01kf4eat87emk8zw8071c1k83d/filings/d_01kpgb049zfd3t62r6myh8phs9,,Mcea Seed Money,"Unbounded - April 18, 2026",$0.00,$0.00,$0.00,$0.00,,,$0.00,$0.00,$0.00,$0.00
Wayne K. Farrin,https://www.mainecampaignfinancedisclosure.com/public/filers/f_01kf4eat87emk8zw7zyzn2skex,42-Day Post-Primary MCEA Report,https://www.mainecampaignfinancedisclosure.com/public/filers/f_01kf4eat87emk8zw7zyzn2skex/filings/d_01ky3hnbszfvtbpgqajgsfgeqq,,Mcea Campaign Finance,"May 27, 2026 - July 14, 2026",,,,$0.00,"$6,625.00",$0.00,$571.61,"$7,196.61",$0.00,
Wayne K. Farrin,https://www.mainecampaignfinancedisclosure.com/public/filers/f_01kf4eat87emk8zw7zyzn2skex,11-Day Pre-Primary MCEA Report,https://www.mainecampaignfinancedisclosure.com/public/filers/f_01kf4eat87emk8zw7zyzn2skex/filings/d_01kstmz225en3b3bt7ww8ynwg4,,Mcea Campaign Finance,"April 22, 2026 - May 26, 2026",,,,$103.39,$675.00,$0.00,$0.00,$571.61,$0.00,
Wayne K. Farrin,https://www.mainecampaignfinancedisclosure.com/public/filers/f_01kf4eat87emk8zw7zyzn2skex,2026 Seed Money Report - Legislative (7-Day Extension),https://www.mainecampaignfinancedisclosure.com/public/filers/f_01kf4eat87emk8zw7zyzn2skex/filings/d_01kprv0fk1eaes9nqy62mngbrj,,Mcea Seed Money,"Unbounded - April 21, 2026","$1,000.00","$1,000.00",$0.00,"$1,000.00",,,$0.00,$0.00,$0.00,$0.00
Kimberly M. Haggan,https://www.mainecampaignfinancedisclosure.com/public/filers/f_01kf4eat87emk8zw802wn940m2,42-Day Post-Primary MCEA Report,https://www.mainecampaignfinancedisclosure.com/public/filers/f_01kf4eat87emk8zw802wn940m2/filings/d_01ky0w7c47fs7tsrv7tf8f5tkr,,Mcea Campaign Finance,"May 27, 2026 - July 14, 2026",,,,$400.00,"$9,925.00",$0.00,$675.00,"$10,200.00",$0.00,
Kimberly M. Haggan,https://www.mainecampaignfinancedisclosure.com/public/filers/f_01kf4eat87emk8zw802wn940m2,11-Day Pre-Primary MCEA Report,https://www.mainecampaignfinancedisclosure.com/public/filers/f_01kf4eat87emk8zw802wn940m2/filings/d_01kssywd6cfzx8j8kdcbxzwxga,,Mcea Campaign Finance,"April 28, 2026 - May 26, 2026",,,,$0.00,$675.00,$0.00,$0.00,$675.00,$0.00,
Kimberly M. Haggan,https://www.mainecampaignfinancedisclosure.com/public/filers/f_01kf4eat87emk8zw802wn940m2,2026 Seed Money Report - Legislative (7-Day Extension),https://www.mainecampaignfinancedisclosure.com/public/filers/f_01kf4eat87emk8zw802wn940m2/filings/d_01kq5rn1beerp9ta1anr14kvja,,Mcea Seed Money,"Unbounded - April 26, 2026","$1,000.00","$1,000.00",$0.00,"$1,000.00",,,$0.00,$0.00,$0.00,$0.00
Karen Montell,https://www.mainecampaignfinancedisclosure.com/public/filers/f_01kh7pcetre5crw1e4hexef17e,42-Day Post-Primary MCEA Report,https://www.mainecampaignfinancedisclosure.com/public/filers/f_01kh7pcetre5crw1e4hexef17e/filings/d_01ky0q9xewfbpa2maamtskyts8,,Mcea Campaign Finance,"May 27, 2026 - July 14, 2026",,,,$0.00,"$6,625.00",$0.00,$675.00,"$7,300.00",$0.00,
Karen Montell,https://www.mainecampaignfinancedisclosure.com/public/filers/f_01kh7pcetre5crw1e4hexef17e,11-Day Pre-Primary MCEA Report,https://www.mainecampaignfinancedisclosure.com/public/filers/f_01kh7pcetre5crw1e4hexef17e/filings/d_01ksr5xwqhevradh8wnf2r8w6m,,Mcea Campaign Finance,"May 07, 2026 - May 26, 2026",,,,$0.00,$665.00,$0.00,$10.00,$675.00,$0.00,
Karen Montell,https://www.mainecampaignfinancedisclosure.com/public/filers/f_01kh7pcetre5crw1e4hexef17e,2026 Seed Money Report - Extended Deadline,https://www.mainecampaignfinancedisclosure.com/public/filers/f_01kh7pcetre5crw1e4hexef17e/filings/d_01kqzy1k6tf498gydpb6t865mp,,Mcea Seed Money,"Unbounded - May 06, 2026","$1,000.00","$1,000.00",$0.00,$990.00,,,$0.00,$10.00,$0.00,$0.00
Elizabeth Caruso,https://www.mainecampaignfinancedisclosure.com/public/filers/f_01kd8w6ftweefsxt0camvr8f9j,42-Day Post-Primary MCEA Report,https://www.mainecampaignfinancedisclosure.com/public/filers/f_01kd8w6ftweefsxt0camvr8f9j/filings/d_01ky0pn99gf9tvg0a6b49rfbp1,,Mcea Campaign Finance,"May 27, 2026 - July 14, 2026",,,,"$4,467.36","$26,500.00",$0.00,"$1,984.45","$24,017.09",$0.00,
Elizabeth Caruso,https://www.mainecampaignfinancedisclosure.com/public/filers/f_01kd8w6ftweefsxt0camvr8f9j,11-Day Pre-Primary MCEA Report,https://www.mainecampaignfinancedisclosure.com/public/filers/f_01kd8w6ftweefsxt0camvr8f9j/filings/d_01ksqddg3sf6cte68gw1663cna,,Mcea Campaign Finance,"April 07, 2026 - May 26, 2026",,,,$665.55,"$2,564.00",$0.00,$86.00,"$1,984.45",$0.00,
Elizabeth Caruso,https://www.mainecampaignfinancedisclosure.com/public/filers/f_01kd8w6ftweefsxt0camvr8f9j,2026 Seed Money Report - Legislative,https://www.mainecampaignfinancedisclosure.com/public/filers/f_01kd8w6ftweefsxt0camvr8f9j/filings/d_01kn5dqtyferz8bya07sk66nk9,,Mcea Seed Money,"Unbounded - April 06, 2026",$905.00,$905.00,$0.00,$819.00,,,$0.00,$86.00,$0.00,$105.00
Eryn Soule,https://www.mainecampaignfinancedisclosure.com/public/filers/f_01khyhyj3vexbs3x17f5mcpq2v,42-Day Post-Primary MCEA Report,https://www.mainecampaignfinancedisclosure.com/public/filers/f_01khyhyj3vexbs3x17f5mcpq2v/filings/d_01kxpaqckne6s8058zjkq6pdvw,,Mcea Campaign Finance,"May 27, 2026 - July 14, 2026",,,,$842.00,"$26,500.00",$0.00,"$2,650.00","$28,308.00",$0.00,
Eryn Soule,https://www.mainecampaignfinancedisclosure.com/public/filers/f_01khyhyj3vexbs3x17f5mcpq2v,11-Day Pre-Primary MCEA Report,https://www.mainecampaignfinancedisclosure.com/public/filers/f_01khyhyj3vexbs3x17f5mcpq2v/filings/d_01ks0nmyxfe82rh1hjxh18m9nj,,Mcea Campaign Finance,"May 12, 2026 - May 26, 2026",,,,$0.00,"$2,629.02",$0.00,$20.98,"$2,650.00",$0.00,
Eryn Soule,https://www.mainecampaignfinancedisclosure.com/public/filers/f_01khyhyj3vexbs3x17f5mcpq2v,2026 Seed Money Report - Extended Deadline,https://www.mainecampaignfinancedisclosure.com/public/filers/f_01khyhyj3vexbs3x17f5mcpq2v/filings/d_01krcraag4fh1arjw2y6vk4pzx,,Mcea Seed Money,"Unbounded - May 11, 2026","$2,400.00","$2,400.00",$0.00,"$2,379.02",,,$0.00,$20.98,$0.00,$0.00
David G. Haggan,https://www.mainecampaignfinancedisclosure.com/public/filers/f_01kf4eat87emk8zw80332jnkf9,42-Day Post-Primary MCEA Report,https://www.mainecampaignfinancedisclosure.com/public/filers/f_01kf4eat87emk8zw80332jnkf9/filings/d_01ky0w4ztjfd0rde58vg0jhc5g,,Mcea Campaign Finance,"May 27, 2026 - July 14, 2026",,,,$0.00,"$26,500.00",$0.00,"$2,650.00","$29,150.00",$0.00,
David G. Haggan,https://www.mainecampaignfinancedisclosure.com/public/filers/f_01kf4eat87emk8zw80332jnkf9,11-Day Pre-Primary MCEA Report,https://www.mainecampaignfinancedisclosure.com/public/filers/f_01kf4eat87emk8zw80332jnkf9/filings/d_01kssyp1s4f2hrx3jwnsrhy4qn,,Mcea Campaign Finance,"April 27, 2026 - May 26, 2026",,,,$0.00,"$2,650.00",$0.00,$0.00,"$2,650.00",$0.00,
David G. Haggan,https://www.mainecampaignfinancedisclosure.com/public/filers/f_01kf4eat87emk8zw80332jnkf9,2026 Seed Money Report - Legislative (7-Day Extension),https://www.mainecampaignfinancedisclosure.com/public/filers/f_01kf4eat87emk8zw80332jnkf9/filings/d_01kq5q0ar7fsmba2z6cq8gdsag,,Mcea Seed Money,"Unbounded - April 26, 2026","$3,000.00","$3,000.00",$0.00,"$3,000.00",,,$0.00,$0.00,$0.00,$0.00
John Reny,https://www.mainecampaignfinancedisclosure.com/public/filers/f_01kf4eat87emk8zw7zr1mj9q75,42-Day Post-Primary MCEA Report,https://www.mainecampaignfinancedisclosure.com/public/filers/f_01kf4eat87emk8zw7zr1mj9q75/filings/d_01kze01vdnfycbxfwj4a2r72qj,,Mcea Campaign Finance,"May 27, 2026 - July 14, 2026",,,,"$5,136.64","$19,825.00",$0.00,$219.22,"$14,907.58",$0.00,
John Reny,https://www.mainecampaignfinancedisclosure.com/public/filers/f_01kf4eat87emk8zw7zr1mj9q75,42-Day Post-Primary MCEA Report,https://www.mainecampaignfinancedisclosure.com/public/filers/f_01kf4eat87emk8zw7zr1mj9q75/filings/d_01kxy2asdyfv4rwa3067syjkmg,,Mcea Campaign Finance,"May 27, 2026 - July 14, 2026",,,,"$5,136.64","$19,825.00",$0.00,$219.22,"$14,907.58",$0.00,
John Reny,https://www.mainecampaignfinancedisclosure.com/public/filers/f_01kf4eat87emk8zw7zr1mj9q75,11-Day Pre-Primary MCEA Report,https://www.mainecampaignfinancedisclosure.com/public/filers/f_01kf4eat87emk8zw7zr1mj9q75/filings/d_01ksjt4hz1f3krdp6wjtf68zps,,Mcea Campaign Finance,"February 13, 2026 - May 26, 2026",,,,$705.78,$675.00,$0.00,$750.00,$719.22,$0.00,
John Reny,https://www.mainecampaignfinancedisclosure.com/public/filers/f_01kf4eat87emk8zw7zr1mj9q75,2026 Seed Money Report - Legislative,https://www.mainecampaignfinancedisclosure.com/public/filers/f_01kf4eat87emk8zw7zr1mj9q75/filings/d_01ksp1g4nbebbtms18hka4msjv,,Mcea Seed Money,"January 01, 2026 - August 11, 2026",$0.00,$0.00,$0.00,"$1,455.78",,,"$1,000.00",,$0.00,$0.00
John Reny,https://www.mainecampaignfinancedisclosure.com/public/filers/f_01kf4eat87emk8zw7zr1mj9q75,2026 January Semiannual Report,https://www.mainecampaignfinancedisclosure.com/public/filers/f_01kf4eat87emk8zw7zr1mj9q75/filings/d_01kf4f3w4qe2jtscj5rsd383y2,,Campaign Finance,"November 06, 2024 - December 31, 2025","$1,000.00","$1,000.00",$0.00,$250.00,,,$0.00,$750.00,$0.00,$0.00
Seven Siegel,https://www.mainecampaignfinancedisclosure.com/public/filers/f_01kj8373fketn8bethv06tkj8t,2025 Annual Personal Financial Disclosure,https://www.mainecampaignfinancedisclosure.com/public/filers/f_01kj8373fketn8bethv06tkj8t/filings/d_01ky2ppwxefrrajj15thddqss1,,Financial Disclosure,"January 01, 2025 - December 31, 2025",,,,,,,,,,
Seven Siegel,https://www.mainecampaignfinancedisclosure.com/public/filers/f_01kj8373fketn8bethv06tkj8t,2025 Annual Personal Financial Disclosure,https://www.mainecampaignfinancedisclosure.com/public/filers/f_01kj8373fketn8bethv06tkj8t/filings/d_01ky2n8vzwfmdtts5w0yc7mghq,,Financial Disclosure,"January 01, 2025 - December 31, 2025",,,,,,,,,,
Seven Siegel,https://www.mainecampaignfinancedisclosure.com/public/filers/f_01kj8373fketn8bethv06tkj8t,42-Day Post-Primary MCEA Report,https://www.mainecampaignfinancedisclosure.com/public/filers/f_01kj8373fketn8bethv06tkj8t/filings/d_01ky2mk08sfq7t21bc1nc90wc5,,Mcea Campaign Finance,"May 29, 2026 - July 14, 2026",,,,$60.49,"$7,300.00",$0.00,$0.00,"$7,239.51",$0.00,
Seven Siegel,https://www.mainecampaignfinancedisclosure.com/public/filers/f_01kj8373fketn8bethv06tkj8t,2026 Seed Money Report - Extended (7-Day Extension),https://www.mainecampaignfinancedisclosure.com/public/filers/f_01kj8373fketn8bethv06tkj8t/filings/d_01ksnvg41rf4mr4kscn4zcd7zm,,Mcea Seed Money,"January 01, 2026 - May 28, 2026","$1,000.00","$1,000.00",$0.00,"$1,000.00",,,$0.00,$0.00,$0.00,$120.00
Deane Rykerson,https://www.mainecampaignfinancedisclosure.com/public/filers/f_01kd8w6ftve6dak61qc28b2kj0,42-Day Post-Primary MCEA Report,https://www.mainecampaignfinancedisclosure.com/public/filers/f_01kd8w6ftve6dak61qc28b2kj0/filings/d_01kxgtec63e8vsjqpw6r8wr5kq,,Mcea Campaign Finance,"May 27, 2026 - July 14, 2026",,,,"$1,958.54",$0.00,$88.05,"$2,046.59",$0.00,$0.00,
Deane Rykerson,https://www.mainecampaignfinancedisclosure.com/public/filers/f_01kd8w6ftve6dak61qc28b2kj0,42-Day Post-Primary MCEA Report,https://www.mainecampaignfinancedisclosure.com/public/filers/f_01kd8w6ftve6dak61qc28b2kj0/filings/d_01kwf308gnf04a1vk4d6zaz878,,Mcea Campaign Finance,"May 27, 2026 - July 14, 2026",,,,"$1,958.54",$0.00,$0.00,"$2,046.59",$88.05,$0.00,
Deane Rykerson,https://www.mainecampaignfinancedisclosure.com/public/filers/f_01kd8w6ftve6dak61qc28b2kj0,42-Day Post-Primary MCEA Report,https://www.mainecampaignfinancedisclosure.com/public/filers/f_01kd8w6ftve6dak61qc28b2kj0/filings/d_01kwas7zjxf8ktph9avvmgptt3,,Mcea Campaign Finance,"May 27, 2026 - July 14, 2026",,,,"$2,338.76",$0.00,$0.00,"$2,046.59",,$0.00,
Deane Rykerson,https://www.mainecampaignfinancedisclosure.com/public/filers/f_01kd8w6ftve6dak61qc28b2kj0,11-Day Pre-Primary MCEA Report,https://www.mainecampaignfinancedisclosure.com/public/filers/f_01kd8w6ftve6dak61qc28b2kj0/filings/d_01kt7jdqe3ee8rfny9rv50k818,,Mcea Campaign Finance,"April 07, 2026 - May 26, 2026",,,,"$11,203.41","$13,217.98",$0.00,$32.02,"$2,046.59",$0.00,
Deane Rykerson,https://www.mainecampaignfinancedisclosure.com/public/filers/f_01kd8w6ftve6dak61qc28b2kj0,11-Day Pre-Primary MCEA Report,https://www.mainecampaignfinancedisclosure.com/public/filers/f_01kd8w6ftve6dak61qc28b2kj0/filings/d_01ksqscpbgfjg94c3wzjbtvecs,,Mcea Campaign Finance,"April 07, 2026 - May 26, 2026",,,,"$11,379.45","$13,217.98",$0.00,$32.02,"$1,870.55",$0.00,
Deane Rykerson,https://www.mainecampaignfinancedisclosure.com/public/filers/f_01kd8w6ftve6dak61qc28b2kj0,2026 Seed Money Report - Legislative (7-Day Extension),https://www.mainecampaignfinancedisclosure.com/public/filers/f_01kd8w6ftve6dak61qc28b2kj0/filings/d_01knhs9tqme9f8txhak6mxy2ch,,Mcea Seed Money,"January 01, 2026 - April 06, 2026",$825.00,$825.00,$0.00,"$1,121.28",,,$328.30,$32.02,$0.00,$50.00
Deane Rykerson,https://www.mainecampaignfinancedisclosure.com/public/filers/f_01kd8w6ftve6dak61qc28b2kj0,2026 January Semiannual Report,https://www.mainecampaignfinancedisclosure.com/public/filers/f_01kd8w6ftve6dak61qc28b2kj0/filings/d_01kf4f3w4re01aq3f5kw0kscp4,,Campaign Finance,"October 01, 2025 - December 31, 2025","$2,060.00","$2,060.00",$0.00,"$1,731.70",,,$0.00,$328.30,$0.00,$35.00
Tammy Schmersal-Burgess,https://www.mainecampaignfinancedisclosure.com/public/filers/f_01kf4eat87emk8zw8028a729bm,42-Day Post-Primary MCEA Report,https://www.mainecampaignfinancedisclosure.com/public/filers/f_01kf4eat87emk8zw8028a729bm/filings/d_01ky05hthgfm7se79hxabxf1bj,,Mcea Campaign Finance,"May 27, 2026 - July 14, 2026",,,,"$1,127.82","$9,925.00",$0.00,$618.05,"$9,415.23",$0.00,
Tammy Schmersal-Burgess,https://www.mainecampaignfinancedisclosure.com/public/filers/f_01kf4eat87emk8zw8028a729bm,11-Day Pre-Primary MCEA Report,https://www.mainecampaignfinancedisclosure.com/public/filers/f_01kf4eat87emk8zw8028a729bm/filings/d_01ksaybmecfxerte49s9ajytsr,,Mcea Campaign Finance,"February 25, 2026 - May 26, 2026",,,,$56.95,$675.00,$0.00,$0.00,$618.05,$0.00,
William R Tuell,https://www.mainecampaignfinancedisclosure.com/public/filers/f_01kf4eat87emk8zw7zx37px971,42-Day Post-Primary MCEA Report,https://www.mainecampaignfinancedisclosure.com/public/filers/f_01kf4eat87emk8zw7zx37px971/filings/d_01kxea3f9mfak87a2qv3vkvk1w,,Mcea Campaign Finance,"May 27, 2026 - July 14, 2026",,,,$234.00,"$6,625.00",$0.00,$31.00,"$6,422.00",$0.00,
William R Tuell,https://www.mainecampaignfinancedisclosure.com/public/filers/f_01kf4eat87emk8zw7zx37px971,11-Day Pre-Primary MCEA Report,https://www.mainecampaignfinancedisclosure.com/public/filers/f_01kf4eat87emk8zw7zx37px971/filings/d_01ksqaxvmseajsbz0nm15zfs3d,,Mcea Campaign Finance,"March 04, 2026 - May 26, 2026",,,,"$3,294.00","$3,225.00",$0.00,$100.00,$31.00,$0.00,
William R Tuell,https://www.mainecampaignfinancedisclosure.com/public/filers/f_01kf4eat87emk8zw7zx37px971,2026 Seed Money Report - Legislative,https://www.mainecampaignfinancedisclosure.com/public/filers/f_01kf4eat87emk8zw7zx37px971/filings/d_01ksp18tmmeqmbh9tj8751h1aj,,Mcea Seed Money,"Unbounded - August 11, 2026",$400.00,$400.00,$0.00,"$3,594.00",,,$0.00,,$0.00,$0.00
Marc  Edwards,https://www.mainecampaignfinancedisclosure.com/public/filers/f_01kkyffse0e8fvh0j2vb3ctmmf,42-Day Post-Primary Report,https://www.mainecampaignfinancedisclosure.com/public/filers/f_01kkyffse0e8fvh0j2vb3ctmmf/filings/d_01kzc14jybef9rexpb2m2627xs,,Campaign Finance,"May 27, 2026 - July 14, 2026","$1,100.00","$1,100.00",$0.00,$105.50,,,$380.00,"$1,374.50",$0.00,$0.00
Marc  Edwards,https://www.mainecampaignfinancedisclosure.com/public/filers/f_01kkyffse0e8fvh0j2vb3ctmmf,42-Day Post-Primary Report,https://www.mainecampaignfinancedisclosure.com/public/filers/f_01kkyffse0e8fvh0j2vb3ctmmf/filings/d_01ky3snh3efywsja56d022079y,,Campaign Finance,"May 27, 2026 - July 14, 2026","$1,100.00","$1,100.00",$0.00,$105.50,,,$380.00,"$1,374.50",$0.00,$0.00
Marc  Edwards,https://www.mainecampaignfinancedisclosure.com/public/filers/f_01kkyffse0e8fvh0j2vb3ctmmf,11-Day Pre-Primary MCEA Report,https://www.mainecampaignfinancedisclosure.com/public/filers/f_01kkyffse0e8fvh0j2vb3ctmmf/filings/d_01kstqm1ppfsxay9v3mea7vka2,,Mcea Campaign Finance,"January 01, 2026 - May 26, 2026",,,,$0.00,$0.00,$0.00,$0.00,$0.00,$0.00,
Matthew Channing Townsend,https://www.mainecampaignfinancedisclosure.com/public/filers/f_01kd8w6ftve6dak61q91h3rsxa,42-Day Post-Primary MCEA Report,https://www.mainecampaignfinancedisclosure.com/public/filers/f_01kd8w6ftve6dak61q91h3rsxa/filings/d_01ky0yy4tmfnt8pj016wqe62vk,,Mcea Campaign Finance,"May 27, 2026 - July 14, 2026",,,,$168.47,"$6,625.00",$0.00,$540.32,"$6,996.90",$0.00,
Matthew Channing Townsend,https://www.mainecampaignfinancedisclosure.com/public/filers/f_01kd8w6ftve6dak61q91h3rsxa,11-Day Pre-Primary MCEA Report,https://www.mainecampaignfinancedisclosure.com/public/filers/f_01kd8w6ftve6dak61q91h3rsxa/filings/d_01kstzbnzyfv7s7a8ww1n27j2w,,Mcea Campaign Finance,"April 21, 2026 - May 26, 2026",,,,$134.68,$675.00,$0.00,$0.00,$540.32,$0.00,
Matthew Channing Townsend,https://www.mainecampaignfinancedisclosure.com/public/filers/f_01kd8w6ftve6dak61q91h3rsxa,2026 Seed Money Report - Legislative,https://www.mainecampaignfinancedisclosure.com/public/filers/f_01kd8w6ftve6dak61q91h3rsxa/filings/d_01kpgehm1mfkes1a4h6yvpxd7j,,Mcea Seed Money,"Unbounded - April 20, 2026","$1,000.03","$1,000.00",$0.00,"$1,000.03",,,$0.00,$0.00,$0.00,$0.00
Jonathan Reed Fallon,https://www.mainecampaignfinancedisclosure.com/public/filers/f_01kd8w6ftweefsxt0c9098mrsm,2025 Annual Personal Financial Disclosure,https://www.mainecampaignfinancedisclosure.com/public/filers/f_01kd8w6ftweefsxt0c9098mrsm/filings/d_01kykfmgmxf079q4ns3z9yfxwn,,Financial Disclosure,"January 01, 2025 - December 31, 2025",,,,,,,,,,
Jonathan Reed Fallon,https://www.mainecampaignfinancedisclosure.com/public/filers/f_01kd8w6ftweefsxt0c9098mrsm,42-Day Post-Primary MCEA Report,https://www.mainecampaignfinancedisclosure.com/public/filers/f_01kd8w6ftweefsxt0c9098mrsm/filings/d_01ky2xw2tkf7dr6s6h0n3gm79h,,Mcea Campaign Finance,"May 27, 2026 - July 14, 2026",,,,"$7,035.93","$26,500.00",$0.00,$556.85,"$20,020.92",$0.00,
Jonathan Reed Fallon,https://www.mainecampaignfinancedisclosure.com/public/filers/f_01kd8w6ftweefsxt0c9098mrsm,11-Day Pre-Primary MCEA Report,https://www.mainecampaignfinancedisclosure.com/public/filers/f_01kd8w6ftweefsxt0c9098mrsm/filings/d_01ky2qsa5vfghrsw6pcjk9a0s1,,Mcea Campaign Finance,"April 24, 2026 - May 26, 2026",,,,"$2,093.15","$2,626.69",$0.00,$23.31,$556.85,$0.00,
Jonathan Reed Fallon,https://www.mainecampaignfinancedisclosure.com/public/filers/f_01kd8w6ftweefsxt0c9098mrsm,11-Day Pre-Primary MCEA Report,https://www.mainecampaignfinancedisclosure.com/public/filers/f_01kd8w6ftweefsxt0c9098mrsm/filings/d_01ksn6bycrf3abprm0d6yccm9y,,Mcea Campaign Finance,"April 24, 2026 - May 26, 2026",,,,"$2,093.15","$2,626.69",$0.00,$23.31,$556.85,$0.00,
Jonathan Reed Fallon,https://www.mainecampaignfinancedisclosure.com/public/filers/f_01kd8w6ftweefsxt0c9098mrsm,2026 Seed Money Report - Legislative (7-Day Extension),https://www.mainecampaignfinancedisclosure.com/public/filers/f_01kd8w6ftweefsxt0c9098mrsm/filings/d_01kpr6w7ykeghs07sj87rtx5f1,,Mcea Seed Money,"January 01, 2026 - April 23, 2026",,,$0.00,"$2,932.69",,,"$3,000.00",$23.31,$0.00,$0.00
Jonathan Reed Fallon,https://www.mainecampaignfinancedisclosure.com/public/filers/f_01kd8w6ftweefsxt0c9098mrsm,2026 January Semiannual Report,https://www.mainecampaignfinancedisclosure.com/public/filers/f_01kd8w6ftweefsxt0c9098mrsm/filings/d_01kf4f3w4qe2jtscj5y9t6d39s,,Campaign Finance,"November 01, 2025 - December 31, 2025","$3,044.00","$3,044.00",$0.00,$44.00,,,$0.00,"$3,000.00",$0.00,$0.00
Kati L. McCormick,https://www.mainecampaignfinancedisclosure.com/public/filers/f_01kf4eat85e79st2re6hma16hc,42-Day Post-Primary MCEA Report,https://www.mainecampaignfinancedisclosure.com/public/filers/f_01kf4eat85e79st2re6hma16hc/filings/d_01ky2g6xkhe2ha7bqsd5b3vh3m,,Mcea Campaign Finance,"May 27, 2026 - July 14, 2026",,,,"$1,915.98","$26,500.00",$0.00,$671.78,"$25,255.80",$0.00,
Kati L. McCormick,https://www.mainecampaignfinancedisclosure.com/public/filers/f_01kf4eat85e79st2re6hma16hc,11-Day Pre-Primary MCEA Report,https://www.mainecampaignfinancedisclosure.com/public/filers/f_01kf4eat85e79st2re6hma16hc/filings/d_01ksqvdy41e2q8jbdpafkchtjs,,Mcea Campaign Finance,"April 22, 2026 - May 26, 2026",,,,"$1,978.22","$2,509.35",$0.00,$140.65,$671.78,$0.00,
Kati L. McCormick,https://www.mainecampaignfinancedisclosure.com/public/filers/f_01kf4eat85e79st2re6hma16hc,2026 Seed Money Report - Legislative (7-Day Extension),https://www.mainecampaignfinancedisclosure.com/public/filers/f_01kf4eat85e79st2re6hma16hc/filings/d_01kpq54wxeem2bt3gvx1qamp25,,Mcea Seed Money,"January 01, 2026 - April 21, 2026",$440.00,$440.00,$0.00,"$1,349.35",,,"$1,050.00",$140.65,$0.00,$40.00
Kati L. McCormick,https://www.mainecampaignfinancedisclosure.com/public/filers/f_01kf4eat85e79st2re6hma16hc,2026 January Semiannual Report,https://www.mainecampaignfinancedisclosure.com/public/filers/f_01kf4eat85e79st2re6hma16hc/filings/d_01kf4f3w4qe2jtscj5r17n8f1b,,Campaign Finance,"November 06, 2024 - December 31, 2025","$1,050.00","$1,050.00",$0.00,$0.00,,,$0.00,"$1,050.00",$0.00,$150.00
Amanda Heath,https://www.mainecampaignfinancedisclosure.com/public/filers/f_01kh53e0fcejjbpw9eztbr958y,2025 Annual Personal Financial Disclosure,https://www.mainecampaignfinancedisclosure.com/public/filers/f_01kh53e0fcejjbpw9eztbr958y/filings/d_01ky0x2vehfvws3zmpyckypypa,,Financial Disclosure,"January 01, 2025 - December 31, 2025",,,,,,,,,,
Amanda Heath,https://www.mainecampaignfinancedisclosure.com/public/filers/f_01kh53e0fcejjbpw9eztbr958y,42-Day Post-Primary MCEA Report,https://www.mainecampaignfinancedisclosure.com/public/filers/f_01kh53e0fcejjbpw9eztbr958y/filings/d_01ky0w261ef0b8axcvratdk9tb,,Mcea Campaign Finance,"May 27, 2026 - July 14, 2026",,,,"$1,968.60","$26,500.00",$0.00,"$2,049.07","$26,580.47","$1,000.00",
Amanda Heath,https://www.mainecampaignfinancedisclosure.com/public/filers/f_01kh53e0fcejjbpw9eztbr958y,11-Day Pre-Primary MCEA Report,https://www.mainecampaignfinancedisclosure.com/public/filers/f_01kh53e0fcejjbpw9eztbr958y/filings/d_01kswx6mx0f2xbhdvqe11spq05,,Mcea Campaign Finance,"April 27, 2026 - May 26, 2026",,,,$600.93,"$2,646.05",$0.00,$3.95,"$2,049.07",$0.00,
Amanda Heath,https://www.mainecampaignfinancedisclosure.com/public/filers/f_01kh53e0fcejjbpw9eztbr958y,11-Day Pre-Primary MCEA Report,https://www.mainecampaignfinancedisclosure.com/public/filers/f_01kh53e0fcejjbpw9eztbr958y/filings/d_01ksmd5n66fq7s0sst9h4evm16,,Mcea Campaign Finance,"April 27, 2026 - May 26, 2026",,,,$600.93,"$2,646.05",$0.00,$3.95,"$2,049.07",$0.00,
Amanda Heath,https://www.mainecampaignfinancedisclosure.com/public/filers/f_01kh53e0fcejjbpw9eztbr958y,2026 Seed Money Report - Extended Deadline,https://www.mainecampaignfinancedisclosure.com/public/filers/f_01kh53e0fcejjbpw9eztbr958y/filings/d_01kq5bcbaffxnbpe8j3g2z99at,,Mcea Seed Money,"Unbounded - April 21, 2026","$3,000.00","$3,000.00",$0.00,"$2,996.05",,,$0.00,$3.95,$600.93,$0.00
Scott Craig,https://www.mainecampaignfinancedisclosure.com/public/filers/f_01kjaz7wy5fd6ajftcv6qe8mbx,42-Day Post-Primary MCEA Report,https://www.mainecampaignfinancedisclosure.com/public/filers/f_01kjaz7wy5fd6ajftcv6qe8mbx/filings/d_01kyk0rwkje5mv90zc1hfh8eby,,Mcea Campaign Finance,"May 27, 2026 - July 14, 2026",,,,$264.60,"$6,625.00",$0.00,$675.00,"$7,035.40",$0.00,
Scott Craig,https://www.mainecampaignfinancedisclosure.com/public/filers/f_01kjaz7wy5fd6ajftcv6qe8mbx,42-Day Post-Primary MCEA Report,https://www.mainecampaignfinancedisclosure.com/public/filers/f_01kjaz7wy5fd6ajftcv6qe8mbx/filings/d_01ky3kg15rf31b6g4081w9a2pp,,Mcea Campaign Finance,"May 27, 2026 - July 14, 2026",,,,$0.00,"$6,625.00",$0.00,$675.00,"$7,300.00",$0.00,
Scott Craig,https://www.mainecampaignfinancedisclosure.com/public/filers/f_01kjaz7wy5fd6ajftcv6qe8mbx,11-Day Pre-Primary MCEA Report,https://www.mainecampaignfinancedisclosure.com/public/filers/f_01kjaz7wy5fd6ajftcv6qe8mbx/filings/d_01kskcq49yfhkt0thfabbnnfs0,,Mcea Campaign Finance,"May 13, 2026 - May 26, 2026",,,,$0.00,$675.00,$0.00,$0.00,$675.00,$0.00,
Scott Craig,https://www.mainecampaignfinancedisclosure.com/public/filers/f_01kjaz7wy5fd6ajftcv6qe8mbx,2026 Seed Money Report - Extended Deadline,https://www.mainecampaignfinancedisclosure.com/public/filers/f_01kjaz7wy5fd6ajftcv6qe8mbx/filings/d_01kre9vwa0ft0swhtrphm6mpqb,,Mcea Seed Money,"Unbounded - May 12, 2026",$700.00,$700.00,$0.00,$700.00,,,$0.00,$0.00,$0.00,$0.00
Jo-Jean Keller,https://www.mainecampaignfinancedisclosure.com/public/filers/f_01kh7kqdeser185x833nkteg5z,2025 Annual Personal Financial Disclosure,https://www.mainecampaignfinancedisclosure.com/public/filers/f_01kh7kqdeser185x833nkteg5z/filings/d_01ky01kprkfy0rn3a8b05ecajf,,Financial Disclosure,"January 01, 2025 - December 31, 2025",,,,,,,,,,
Jo-Jean Keller,https://www.mainecampaignfinancedisclosure.com/public/filers/f_01kh7kqdeser185x833nkteg5z,42-Day Post-Primary MCEA Report,https://www.mainecampaignfinancedisclosure.com/public/filers/f_01kh7kqdeser185x833nkteg5z/filings/d_01kxx6t19mew7beh93dnk2h1rc,,Mcea Campaign Finance,"May 27, 2026 - July 14, 2026",,,,$105.50,"$26,500.00",$0.00,"$2,650.00","$29,044.50",$0.00,
Jo-Jean Keller,https://www.mainecampaignfinancedisclosure.com/public/filers/f_01kh7kqdeser185x833nkteg5z,11-Day Pre-Primary MCEA Report,https://www.mainecampaignfinancedisclosure.com/public/filers/f_01kh7kqdeser185x833nkteg5z/filings/d_01ksr5y1vtetwaeaj2cjv50fk1,,Mcea Campaign Finance,"May 15, 2026 - May 26, 2026",,,,$0.00,"$2,649.94",$0.00,$0.06,"$2,650.00",$0.00,
Jo-Jean Keller,https://www.mainecampaignfinancedisclosure.com/public/filers/f_01kh7kqdeser185x833nkteg5z,2026 Seed Money Report - Extended Deadline,https://www.mainecampaignfinancedisclosure.com/public/filers/f_01kh7kqdeser185x833nkteg5z/filings/d_01kqt85ecvfsgt5fc4rmy6a1fe,,Mcea Seed Money,"Unbounded - May 14, 2026","$1,316.00","$1,316.00",$0.00,"$1,315.94",,,$0.00,$0.06,$0.00,$66.00
Leo Christopher Kenney,https://www.mainecampaignfinancedisclosure.com/public/filers/f_01kd8w6ftweefsxt0caevpcc5g,2025 Annual Personal Financial Disclosure,https://www.mainecampaignfinancedisclosure.com/public/filers/f_01kd8w6ftweefsxt0caevpcc5g/filings/d_01kxrqb137e0qbmdksj0sm1y8p,,Financial Disclosure,"January 01, 2025 - December 31, 2025",,,,,,,,,,
Leo Christopher Kenney,https://www.mainecampaignfinancedisclosure.com/public/filers/f_01kd8w6ftweefsxt0caevpcc5g,42-Day Post-Primary MCEA Report,https://www.mainecampaignfinancedisclosure.com/public/filers/f_01kd8w6ftweefsxt0caevpcc5g/filings/d_01kxw4h8vhe5kbksmdg9vhz4ts,,Mcea Campaign Finance,"May 27, 2026 - July 14, 2026",,,,"$4,236.50","$53,000.00",$0.00,"$1,416.68","$50,180.18",$0.00,
Leo Christopher Kenney,https://www.mainecampaignfinancedisclosure.com/public/filers/f_01kd8w6ftweefsxt0caevpcc5g,11-Day Pre-Primary MCEA Report,https://www.mainecampaignfinancedisclosure.com/public/filers/f_01kd8w6ftweefsxt0caevpcc5g/filings/d_01ksrmcc5revmt0v9cxbef41xd,,Mcea Campaign Finance,"April 01, 2026 - May 26, 2026",,,,"$1,233.32","$2,636.27",$0.00,$13.73,"$1,416.68",$0.00,
Leo Christopher Kenney,https://www.mainecampaignfinancedisclosure.com/public/filers/f_01kd8w6ftweefsxt0caevpcc5g,2026 Seed Money Report - Legislative,https://www.mainecampaignfinancedisclosure.com/public/filers/f_01kd8w6ftweefsxt0caevpcc5g/filings/d_01kn2fz98qf17tcze95dw9gvz2,,Mcea Seed Money,"January 01, 2026 - March 31, 2026",$0.00,$0.00,$0.00,"$2,966.27",,,"$2,980.00",$13.73,$0.00,$0.00
Leo Christopher Kenney,https://www.mainecampaignfinancedisclosure.com/public/filers/f_01kd8w6ftweefsxt0caevpcc5g,2026 January Semiannual Report,https://www.mainecampaignfinancedisclosure.com/public/filers/f_01kd8w6ftweefsxt0caevpcc5g/filings/d_01kf4f3w4re01aq3f5swm4fbn0,,Campaign Finance,"November 06, 2024 - December 31, 2025","$2,980.00","$2,980.00",$0.00,$0.00,,,$0.00,"$2,980.00",$0.00,$0.00
Glenn Chip Curry,https://www.mainecampaignfinancedisclosure.com/public/filers/f_01kf4eat87emk8zw7zwxef8z7f,42-Day Post-Primary MCEA Report,https://www.mainecampaignfinancedisclosure.com/public/filers/f_01kf4eat87emk8zw7zwxef8z7f/filings/d_01kxzvc52cexpb37p12g9ykq7q,,Mcea Campaign Finance,"May 27, 2026 - July 14, 2026",,,,$254.77,"$79,500.00",$0.00,$446.54,"$79,691.77","$1,100.00",
Glenn Chip Curry,https://www.mainecampaignfinancedisclosure.com/public/filers/f_01kf4eat87emk8zw7zwxef8z7f,11-Day Pre-Primary MCEA Report,https://www.mainecampaignfinancedisclosure.com/public/filers/f_01kf4eat87emk8zw7zwxef8z7f/filings/d_01ksq9aswxe8tvzcwqr1wyj6r8,,Mcea Campaign Finance,"April 21, 2026 - May 26, 2026",,,,"$2,203.46","$2,647.97",$0.00,$2.03,$446.54,$0.00,
Glenn Chip Curry,https://www.mainecampaignfinancedisclosure.com/public/filers/f_01kf4eat87emk8zw7zwxef8z7f,2026 Seed Money Report - Legislative,https://www.mainecampaignfinancedisclosure.com/public/filers/f_01kf4eat87emk8zw7zwxef8z7f/filings/d_01kp0t83rtfzyv2t25h4x7vbzy,,Mcea Seed Money,"Unbounded - April 20, 2026","$2,940.00","$2,940.00",$0.00,"$2,937.97",,,$0.00,$2.03,$0.00,$0.00
Cheryl A Golek,https://www.mainecampaignfinancedisclosure.com/public/filers/f_01kf4eat87emk8zw803b1rxvvz,42-Day Post-Primary MCEA Report,https://www.mainecampaignfinancedisclosure.com/public/filers/f_01kf4eat87emk8zw803b1rxvvz/filings/d_01kxy72fcne109ek28n8vh68ma,,Mcea Campaign Finance,"May 27, 2026 - July 14, 2026",,,,$0.00,"$8,275.00",$0.00,$711.91,"$8,986.91",$0.00,
Cheryl A Golek,https://www.mainecampaignfinancedisclosure.com/public/filers/f_01kf4eat87emk8zw803b1rxvvz,11-Day Pre-Primary MCEA Report,https://www.mainecampaignfinancedisclosure.com/public/filers/f_01kf4eat87emk8zw803b1rxvvz/filings/d_01ks131hxvffa89143k4cptv0y,,Mcea Campaign Finance,"April 28, 2026 - May 26, 2026",,,,,$665.09,$0.00,$9.91,$711.91,$0.00,
Cheryl A Golek,https://www.mainecampaignfinancedisclosure.com/public/filers/f_01kf4eat87emk8zw803b1rxvvz,2026 Seed Money Report - Legislative (7-Day Extension),https://www.mainecampaignfinancedisclosure.com/public/filers/f_01kf4eat87emk8zw803b1rxvvz/filings/d_01kq89jrm3ev880yf0f96hrkj0,,Mcea Seed Money,"Unbounded - April 27, 2026",$700.00,$700.00,$0.00,$690.09,,,$0.00,$9.91,$0.00,$0.00
Sean Faircloth,https://www.mainecampaignfinancedisclosure.com/public/filers/f_01khbr2qcmf0eanw6xm7q5zdhp,42-Day Post-Primary MCEA Report,https://www.mainecampaignfinancedisclosure.com/public/filers/f_01khbr2qcmf0eanw6xm7q5zdhp/filings/d_01kxk2c699em9t8de1v8na4wqm,,Mcea Campaign Finance,"May 27, 2026 - July 14, 2026",,,,$0.00,"$2,000.00",$0.00,$675.00,"$2,675.00",$0.00,
Sean Faircloth,https://www.mainecampaignfinancedisclosure.com/public/filers/f_01khbr2qcmf0eanw6xm7q5zdhp,11-Day Pre-Primary MCEA Report,https://www.mainecampaignfinancedisclosure.com/public/filers/f_01khbr2qcmf0eanw6xm7q5zdhp/filings/d_01ksqcnahfe7sa1ppr02vffn0d,,Mcea Campaign Finance,"April 22, 2026 - May 26, 2026",,,,$0.00,$675.00,$0.00,$0.00,$675.00,$0.00,
Sean Faircloth,https://www.mainecampaignfinancedisclosure.com/public/filers/f_01khbr2qcmf0eanw6xm7q5zdhp,2026 Seed Money Report - Extended Deadline,https://www.mainecampaignfinancedisclosure.com/public/filers/f_01khbr2qcmf0eanw6xm7q5zdhp/filings/d_01kprbjpg2ehct46xjsxgany8m,,Mcea Seed Money,"Unbounded - April 21, 2026",$0.00,$0.00,$0.00,$0.00,,,$0.00,$0.00,$0.00,$0.00
Pamela Hart,https://www.mainecampaignfinancedisclosure.com/public/filers/f_01kh9djw5feztamnr27bf24vqe,2025 Annual Personal Financial Disclosure,https://www.mainecampaignfinancedisclosure.com/public/filers/f_01kh9djw5feztamnr27bf24vqe/filings/d_01ky01pd1sfcqvj2zs33e8vnjp,,Financial Disclosure,"January 01, 2025 - December 31, 2025",,,,,,,,,,
Pamela Hart,https://www.mainecampaignfinancedisclosure.com/public/filers/f_01kh9djw5feztamnr27bf24vqe,42-Day Post-Primary MCEA Report,https://www.mainecampaignfinancedisclosure.com/public/filers/f_01kh9djw5feztamnr27bf24vqe/filings/d_01ky2hn94ee5srbry9197zx7a1,,Mcea Campaign Finance,"May 27, 2026 - July 14, 2026",,,,$0.00,"$19,825.00",$0.00,$675.00,"$20,500.00",$820.35,
Pamela Hart,https://www.mainecampaignfinancedisclosure.com/public/filers/f_01kh9djw5feztamnr27bf24vqe,42-Day Post-Primary MCEA Report,https://www.mainecampaignfinancedisclosure.com/public/filers/f_01kh9djw5feztamnr27bf24vqe/filings/d_01ky01q0y6e9qtgy6n7nxd3zat,,Mcea Campaign Finance,"May 27, 2026 - July 14, 2026",,,,$0.00,"$19,825.00",$0.00,$675.00,"$20,500.00",$820.35,
Pamela Hart,https://www.mainecampaignfinancedisclosure.com/public/filers/f_01kh9djw5feztamnr27bf24vqe,11-Day Pre-Primary MCEA Report,https://www.mainecampaignfinancedisclosure.com/public/filers/f_01kh9djw5feztamnr27bf24vqe/filings/d_01ks7tpdx7e05990s376z5vy62,,Mcea Campaign Finance,"May 22, 2026 - May 26, 2026",,,,$0.00,$675.00,$0.00,$0.00,$675.00,$609.37,
Pamela Hart,https://www.mainecampaignfinancedisclosure.com/public/filers/f_01kh9djw5feztamnr27bf24vqe,2026 Seed Money Report - Extended Deadline,https://www.mainecampaignfinancedisclosure.com/public/filers/f_01kh9djw5feztamnr27bf24vqe/filings/d_01krksde38ftctavq36ca80nkb,,Mcea Seed Money,"Unbounded - May 21, 2026","$1,000.00","$1,000.00",$0.00,"$1,000.00",,,$0.00,$0.00,$609.37,$300.00
Patric Moore,https://www.mainecampaignfinancedisclosure.com/public/filers/f_01kh539s4bfme84ypgj6b8a2e4,42-Day Post-Primary MCEA Report,https://www.mainecampaignfinancedisclosure.com/public/filers/f_01kh539s4bfme84ypgj6b8a2e4/filings/d_01ky2cnzzefj8bet33816a7z6j,,Mcea Campaign Finance,"May 27, 2026 - July 14, 2026",,,,"$1,500.00","$26,500.00",$0.00,"$2,650.00","$27,650.00","$1,000.00",
Patric Moore,https://www.mainecampaignfinancedisclosure.com/public/filers/f_01kh539s4bfme84ypgj6b8a2e4,11-Day Pre-Primary MCEA Report,https://www.mainecampaignfinancedisclosure.com/public/filers/f_01kh539s4bfme84ypgj6b8a2e4/filings/d_01kssqvsk7fxjtxt18y9yckjtn,,Mcea Campaign Finance,"May 17, 2026 - May 26, 2026",,,,$0.00,"$2,649.78",$0.00,$0.22,"$2,650.00",$0.00,
Patric Moore,https://www.mainecampaignfinancedisclosure.com/public/filers/f_01kh539s4bfme84ypgj6b8a2e4,2026 Seed Money Report - Extended Deadline,https://www.mainecampaignfinancedisclosure.com/public/filers/f_01kh539s4bfme84ypgj6b8a2e4/filings/d_01kp74sz9dfqjt19j8kbmacc43,,Mcea Seed Money,"Unbounded - May 16, 2026","$2,736.00","$2,736.00",$0.00,"$2,735.78",,,$0.00,$0.22,$0.00,$1.00
Dr. Lucien Daigle,https://www.mainecampaignfinancedisclosure.com/public/filers/f_01kf4eat85e79st2re6bc8f0jc,42-Day Post-Primary MCEA Report,https://www.mainecampaignfinancedisclosure.com/public/filers/f_01kf4eat85e79st2re6bc8f0jc/filings/d_01kxr5aahvfa0v5jnyhx7a1ptv,,Mcea Campaign Finance,"May 27, 2026 - July 14, 2026",,,,$474.57,"$39,750.00",$0.00,"$1,930.41","$41,205.84",$0.00,
Dr. Lucien Daigle,https://www.mainecampaignfinancedisclosure.com/public/filers/f_01kf4eat85e79st2re6bc8f0jc,11-Day Pre-Primary MCEA Report,https://www.mainecampaignfinancedisclosure.com/public/filers/f_01kf4eat85e79st2re6bc8f0jc/filings/d_01kwj132ndec5saxrswe2xckmq,,Mcea Campaign Finance,"April 24, 2026 - May 26, 2026",,,,$719.59,"$2,648.30",$0.00,$1.70,"$1,930.41",$0.00,
Dr. Lucien Daigle,https://www.mainecampaignfinancedisclosure.com/public/filers/f_01kf4eat85e79st2re6bc8f0jc,11-Day Pre-Primary MCEA Report,https://www.mainecampaignfinancedisclosure.com/public/filers/f_01kf4eat85e79st2re6bc8f0jc/filings/d_01kwfjt11tejgt3qbtfk5x97tj,,Mcea Campaign Finance,"April 24, 2026 - May 26, 2026",,,,$607.15,"$2,648.30",$0.00,$1.70,"$2,042.85",$0.00,
Dr. Lucien Daigle,https://www.mainecampaignfinancedisclosure.com/public/filers/f_01kf4eat85e79st2re6bc8f0jc,11-Day Pre-Primary MCEA Report,https://www.mainecampaignfinancedisclosure.com/public/filers/f_01kf4eat85e79st2re6bc8f0jc/filings/d_01kve41v3tefzs6ewn9kzpas7q,,Mcea Campaign Finance,"April 24, 2026 - May 26, 2026",,,,$688.49,"$2,648.30",$0.00,$1.70,"$1,961.51",$0.00,
Dr. Lucien Daigle,https://www.mainecampaignfinancedisclosure.com/public/filers/f_01kf4eat85e79st2re6bc8f0jc,11-Day Pre-Primary MCEA Report,https://www.mainecampaignfinancedisclosure.com/public/filers/f_01kf4eat85e79st2re6bc8f0jc/filings/d_01ksstv7tee0brs4ggeqx447b1,,Mcea Campaign Finance,"April 24, 2026 - May 26, 2026",,,,$461.65,"$2,648.30",$0.00,$1.70,"$2,188.35",$0.00,
Dr. Lucien Daigle,https://www.mainecampaignfinancedisclosure.com/public/filers/f_01kf4eat85e79st2re6bc8f0jc,2026 Seed Money Report - Legislative (7-Day Extension),https://www.mainecampaignfinancedisclosure.com/public/filers/f_01kf4eat85e79st2re6bc8f0jc/filings/d_01kpx9eb54ftrs7tbckyga9wjt,,Mcea Seed Money,"Unbounded - April 23, 2026","$2,400.00","$2,400.00",$0.00,"$2,398.30",,,$0.00,$1.70,$0.00,$0.00
Cassie L. Julia,https://www.mainecampaignfinancedisclosure.com/public/filers/f_01kf4eat87emk8zw808v68x4xe,42-Day Post-Primary MCEA Report,https://www.mainecampaignfinancedisclosure.com/public/filers/f_01kf4eat87emk8zw808v68x4xe/filings/d_01kxnjdrfhepat6btar32gcrkn,,Mcea Campaign Finance,"May 27, 2026 - July 14, 2026",,,,$0.00,"$6,625.00",$0.00,$675.00,"$7,300.00",$0.00,
Cassie L. Julia,https://www.mainecampaignfinancedisclosure.com/public/filers/f_01kf4eat87emk8zw808v68x4xe,11-Day Pre-Primary MCEA Report,https://www.mainecampaignfinancedisclosure.com/public/filers/f_01kf4eat87emk8zw808v68x4xe/filings/d_01ksp0934keq6vxr9bwpvemha9,,Mcea Campaign Finance,"April 29, 2026 - May 26, 2026",,,,$0.00,$646.45,$0.00,$28.55,$675.00,$0.00,
Cassie L. Julia,https://www.mainecampaignfinancedisclosure.com/public/filers/f_01kf4eat87emk8zw808v68x4xe,2026 Seed Money Report - Legislative (7-Day Extension),https://www.mainecampaignfinancedisclosure.com/public/filers/f_01kf4eat87emk8zw808v68x4xe/filings/d_01kq8m0nheectvxcnde379nyz1,,Mcea Seed Money,"Unbounded - April 28, 2026",$900.00,$900.00,$0.00,$871.45,,,$0.00,$28.55,$0.00,$0.00
Stephen Wood,https://www.mainecampaignfinancedisclosure.com/public/filers/f_01kh7qjgq6fs88g8frphmy307k,42-Day Post-Primary Report,https://www.mainecampaignfinancedisclosure.com/public/filers/f_01kh7qjgq6fs88g8frphmy307k/filings/d_01ky2kbxk0e7vanh2007reqwwq,,Campaign Finance,"May 27, 2026 - July 14, 2026","$3,000.00","$2,000.00",$0.00,$0.00,,,$0.00,"$3,000.00",$0.00,$0.00
Stephen Wood,https://www.mainecampaignfinancedisclosure.com/public/filers/f_01kh7qjgq6fs88g8frphmy307k,11-Day Pre-Primary Report,https://www.mainecampaignfinancedisclosure.com/public/filers/f_01kh7qjgq6fs88g8frphmy307k/filings/d_01kstm3ywbezk8jqtdpsaj8p3b,,Campaign Finance,"January 01, 2026 - May 26, 2026",$0.00,$0.00,$0.00,$0.00,,,$0.00,$0.00,$0.00,$0.00
Zachary Lejonhud,https://www.mainecampaignfinancedisclosure.com/public/filers/f_01kke1dfp9ezptmkn927b42q5y,2025 Annual Personal Financial Disclosure,https://www.mainecampaignfinancedisclosure.com/public/filers/f_01kke1dfp9ezptmkn927b42q5y/filings/d_01ky2nf4waf1frf10nsky2kr8v,,Financial Disclosure,"January 01, 2025 - December 31, 2025",,,,,,,,,,
Zachary Lejonhud,https://www.mainecampaignfinancedisclosure.com/public/filers/f_01kke1dfp9ezptmkn927b42q5y,42-Day Post-Primary MCEA Report,https://www.mainecampaignfinancedisclosure.com/public/filers/f_01kke1dfp9ezptmkn927b42q5y/filings/d_01ky2n8apkf99bpk19qtkcfs4d,,Mcea Campaign Finance,"May 27, 2026 - July 14, 2026",,,,$36.00,"$6,625.00",$0.00,$675.00,"$7,264.00",$0.00,
Zachary Lejonhud,https://www.mainecampaignfinancedisclosure.com/public/filers/f_01kke1dfp9ezptmkn927b42q5y,11-Day Pre-Primary MCEA Report,https://www.mainecampaignfinancedisclosure.com/public/filers/f_01kke1dfp9ezptmkn927b42q5y/filings/d_01ksteqaeze2t9fsg1mn76zsgc,,Mcea Campaign Finance,"May 21, 2026 - May 26, 2026",,,,$0.00,$666.75,$0.00,$8.25,$675.00,$0.00,
Zachary Lejonhud,https://www.mainecampaignfinancedisclosure.com/public/filers/f_01kke1dfp9ezptmkn927b42q5y,2026 Seed Money Report - Extended Deadline,https://www.mainecampaignfinancedisclosure.com/public/filers/f_01kke1dfp9ezptmkn927b42q5y/filings/d_01ks3g37myex5snm16j20rn437,,Mcea Seed Money,"Unbounded - May 20, 2026",$951.00,$951.00,$0.00,$942.75,,,$0.00,$8.25,$0.00,$195.00
Woodleigh H Hughes,https://www.mainecampaignfinancedisclosure.com/public/filers/f_01kf4eat87emk8zw7zqqnqcm74,2025 Annual Personal Financial Disclosure,https://www.mainecampaignfinancedisclosure.com/public/filers/f_01kf4eat87emk8zw7zqqnqcm74/filings/d_01kze4k9vaehdtgg2q3p24bm9a,,Financial Disclosure,"January 01, 2025 - December 31, 2025",,,,,,,,,,
Woodleigh H Hughes,https://www.mainecampaignfinancedisclosure.com/public/filers/f_01kf4eat87emk8zw7zqqnqcm74,11-Day Pre-Primary MCEA Report,https://www.mainecampaignfinancedisclosure.com/public/filers/f_01kf4eat87emk8zw7zqqnqcm74/filings/d_01kxx8g41qf9etvx3071fhvbmg,,Mcea Campaign Finance,"April 21, 2026 - May 26, 2026",,,,$25.00,$675.00,$0.00,$0.00,$650.00,$0.00,
Woodleigh H Hughes,https://www.mainecampaignfinancedisclosure.com/public/filers/f_01kf4eat87emk8zw7zqqnqcm74,42-Day Post-Primary MCEA Report,https://www.mainecampaignfinancedisclosure.com/public/filers/f_01kf4eat87emk8zw7zqqnqcm74/filings/d_01kx1p9xjvejjb4jkjg3xgra7m,,Mcea Campaign Finance,"May 27, 2026 - July 14, 2026",,,,$25.00,"$14,875.00",$0.00,$650.00,"$15,500.00",$0.00,
Woodleigh H Hughes,https://www.mainecampaignfinancedisclosure.com/public/filers/f_01kf4eat87emk8zw7zqqnqcm74,11-Day Pre-Primary MCEA Report,https://www.mainecampaignfinancedisclosure.com/public/filers/f_01kf4eat87emk8zw7zqqnqcm74/filings/d_01ksjxxqgce148x8xx8w1rc3y1,,Mcea Campaign Finance,"April 21, 2026 - May 26, 2026",,,,$25.00,$675.00,$0.00,$0.00,$650.00,$0.00,
Woodleigh H Hughes,https://www.mainecampaignfinancedisclosure.com/public/filers/f_01kf4eat87emk8zw7zqqnqcm74,2026 Seed Money Report - Legislative,https://www.mainecampaignfinancedisclosure.com/public/filers/f_01kf4eat87emk8zw7zqqnqcm74/filings/d_01kpnxmt9gfhzt2796tzds8dze,,Mcea Seed Money,"January 01, 2026 - April 20, 2026",$375.00,$375.00,$0.00,"$1,000.00",,,$625.00,$0.00,$0.00,$0.00
Woodleigh H Hughes,https://www.mainecampaignfinancedisclosure.com/public/filers/f_01kf4eat87emk8zw7zqqnqcm74,2026 January Semiannual Report,https://www.mainecampaignfinancedisclosure.com/public/filers/f_01kf4eat87emk8zw7zqqnqcm74/filings/d_01kf4f3w4qe2jtscj4z8mesyw1,,Campaign Finance,"November 01, 2025 - December 31, 2025",$625.00,$625.00,$0.00,$0.00,,,$0.00,$625.00,$0.00,$0.00
James Sorcek,https://www.mainecampaignfinancedisclosure.com/public/filers/f_01kf4eat87emk8zw7zz77h3gr7,2025 Annual Personal Financial Disclosure,https://www.mainecampaignfinancedisclosure.com/public/filers/f_01kf4eat87emk8zw7zz77h3gr7/filings/d_01kznwcmr2fs1rpa6j4xv7611x,,Financial Disclosure,"January 01, 2025 - December 31, 2025",,,,,,,,,,
James Sorcek,https://www.mainecampaignfinancedisclosure.com/public/filers/f_01kf4eat87emk8zw7zz77h3gr7,2025 Annual Personal Financial Disclosure,https://www.mainecampaignfinancedisclosure.com/public/filers/f_01kf4eat87emk8zw7zz77h3gr7/filings/d_01kzntqmjce7btr2w2w1y8r0p6,,Financial Disclosure,"January 01, 2025 - December 31, 2025",,,,,,,,,,
James Sorcek,https://www.mainecampaignfinancedisclosure.com/public/filers/f_01kf4eat87emk8zw7zz77h3gr7,2025 Annual Personal Financial Disclosure,https://www.mainecampaignfinancedisclosure.com/public/filers/f_01kf4eat87emk8zw7zz77h3gr7/filings/d_01kxnh016bfjsr99p7m5164kjk,,Financial Disclosure,"January 01, 2025 - December 31, 2025",,,,,,,,,,
James Sorcek,https://www.mainecampaignfinancedisclosure.com/public/filers/f_01kf4eat87emk8zw7zz77h3gr7,42-Day Post-Primary MCEA Report,https://www.mainecampaignfinancedisclosure.com/public/filers/f_01kf4eat87emk8zw7zz77h3gr7/filings/d_01kxnh2tj5fybspfzjxrntkyv0,,Mcea Campaign Finance,"May 27, 2026 - July 14, 2026",,,,$5.00,"$6,625.00",$0.00,$86.97,"$6,706.97",$0.00,
James Sorcek,https://www.mainecampaignfinancedisclosure.com/public/filers/f_01kf4eat87emk8zw7zz77h3gr7,11-Day Pre-Primary MCEA Report,https://www.mainecampaignfinancedisclosure.com/public/filers/f_01kf4eat87emk8zw7zz77h3gr7/filings/d_01ksqqr7ptfeybxad48nw35gjc,,Mcea Campaign Finance,"April 28, 2026 - May 26, 2026",,,,$588.03,$668.56,$0.00,$6.44,$86.97,$0.00,
James Sorcek,https://www.mainecampaignfinancedisclosure.com/public/filers/f_01kf4eat87emk8zw7zz77h3gr7,2026 Seed Money Report - Legislative (7-Day Extension),https://www.mainecampaignfinancedisclosure.com/public/filers/f_01kf4eat87emk8zw7zz77h3gr7/filings/d_01kq7nvx0re5avh65ngq06s1vn,,Mcea Seed Money,"Unbounded - April 27, 2026",$325.04,$305.00,$20.04,$298.56,,,$0.00,$6.44,$580.00,$0.00
Paul Welch,https://www.mainecampaignfinancedisclosure.com/public/filers/f_01khv2qkd5f7dtabfc81a4b496,42-Day Post-Primary MCEA Report,https://www.mainecampaignfinancedisclosure.com/public/filers/f_01khv2qkd5f7dtabfc81a4b496/filings/d_01kxxny011e0sargs3dj1x3h9y,,Mcea Campaign Finance,"May 27, 2026 - July 14, 2026",,,,"$2,653.49","$6,625.00",$0.00,$675.00,"$4,646.51",$100.00,
Paul Welch,https://www.mainecampaignfinancedisclosure.com/public/filers/f_01khv2qkd5f7dtabfc81a4b496,11-Day Pre-Primary MCEA Report,https://www.mainecampaignfinancedisclosure.com/public/filers/f_01khv2qkd5f7dtabfc81a4b496/filings/d_01ksk0h684e3g9dphhqfkkknem,,Mcea Campaign Finance,"May 22, 2026 - May 26, 2026",,,,$0.00,$674.00,$0.00,$1.00,$675.00,$100.00,
Paul Welch,https://www.mainecampaignfinancedisclosure.com/public/filers/f_01khv2qkd5f7dtabfc81a4b496,2026 Seed Money Report - Extended Deadline,https://www.mainecampaignfinancedisclosure.com/public/filers/f_01khv2qkd5f7dtabfc81a4b496/filings/d_01ks2mnb7je5xb103qj1m9a9s5,,Mcea Seed Money,"Unbounded - May 21, 2026",$860.00,$860.00,$0.00,$859.00,,,$0.00,$1.00,$100.00,$10.00
Joseph Almand,https://www.mainecampaignfinancedisclosure.com/public/filers/f_01khyfnrn2fambsbemkrmyra84,42-Day Post-Primary MCEA Report,https://www.mainecampaignfinancedisclosure.com/public/filers/f_01khyfnrn2fambsbemkrmyra84/filings/d_01ky2jgwhben59jsbc54gwk500,,Mcea Campaign Finance,"May 27, 2026 - July 14, 2026",,,,"$1,290.50","$13,225.00",$0.00,$675.00,"$12,609.50",$0.00,
Joseph Almand,https://www.mainecampaignfinancedisclosure.com/public/filers/f_01khyfnrn2fambsbemkrmyra84,42-Day Post-Primary MCEA Report,https://www.mainecampaignfinancedisclosure.com/public/filers/f_01khyfnrn2fambsbemkrmyra84/filings/d_01kxkt9qmpe2cbk1h9jq1wsqcp,,Mcea Campaign Finance,"May 27, 2026 - July 14, 2026",,,,"$1,290.50","$13,225.00",$0.00,$675.00,"$12,609.50",$0.00,
Joseph Almand,https://www.mainecampaignfinancedisclosure.com/public/filers/f_01khyfnrn2fambsbemkrmyra84,42-Day Post-Primary MCEA Report,https://www.mainecampaignfinancedisclosure.com/public/filers/f_01khyfnrn2fambsbemkrmyra84/filings/d_01kxknenb0ebm9f5dwyfaymre6,,Mcea Campaign Finance,"May 27, 2026 - July 14, 2026",,,,"$1,290.50","$13,225.00",$0.00,$675.00,"$12,609.50",$0.00,
Joseph Almand,https://www.mainecampaignfinancedisclosure.com/public/filers/f_01khyfnrn2fambsbemkrmyra84,11-Day Pre-Primary MCEA Report,https://www.mainecampaignfinancedisclosure.com/public/filers/f_01khyfnrn2fambsbemkrmyra84/filings/d_01ks81sq6sere9kgvyeepwsywh,,Mcea Campaign Finance,"May 21, 2026 - May 26, 2026",,,,$0.00,$675.00,$0.00,$0.00,$675.00,$0.00,
Joseph Almand,https://www.mainecampaignfinancedisclosure.com/public/filers/f_01khyfnrn2fambsbemkrmyra84,2026 Seed Money Report - Extended Deadline,https://www.mainecampaignfinancedisclosure.com/public/filers/f_01khyfnrn2fambsbemkrmyra84/filings/d_01ks395aqrefptvwq48j8hsste,,Mcea Seed Money,"Unbounded - May 19, 2026",$955.00,$955.00,$0.00,$955.00,,,$0.00,$0.00,$0.00,$0.00
Joseph Almand,https://www.mainecampaignfinancedisclosure.com/public/filers/f_01khyfnrn2fambsbemkrmyra84,2026 Seed Money Report - Extended Deadline,https://www.mainecampaignfinancedisclosure.com/public/filers/f_01khyfnrn2fambsbemkrmyra84/filings/d_01kprpx4r3f2x9kvyepeayfykh,,Mcea Seed Money,"Unbounded - May 19, 2026",$955.00,$955.00,$0.00,"$1,005.00",,,$0.00,,$0.00,$0.00
Julia McCabe,https://www.mainecampaignfinancedisclosure.com/public/filers/f_01kh7nszb5ezqb46skqzqjm7fy,42-Day Post-Primary MCEA Report,https://www.mainecampaignfinancedisclosure.com/public/filers/f_01kh7nszb5ezqb46skqzqjm7fy/filings/d_01kxgxj5ycfgcter2b1wb4btes,,Mcea Campaign Finance,"May 27, 2026 - July 14, 2026",,,,$357.11,"$6,625.00",$0.00,$1.09,"$6,268.98",$0.00,
Julia McCabe,https://www.mainecampaignfinancedisclosure.com/public/filers/f_01kh7nszb5ezqb46skqzqjm7fy,11-Day Pre-Primary MCEA Report,https://www.mainecampaignfinancedisclosure.com/public/filers/f_01kh7nszb5ezqb46skqzqjm7fy/filings/d_01ks6gdjaweg4t7gkhnx4akvb3,,Mcea Campaign Finance,"May 07, 2026 - May 26, 2026",,,,$673.91,$674.49,$0.00,$0.51,$1.09,$0.00,
Julia McCabe,https://www.mainecampaignfinancedisclosure.com/public/filers/f_01kh7nszb5ezqb46skqzqjm7fy,2026 Seed Money Report - Extended Deadline,https://www.mainecampaignfinancedisclosure.com/public/filers/f_01kh7nszb5ezqb46skqzqjm7fy/filings/d_01kqzwyx8kfc0tv00sk95j385b,,Mcea Seed Money,"Unbounded - May 06, 2026",$970.00,$970.00,$0.00,$969.49,,,$0.00,$0.51,$0.00,$0.00
Elizabeth D. Bosworth,https://www.mainecampaignfinancedisclosure.com/public/filers/f_01kf4eat87emk8zw806vtshgkm,2025 Annual Personal Financial Disclosure,https://www.mainecampaignfinancedisclosure.com/public/filers/f_01kf4eat87emk8zw806vtshgkm/filings/d_01kz4wvetpe0sbgz07qfv0r3ay,,Financial Disclosure,"January 01, 2025 - December 31, 2025",,,,,,,,,,
Elizabeth D. Bosworth,https://www.mainecampaignfinancedisclosure.com/public/filers/f_01kf4eat87emk8zw806vtshgkm,42-Day Post-Primary MCEA Report,https://www.mainecampaignfinancedisclosure.com/public/filers/f_01kf4eat87emk8zw806vtshgkm/filings/d_01kxzsykykf059y38svv437v41,,Mcea Campaign Finance,"May 27, 2026 - July 14, 2026",,,,"$2,069.50","$39,750.00",$0.00,"$1,797.16","$39,477.66","$1,000.00",
Elizabeth D. Bosworth,https://www.mainecampaignfinancedisclosure.com/public/filers/f_01kf4eat87emk8zw806vtshgkm,11-Day Pre-Primary MCEA Report,https://www.mainecampaignfinancedisclosure.com/public/filers/f_01kf4eat87emk8zw806vtshgkm/filings/d_01ky0at814ffrrdgqeg15hgzjn,,Mcea Campaign Finance,"April 17, 2026 - May 26, 2026",,,,$852.84,"$2,649.50",$0.00,$0.50,"$1,797.16",$100.00,
Elizabeth D. Bosworth,https://www.mainecampaignfinancedisclosure.com/public/filers/f_01kf4eat87emk8zw806vtshgkm,11-Day Pre-Primary MCEA Report,https://www.mainecampaignfinancedisclosure.com/public/filers/f_01kf4eat87emk8zw806vtshgkm/filings/d_01kxzsxvgnejgb6e8znmrsjyjz,,Mcea Campaign Finance,"April 17, 2026 - May 26, 2026",,,,$852.84,"$2,649.50",$0.00,$0.50,"$1,797.16",$100.00,
Elizabeth D. Bosworth,https://www.mainecampaignfinancedisclosure.com/public/filers/f_01kf4eat87emk8zw806vtshgkm,2026 Seed Money Report - Legislative,https://www.mainecampaignfinancedisclosure.com/public/filers/f_01kf4eat87emk8zw806vtshgkm/filings/d_01ktkyny0xe2n8cd1ms9s68xd3,,Mcea Seed Money,"Unbounded - June 08, 2026","$2,865.00","$2,865.00",$0.00,"$3,700.50",,,$0.00,,$100.00,$0.00
Elizabeth D. Bosworth,https://www.mainecampaignfinancedisclosure.com/public/filers/f_01kf4eat87emk8zw806vtshgkm,11-Day Pre-Primary MCEA Report,https://www.mainecampaignfinancedisclosure.com/public/filers/f_01kf4eat87emk8zw806vtshgkm/filings/d_01kt7h4ttvfsraj9g2r3b6qchh,,Mcea Campaign Finance,"April 17, 2026 - May 26, 2026",,,,$852.84,"$2,649.50",$0.00,$0.50,"$1,797.16",$100.00,
Joseph Campbell,https://www.mainecampaignfinancedisclosure.com/public/filers/f_01kh52tx5dfm78jf5m1az0wggp,42-Day Post-Primary MCEA Report,https://www.mainecampaignfinancedisclosure.com/public/filers/f_01kh52tx5dfm78jf5m1az0wggp/filings/d_01ky2dxjgdfrxrs62ftdn5c1fp,,Mcea Campaign Finance,"May 27, 2026 - July 14, 2026",,,,"$1,380.33","$8,946.83",$0.00,$3.17,"$7,569.67",$0.00,
Joseph Campbell,https://www.mainecampaignfinancedisclosure.com/public/filers/f_01kh52tx5dfm78jf5m1az0wggp,2026 Seed Money Report - Extended (7-Day Extension),https://www.mainecampaignfinancedisclosure.com/public/filers/f_01kh52tx5dfm78jf5m1az0wggp/filings/d_01ksqs7sq1egjs1chd5dqyhqk6,,Mcea Seed Money,"Unbounded - May 27, 2026","$1,000.00","$1,000.00",$0.00,$996.83,,,$0.00,$3.17,$0.00,$0.00
Eric Nathanson,https://www.mainecampaignfinancedisclosure.com/public/filers/f_01khps5zhtendbww8c5n64qcxz,2025 Annual Personal Financial Disclosure,https://www.mainecampaignfinancedisclosure.com/public/filers/f_01khps5zhtendbww8c5n64qcxz/filings/d_01kyhdseb0ejnrnj5f7m7w7bmg,,Financial Disclosure,"January 01, 2025 - December 31, 2025",,,,,,,,,,
Eric Nathanson,https://www.mainecampaignfinancedisclosure.com/public/filers/f_01khps5zhtendbww8c5n64qcxz,42-Day Post-Primary MCEA Report,https://www.mainecampaignfinancedisclosure.com/public/filers/f_01khps5zhtendbww8c5n64qcxz/filings/d_01kxjp61ajew8brgcjkrwsdb7s,,Mcea Campaign Finance,"May 27, 2026 - July 14, 2026",,,,$0.00,"$6,625.00",$0.00,$675.00,"$7,300.00",$0.00,
Eric Nathanson,https://www.mainecampaignfinancedisclosure.com/public/filers/f_01khps5zhtendbww8c5n64qcxz,11-Day Pre-Primary MCEA Report,https://www.mainecampaignfinancedisclosure.com/public/filers/f_01khps5zhtendbww8c5n64qcxz/filings/d_01ksmraa9beq3rmgqpzb1y8nng,,Mcea Campaign Finance,"May 21, 2026 - May 26, 2026",,,,$0.00,$653.58,$0.00,$21.42,$675.00,$0.00,
Eric Nathanson,https://www.mainecampaignfinancedisclosure.com/public/filers/f_01khps5zhtendbww8c5n64qcxz,2026 Seed Money Report - Extended Deadline,https://www.mainecampaignfinancedisclosure.com/public/filers/f_01khps5zhtendbww8c5n64qcxz/filings/d_01krx7kk8kf5s982dxetqv5bcq,,Mcea Seed Money,"Unbounded - May 20, 2026","$1,000.00","$1,000.00",$0.00,$978.58,,,$0.00,$21.42,$0.00,$0.00
Sophia Warren,https://www.mainecampaignfinancedisclosure.com/public/filers/f_01khnwqzkheg1rn44spkze48rd,42-Day Post-Primary MCEA Report,https://www.mainecampaignfinancedisclosure.com/public/filers/f_01khnwqzkheg1rn44spkze48rd/filings/d_01kxxzsys8f04v0arxqc00xyc0,,Mcea Campaign Finance,"May 27, 2026 - July 14, 2026",,,,"$1,755.82","$33,125.00",$0.00,"$1,591.30","$32,960.48",$0.00,
Sophia Warren,https://www.mainecampaignfinancedisclosure.com/public/filers/f_01khnwqzkheg1rn44spkze48rd,11-Day Pre-Primary MCEA Report,https://www.mainecampaignfinancedisclosure.com/public/filers/f_01khnwqzkheg1rn44spkze48rd/filings/d_01kst38krpet29v3cahty72abs,,Mcea Campaign Finance,"April 08, 2026 - May 26, 2026",,,,"$11,658.70","$13,201.32",$0.00,$48.68,"$1,591.30",$0.00,
Sophia Warren,https://www.mainecampaignfinancedisclosure.com/public/filers/f_01khnwqzkheg1rn44spkze48rd,2026 Seed Money Report - Extended Deadline,https://www.mainecampaignfinancedisclosure.com/public/filers/f_01khnwqzkheg1rn44spkze48rd/filings/d_01knkxa0wnf2ercg4rkgtprtav,,Mcea Seed Money,"Unbounded - April 07, 2026","$3,000.00","$3,000.00",$0.00,"$2,951.32",,,$0.00,$48.68,$0.00,$10.00
Lisa Pratt,https://www.mainecampaignfinancedisclosure.com/public/filers/f_01km3p5h7xfsgt6n1gn650cspf,2025 Annual Personal Financial Disclosure,https://www.mainecampaignfinancedisclosure.com/public/filers/f_01km3p5h7xfsgt6n1gn650cspf/filings/d_01kymn1x95fex93bsjk844zpfw,,Financial Disclosure,"January 01, 2025 - December 31, 2025",,,,,,,,,,
Lisa Pratt,https://www.mainecampaignfinancedisclosure.com/public/filers/f_01km3p5h7xfsgt6n1gn650cspf,42-Day Post-Primary MCEA Report,https://www.mainecampaignfinancedisclosure.com/public/filers/f_01km3p5h7xfsgt6n1gn650cspf/filings/d_01kxnjctvweqqrcbw5x237xkmz,,Mcea Campaign Finance,"May 27, 2026 - July 14, 2026",,,,$903.13,$0.00,$0.00,"$1,418.01",$514.89,$0.00,
Lisa Pratt,https://www.mainecampaignfinancedisclosure.com/public/filers/f_01km3p5h7xfsgt6n1gn650cspf,11-Day Pre-Primary MCEA Report,https://www.mainecampaignfinancedisclosure.com/public/filers/f_01km3p5h7xfsgt6n1gn650cspf/filings/d_01ksq9gv54eawsz082c44xp4ed,,Mcea Campaign Finance,"April 20, 2026 - May 26, 2026",,,,"$1,907.00","$3,324.86",$0.00,$0.14,"$1,418.01",$0.00,
Lisa Pratt,https://www.mainecampaignfinancedisclosure.com/public/filers/f_01km3p5h7xfsgt6n1gn650cspf,2026 Seed Money Report - Extended Deadline,https://www.mainecampaignfinancedisclosure.com/public/filers/f_01km3p5h7xfsgt6n1gn650cspf/filings/d_01kpdvn563fmjtf7tp9mb99zat,,Mcea Seed Money,"Unbounded - April 19, 2026",$947.00,$947.00,$0.00,$946.86,,,$0.00,$0.14,$0.00,$0.00
Mark C. Cooper,https://www.mainecampaignfinancedisclosure.com/public/filers/f_01kd8w6ftve6dak61q8vxx3aea,42-Day Post-Primary MCEA Report,https://www.mainecampaignfinancedisclosure.com/public/filers/f_01kd8w6ftve6dak61q8vxx3aea/filings/d_01ky28v9hkexa9csj68q0ahbw4,,Mcea Campaign Finance,"May 27, 2026 - July 14, 2026",,,,$236.00,"$6,625.00",$0.00,$675.00,"$7,064.00",$0.00,
Mark C. Cooper,https://www.mainecampaignfinancedisclosure.com/public/filers/f_01kd8w6ftve6dak61q8vxx3aea,11-Day Pre-Primary MCEA Report,https://www.mainecampaignfinancedisclosure.com/public/filers/f_01kd8w6ftve6dak61q8vxx3aea/filings/d_01ksv0ks2hfpetr1w6p671nkbp,,Mcea Campaign Finance,"April 29, 2026 - May 26, 2026",,,,$0.00,$675.00,$0.00,$0.00,$675.00,$0.00,
Mark C. Cooper,https://www.mainecampaignfinancedisclosure.com/public/filers/f_01kd8w6ftve6dak61q8vxx3aea,2026 Seed Money Report - Legislative (7-Day Extension),https://www.mainecampaignfinancedisclosure.com/public/filers/f_01kd8w6ftve6dak61q8vxx3aea/filings/d_01kqaa5vg3fcxs6c64ag50ae70,,Mcea Seed Money,"Unbounded - April 28, 2026",$690.00,$690.00,$0.00,$690.00,,,$0.00,$0.00,$0.00,$0.00
Parnell Terry,https://www.mainecampaignfinancedisclosure.com/public/filers/f_01kf4eat87emk8zw806fxq18bw,42-Day Post-Primary MCEA Report,https://www.mainecampaignfinancedisclosure.com/public/filers/f_01kf4eat87emk8zw806fxq18bw/filings/d_01ky3q23qyeqv9dm5k2hagqwhg,,Mcea Campaign Finance,"May 27, 2026 - July 14, 2026",,,,$0.00,"$6,625.00",$0.00,$675.00,"$7,300.00",$0.00,
Parnell Terry,https://www.mainecampaignfinancedisclosure.com/public/filers/f_01kf4eat87emk8zw806fxq18bw,11-Day Pre-Primary MCEA Report,https://www.mainecampaignfinancedisclosure.com/public/filers/f_01kf4eat87emk8zw806fxq18bw/filings/d_01ksthkdsnee89vd8dvz60s34g,,Mcea Campaign Finance,"April 29, 2026 - May 26, 2026",,,,$0.00,$675.00,$0.00,$0.00,$675.00,$0.00,
Parnell Terry,https://www.mainecampaignfinancedisclosure.com/public/filers/f_01kf4eat87emk8zw806fxq18bw,2026 Seed Money Report - Legislative (7-Day Extension),https://www.mainecampaignfinancedisclosure.com/public/filers/f_01kf4eat87emk8zw806fxq18bw/filings/d_01kq94qezreb4b3t5arbch62wn,,Mcea Seed Money,"January 01, 2026 - April 28, 2026",$961.00,$961.00,$0.00,$961.00,,,$0.00,$0.00,$0.00,$11.00
Julie Nicole Rakic,https://www.mainecampaignfinancedisclosure.com/public/filers/f_01kd8w6ftweefsxt0c9m6jvq3g,2025 Annual Personal Financial Disclosure,https://www.mainecampaignfinancedisclosure.com/public/filers/f_01kd8w6ftweefsxt0c9m6jvq3g/filings/d_01ky3ab41qf4bbxxykyx06r65n,,Financial Disclosure,"January 01, 2025 - December 31, 2025",,,,,,,,,,
Julie Nicole Rakic,https://www.mainecampaignfinancedisclosure.com/public/filers/f_01kd8w6ftweefsxt0c9m6jvq3g,42-Day Post-Primary MCEA Report,https://www.mainecampaignfinancedisclosure.com/public/filers/f_01kd8w6ftweefsxt0c9m6jvq3g/filings/d_01ky2rh3h8fkgsca2zpzemv5zy,,Mcea Campaign Finance,"May 27, 2026 - July 14, 2026",,,,$838.19,"$33,125.00",$0.00,"$2,644.21","$34,931.02",$0.00,
Julie Nicole Rakic,https://www.mainecampaignfinancedisclosure.com/public/filers/f_01kd8w6ftweefsxt0c9m6jvq3g,11-Day Pre-Primary MCEA Report,https://www.mainecampaignfinancedisclosure.com/public/filers/f_01kd8w6ftweefsxt0c9m6jvq3g/filings/d_01ksmyac7je85rhbfxpcztxzan,,Mcea Campaign Finance,"April 29, 2026 - May 26, 2026",,,,$5.79,"$2,528.02",$0.00,$121.98,"$2,644.21",$0.00,
Julie Nicole Rakic,https://www.mainecampaignfinancedisclosure.com/public/filers/f_01kd8w6ftweefsxt0c9m6jvq3g,2026 Seed Money Report - Legislative (7-Day Extension),https://www.mainecampaignfinancedisclosure.com/public/filers/f_01kd8w6ftweefsxt0c9m6jvq3g/filings/d_01kqaj70tkezyb3rt0p4evwynt,,Mcea Seed Money,"Unbounded - April 28, 2026",$995.00,$995.00,$0.00,$873.02,,,$0.00,$121.98,$0.00,$0.00
Lynn Copeland,https://www.mainecampaignfinancedisclosure.com/public/filers/f_01kh7mfdvyf58sxne2fwfn4wa2,42-Day Post-Primary MCEA Report,https://www.mainecampaignfinancedisclosure.com/public/filers/f_01kh7mfdvyf58sxne2fwfn4wa2/filings/d_01kw0b28kvfw6ayz6wgav0z3a5,,Mcea Campaign Finance,"May 29, 2026 - July 14, 2026",,,,$30.49,"$7,300.00",$0.00,$0.00,"$7,269.51",$0.00,
Lynn Copeland,https://www.mainecampaignfinancedisclosure.com/public/filers/f_01kh7mfdvyf58sxne2fwfn4wa2,2026 Seed Money Report - Extended (7-Day Extension),https://www.mainecampaignfinancedisclosure.com/public/filers/f_01kh7mfdvyf58sxne2fwfn4wa2/filings/d_01kw2mpmv3fsf8kqx9pz09bsfx,,Mcea Seed Money,"Unbounded - May 28, 2026",$977.51,$977.51,$0.00,$977.51,,,$0.00,$0.00,$30.49,$0.00
Lynn Copeland,https://www.mainecampaignfinancedisclosure.com/public/filers/f_01kh7mfdvyf58sxne2fwfn4wa2,2026 Seed Money Report - Extended (7-Day Extension),https://www.mainecampaignfinancedisclosure.com/public/filers/f_01kh7mfdvyf58sxne2fwfn4wa2/filings/d_01ksmxrg6kegybh2gwn22mh6ga,,Mcea Seed Money,"Unbounded - May 28, 2026",$977.51,$977.51,$0.00,$977.51,,,$0.00,$0.00,$105.49,$0.00
Lisa Kalp,https://www.mainecampaignfinancedisclosure.com/public/filers/f_01km0ngp4tfg09bt31pa7ectrs,2025 Annual Personal Financial Disclosure,https://www.mainecampaignfinancedisclosure.com/public/filers/f_01km0ngp4tfg09bt31pa7ectrs/filings/d_01kxrfdyd7fv7a05dc95x87z6a,,Financial Disclosure,"January 01, 2025 - December 31, 2025",,,,,,,,,,
Lisa Kalp,https://www.mainecampaignfinancedisclosure.com/public/filers/f_01km0ngp4tfg09bt31pa7ectrs,11-Day Pre-Primary Report,https://www.mainecampaignfinancedisclosure.com/public/filers/f_01km0ngp4tfg09bt31pa7ectrs/filings/d_01kxrfcwmme6vt3gk7xz2t07j3,,Campaign Finance,"April 22, 2026 - May 26, 2026",$2.00,$2.00,$0.00,$0.00,,,$0.00,$2.00,$0.00,$2.00
Lisa Kalp,https://www.mainecampaignfinancedisclosure.com/public/filers/f_01km0ngp4tfg09bt31pa7ectrs,42-Day Post-Primary Report,https://www.mainecampaignfinancedisclosure.com/public/filers/f_01km0ngp4tfg09bt31pa7ectrs/filings/d_01kwyxk6y1eqet2m526knkn8j3,,Campaign Finance,"May 27, 2026 - July 14, 2026",$18.18,$18.18,$0.00,$0.00,,,$2.00,$20.18,$0.00,$18.18
Lisa Kalp,https://www.mainecampaignfinancedisclosure.com/public/filers/f_01km0ngp4tfg09bt31pa7ectrs,11-Day Pre-Primary Report,https://www.mainecampaignfinancedisclosure.com/public/filers/f_01km0ngp4tfg09bt31pa7ectrs/filings/d_01kstcv99kehga2w3qh3jwhrqj,,Campaign Finance,"January 01, 2026 - May 26, 2026",$2.00,$2.00,$0.00,$0.00,,,$0.00,$2.00,$0.00,$2.00
Douglas A. Thomas,https://www.mainecampaignfinancedisclosure.com/public/filers/f_01kd8w6ftve6dak61qcss7qedk,2025 Annual Personal Financial Disclosure,https://www.mainecampaignfinancedisclosure.com/public/filers/f_01kd8w6ftve6dak61qcss7qedk/filings/d_01kza54y6meqdv95qy4ebcee8s,,Financial Disclosure,"January 01, 2025 - December 31, 2025",,,,,,,,,,
Douglas A. Thomas,https://www.mainecampaignfinancedisclosure.com/public/filers/f_01kd8w6ftve6dak61qcss7qedk,42-Day Post-Primary MCEA Report,https://www.mainecampaignfinancedisclosure.com/public/filers/f_01kd8w6ftve6dak61qcss7qedk/filings/d_01ky4xzgfpfaerj2ktkvpxv1rn,,Mcea Campaign Finance,"May 27, 2026 - July 14, 2026",,,,"$1,347.27","$9,925.00",$0.00,$326.65,"$8,904.38","$2,700.00",
Douglas A. Thomas,https://www.mainecampaignfinancedisclosure.com/public/filers/f_01kd8w6ftve6dak61qcss7qedk,42-Day Post-Primary MCEA Report,https://www.mainecampaignfinancedisclosure.com/public/filers/f_01kd8w6ftve6dak61qcss7qedk/filings/d_01ky0cc5nve58ayeqgcpnkf5h8,,Mcea Campaign Finance,"May 27, 2026 - July 14, 2026",,,,"$1,347.27","$9,925.00",$0.00,$326.65,"$8,904.38","$2,700.00",
Douglas A. Thomas,https://www.mainecampaignfinancedisclosure.com/public/filers/f_01kd8w6ftve6dak61qcss7qedk,11-Day Pre-Primary MCEA Report,https://www.mainecampaignfinancedisclosure.com/public/filers/f_01kd8w6ftve6dak61qcss7qedk/filings/d_01kstyc0zqfe891nwmn4racd1s,,Mcea Campaign Finance,"April 08, 2026 - May 26, 2026",,,,$348.35,$675.00,$0.00,$0.00,$326.65,$0.00,
Douglas A. Thomas,https://www.mainecampaignfinancedisclosure.com/public/filers/f_01kd8w6ftve6dak61qcss7qedk,2026 Seed Money Report - Legislative (7-Day Extension),https://www.mainecampaignfinancedisclosure.com/public/filers/f_01kd8w6ftve6dak61qcss7qedk/filings/d_01knmjcgnjfxs856cw349fxb8a,,Mcea Seed Money,"January 01, 2026 - April 07, 2026",$0.00,$0.00,$0.00,"$1,006.00",,,"$1,000.00",,$0.00,$0.00
Douglas A. Thomas,https://www.mainecampaignfinancedisclosure.com/public/filers/f_01kd8w6ftve6dak61qcss7qedk,2026 January Semiannual Report,https://www.mainecampaignfinancedisclosure.com/public/filers/f_01kd8w6ftve6dak61qcss7qedk/filings/d_01kf4f3w4re01aq3f5wmk6eeyj,,Campaign Finance,"November 06, 2024 - December 31, 2025","$1,000.00","$1,000.00",$0.00,$0.00,,,$0.00,"$1,000.00",$0.00,$0.00
Devan Arnold,https://www.mainecampaignfinancedisclosure.com/public/filers/f_01kmr963pqesqrryyzjgg5yg4j,42-Day Post-Primary Report,https://www.mainecampaignfinancedisclosure.com/public/filers/f_01kmr963pqesqrryyzjgg5yg4j/filings/d_01kxxwmqzcegevzdntkr94bz7s,,Campaign Finance,"May 27, 2026 - July 14, 2026",$250.00,$250.00,$0.00,$60.28,,,$125.00,$314.72,$0.00,$50.00
Devan Arnold,https://www.mainecampaignfinancedisclosure.com/public/filers/f_01kmr963pqesqrryyzjgg5yg4j,11-Day Pre-Primary Report,https://www.mainecampaignfinancedisclosure.com/public/filers/f_01kmr963pqesqrryyzjgg5yg4j/filings/d_01kstd3w2wex8t8v0ct59k68eh,,Campaign Finance,"January 01, 2026 - May 26, 2026",$125.00,$125.00,$0.00,$0.00,,,$0.00,$125.00,$0.00,$25.00
Debora Farnham,https://www.mainecampaignfinancedisclosure.com/public/filers/f_01kjfq1cmjf3b9m3rgheh7cqnh,42-Day Post-Primary Report,https://www.mainecampaignfinancedisclosure.com/public/filers/f_01kjfq1cmjf3b9m3rgheh7cqnh/filings/d_01ky0p7cc2fnar6q3f6q3fws1d,,Campaign Finance,"May 27, 2026 - July 14, 2026",$505.00,$505.00,$0.00,$9.00,,,$0.00,$496.00,$0.00,$0.00
Debora Farnham,https://www.mainecampaignfinancedisclosure.com/public/filers/f_01kjfq1cmjf3b9m3rgheh7cqnh,11-Day Pre-Primary Report,https://www.mainecampaignfinancedisclosure.com/public/filers/f_01kjfq1cmjf3b9m3rgheh7cqnh/filings/d_01kst8xa14ea6sq7whjmeqc2wb,,Campaign Finance,"April 22, 2026 - May 26, 2026",$0.00,$0.00,$0.00,$0.00,,,$0.00,$0.00,$0.00,$0.00
Maureen AuCoin,https://www.mainecampaignfinancedisclosure.com/public/filers/f_01khvfbpdmfhkrtc2cnbvvhh7f,42-Day Post-Primary MCEA Report,https://www.mainecampaignfinancedisclosure.com/public/filers/f_01khvfbpdmfhkrtc2cnbvvhh7f/filings/d_01kxznny7mesmaqeph4khhmpr8,,Mcea Campaign Finance,"May 27, 2026 - July 14, 2026",,,,$721.89,"$6,625.00",$0.00,$561.71,"$6,464.82",$0.00,
Maureen AuCoin,https://www.mainecampaignfinancedisclosure.com/public/filers/f_01khvfbpdmfhkrtc2cnbvvhh7f,11-Day Pre-Primary MCEA Report,https://www.mainecampaignfinancedisclosure.com/public/filers/f_01khvfbpdmfhkrtc2cnbvvhh7f/filings/d_01ksmcagzfe6trz5bfzr7d7exn,,Mcea Campaign Finance,"April 10, 2026 - May 26, 2026",,,,"$2,763.29","$3,321.40",$0.00,$3.60,$561.71,$0.00,
Maureen AuCoin,https://www.mainecampaignfinancedisclosure.com/public/filers/f_01khvfbpdmfhkrtc2cnbvvhh7f,2026 Seed Money Report - Extended Deadline,https://www.mainecampaignfinancedisclosure.com/public/filers/f_01khvfbpdmfhkrtc2cnbvvhh7f/filings/d_01knsj97raf4tst5cct8hpa826,,Mcea Seed Money,"Unbounded - April 09, 2026","$1,000.00","$1,000.00",$0.00,$996.40,,,$0.00,$3.60,$0.00,$0.00
Daniel Joseph Ankeles,https://www.mainecampaignfinancedisclosure.com/public/filers/f_01kf4eat87emk8zw7zvwcwrnvd,42-Day Post-Primary MCEA Report,https://www.mainecampaignfinancedisclosure.com/public/filers/f_01kf4eat87emk8zw7zvwcwrnvd/filings/d_01kxhb9z95f61s0st9b0ww25nj,,Mcea Campaign Finance,"May 27, 2026 - July 14, 2026",,,,$0.00,"$6,625.00",$0.00,$675.00,"$7,300.00",$0.00,
Daniel Joseph Ankeles,https://www.mainecampaignfinancedisclosure.com/public/filers/f_01kf4eat87emk8zw7zvwcwrnvd,11-Day Pre-Primary MCEA Report,https://www.mainecampaignfinancedisclosure.com/public/filers/f_01kf4eat87emk8zw7zvwcwrnvd/filings/d_01ksrhzya9enebtwftyv0gry2t,,Mcea Campaign Finance,"April 19, 2026 - May 26, 2026",,,,$0.00,$650.88,$0.00,$24.12,$675.00,$0.00,
Daniel Joseph Ankeles,https://www.mainecampaignfinancedisclosure.com/public/filers/f_01kf4eat87emk8zw7zvwcwrnvd,2026 Seed Money Report - Legislative (7-Day Extension),https://www.mainecampaignfinancedisclosure.com/public/filers/f_01kf4eat87emk8zw7zvwcwrnvd/filings/d_01kphr9hh6ev0btr0xq61jcvgb,,Mcea Seed Money,"January 01, 2026 - April 18, 2026",$400.00,$400.00,$0.00,$975.88,,,$600.00,$24.12,$0.00,$400.00
Daniel Joseph Ankeles,https://www.mainecampaignfinancedisclosure.com/public/filers/f_01kf4eat87emk8zw7zvwcwrnvd,2026 January Semiannual Report,https://www.mainecampaignfinancedisclosure.com/public/filers/f_01kf4eat87emk8zw7zvwcwrnvd/filings/d_01kf4f3w4re01aq3f5kje3k03p,,Campaign Finance,"December 01, 2025 - December 31, 2025",$600.00,$600.00,$0.00,$0.00,,,$0.00,$600.00,$0.00,$600.00
Donna Bailey,https://www.mainecampaignfinancedisclosure.com/public/filers/f_01kd8w6ftve6dak61qe088snh8,42-Day Post-Primary MCEA Report,https://www.mainecampaignfinancedisclosure.com/public/filers/f_01kd8w6ftve6dak61qe088snh8/filings/d_01ky34ta8xer5r1r0eq11pp8c4,,Mcea Campaign Finance,"May 27, 2026 - July 14, 2026",,,,"$2,579.76","$33,125.00",$0.00,"$2,650.00","$33,195.24",$0.00,
Mary Shannon Lindstrom,https://www.mainecampaignfinancedisclosure.com/public/filers/f_01khvnk58we98swfgc2j11awmw,2025 Annual Personal Financial Disclosure,https://www.mainecampaignfinancedisclosure.com/public/filers/f_01khvnk58we98swfgc2j11awmw/filings/d_01kyapn4w6e9grpx6801mzj13t,,,,,,,,,,,,,
Mary Shannon Lindstrom,https://www.mainecampaignfinancedisclosure.com/public/filers/f_01khvnk58we98swfgc2j11awmw,42-Day Post-Primary MCEA Report,https://www.mainecampaignfinancedisclosure.com/public/filers/f_01khvnk58we98swfgc2j11awmw/filings/d_01ky0jx49bfz8sp12adeem5fsn,,Mcea Campaign Finance,"May 27, 2026 - July 14, 2026",,,,"$1,638.95","$6,625.00",$0.00,$366.16,"$5,352.21",$0.00,
Mary Shannon Lindstrom,https://www.mainecampaignfinancedisclosure.com/public/filers/f_01khvnk58we98swfgc2j11awmw,11-Day Pre-Primary MCEA Report,https://www.mainecampaignfinancedisclosure.com/public/filers/f_01khvnk58we98swfgc2j11awmw/filings/d_01ksmsmxrvf5hvfzc2xd72mpbn,,Mcea Campaign Finance,"April 17, 2026 - May 26, 2026",,,,$308.84,$673.29,$0.00,$1.71,$366.16,$0.00,
Mary Shannon Lindstrom,https://www.mainecampaignfinancedisclosure.com/public/filers/f_01khvnk58we98swfgc2j11awmw,2026 Seed Money Report - Extended (7-Day Extension),https://www.mainecampaignfinancedisclosure.com/public/filers/f_01khvnk58we98swfgc2j11awmw/filings/d_01kpbx4hasek9te3z3dr490tdp,,,,,,,,,,,,,
Brian Ames,https://www.mainecampaignfinancedisclosure.com/public/filers/f_01kj8h5wwzenxsm3mdk8j80eth,42-Day Post-Primary MCEA Report,https://www.mainecampaignfinancedisclosure.com/public/filers/f_01kj8h5wwzenxsm3mdk8j80eth/filings/d_01kxttd25bfny8m6x6rzd1p690,,Mcea Campaign Finance,"May 27, 2026 - July 14, 2026",,,,$154.27,"$14,875.00",$0.00,$16.70,"$14,737.43",$0.00,
Brian Ames,https://www.mainecampaignfinancedisclosure.com/public/filers/f_01kj8h5wwzenxsm3mdk8j80eth,42-Day Post-Primary MCEA Report,https://www.mainecampaignfinancedisclosure.com/public/filers/f_01kj8h5wwzenxsm3mdk8j80eth/filings/d_01kxc874bzfecv4yr7jtw9zjby,,Mcea Campaign Finance,"May 27, 2026 - July 14, 2026",,,,$128.96,"$13,225.00",$0.00,$16.70,"$13,112.74",$0.00,
Brian Ames,https://www.mainecampaignfinancedisclosure.com/public/filers/f_01kj8h5wwzenxsm3mdk8j80eth,11-Day Pre-Primary MCEA Report,https://www.mainecampaignfinancedisclosure.com/public/filers/f_01kj8h5wwzenxsm3mdk8j80eth/filings/d_01ksg3ymwtfhmscd565ng59myw,,Mcea Campaign Finance,"April 27, 2026 - May 26, 2026",,,,$658.30,$674.76,$0.00,$0.24,$16.70,$0.00,
Brian Ames,https://www.mainecampaignfinancedisclosure.com/public/filers/f_01kj8h5wwzenxsm3mdk8j80eth,2026 Seed Money Report - Extended Deadline,https://www.mainecampaignfinancedisclosure.com/public/filers/f_01kj8h5wwzenxsm3mdk8j80eth/filings/d_01kqa5h7sqfc0t532fc9k7gsr7,,,,,,,,,,,,,
Barbara Anne Bagshaw,https://www.mainecampaignfinancedisclosure.com/public/filers/f_01kf4eat87emk8zw7zs70f1znk,42-Day Post-Primary MCEA Report,https://www.mainecampaignfinancedisclosure.com/public/filers/f_01kf4eat87emk8zw7zs70f1znk/filings/d_01kxp30vsxe4q93c92y0fes5vm,,Mcea Campaign Finance,"May 27, 2026 - July 14, 2026",,,,"$4,861.45","$19,825.00",$0.00,$540.97,"$15,504.52",$0.00,
Barbara Anne Bagshaw,https://www.mainecampaignfinancedisclosure.com/public/filers/f_01kf4eat87emk8zw7zs70f1znk,11-Day Pre-Primary MCEA Report,https://www.mainecampaignfinancedisclosure.com/public/filers/f_01kf4eat87emk8zw7zs70f1znk/filings/d_01ky0222jwfjgrknz0tdbfrxzc,,Mcea Campaign Finance,"March 04, 2026 - May 26, 2026",,,,$134.03,$675.00,$0.00,$0.00,$540.97,$0.00,
Barbara Anne Bagshaw,https://www.mainecampaignfinancedisclosure.com/public/filers/f_01kf4eat87emk8zw7zs70f1znk,11-Day Pre-Primary MCEA Report,https://www.mainecampaignfinancedisclosure.com/public/filers/f_01kf4eat87emk8zw7zs70f1znk/filings/d_01ks8hm8b6fg7vak47mhjfk5d4,,Mcea Campaign Finance,"March 04, 2026 - May 26, 2026",,,,$72.28,$675.00,$0.00,"$1,000.00","$1,602.72",$0.00,
Barbara Anne Bagshaw,https://www.mainecampaignfinancedisclosure.com/public/filers/f_01kf4eat87emk8zw7zs70f1znk,2026 Seed Money Report - Legislative,https://www.mainecampaignfinancedisclosure.com/public/filers/f_01kf4eat87emk8zw7zs70f1znk/filings/d_01ksp1fzrsehh9dvqah80gz0qs,,,,,,,,,,,,,
Barbara Anne Bagshaw,https://www.mainecampaignfinancedisclosure.com/public/filers/f_01kf4eat87emk8zw7zs70f1znk,2026 January Semiannual Report,https://www.mainecampaignfinancedisclosure.com/public/filers/f_01kf4eat87emk8zw7zs70f1znk/filings/d_01kf4f3w4qe2jtscj5wdbbc6pw,,,,,,,,,,,,,
Genevieve Lemire,https://www.mainecampaignfinancedisclosure.com/public/filers/f_01kjj948ghfvz852drf972tbf4,2025 Annual Personal Financial Disclosure,https://www.mainecampaignfinancedisclosure.com/public/filers/f_01kjj948ghfvz852drf972tbf4/filings/d_01kyt0dzsce80b4xqcjszg42ep,,,,,,,,,,,,,
Genevieve Lemire,https://www.mainecampaignfinancedisclosure.com/public/filers/f_01kjj948ghfvz852drf972tbf4,42-Day Post-Primary MCEA Report,https://www.mainecampaignfinancedisclosure.com/public/filers/f_01kjj948ghfvz852drf972tbf4/filings/d_01kxjx5wn7eqganwavhsxgd0qj,,Mcea Campaign Finance,"May 28, 2026 - July 14, 2026",,,,$0.00,"$7,235.12",$0.00,$64.88,"$7,300.00",$0.00,
Genevieve Lemire,https://www.mainecampaignfinancedisclosure.com/public/filers/f_01kjj948ghfvz852drf972tbf4,2026 Seed Money Report - Extended (7-Day Extension),https://www.mainecampaignfinancedisclosure.com/public/filers/f_01kjj948ghfvz852drf972tbf4/filings/d_01ksh8t5j3fkwvp2eqh446wp2c,,,,,,,,,,,,,
Walter Runte JR,https://www.mainecampaignfinancedisclosure.com/public/filers/f_01kjeje61pf4k8etvt35jz0j17,42-Day Post-Primary MCEA Report,https://www.mainecampaignfinancedisclosure.com/public/filers/f_01kjeje61pf4k8etvt35jz0j17/filings/d_01ky0mcv3pfqzbr3sew6hqgm1m,,Mcea Campaign Finance,"May 27, 2026 - July 14, 2026",,,,$824.62,"$8,275.00",$0.00,$675.00,"$8,125.38",$0.00,
Walter Runte JR,https://www.mainecampaignfinancedisclosure.com/public/filers/f_01kjeje61pf4k8etvt35jz0j17,11-Day Pre-Primary MCEA Report,https://www.mainecampaignfinancedisclosure.com/public/filers/f_01kjeje61pf4k8etvt35jz0j17/filings/d_01ks881yqxeexa6azhprq2myn1,,Mcea Campaign Finance,"April 15, 2026 - May 26, 2026",,,,$0.00,$675.00,$0.00,$0.00,$675.00,$0.00,
Walter Runte JR,https://www.mainecampaignfinancedisclosure.com/public/filers/f_01kjeje61pf4k8etvt35jz0j17,2026 Seed Money Report - Extended Deadline,https://www.mainecampaignfinancedisclosure.com/public/filers/f_01kjeje61pf4k8etvt35jz0j17/filings/d_01kp67mbcde3f8swfn8ayt95pc,,,,,,,,,,,,,
Oliver McAvoy,https://www.mainecampaignfinancedisclosure.com/public/filers/f_01kjfrekfsfzkvqvt22bfas31z,2025 Annual Personal Financial Disclosure,https://www.mainecampaignfinancedisclosure.com/public/filers/f_01kjfrekfsfzkvqvt22bfas31z/filings/d_01kzp9f4yqf31v203rmry7yk1b,,,,,,,,,,,,,
Oliver McAvoy,https://www.mainecampaignfinancedisclosure.com/public/filers/f_01kjfrekfsfzkvqvt22bfas31z,42-Day Post-Primary MCEA Report,https://www.mainecampaignfinancedisclosure.com/public/filers/f_01kjfrekfsfzkvqvt22bfas31z/filings/d_01ky2x31d6f2fv63zmtfh18qx4,,Mcea Campaign Finance,"May 28, 2026 - July 14, 2026",,,,$0.00,"$7,255.48",$0.00,$44.52,"$7,300.00",$0.00,
Oliver McAvoy,https://www.mainecampaignfinancedisclosure.com/public/filers/f_01kjfrekfsfzkvqvt22bfas31z,2026 Seed Money Report - Extended (7-Day Extension),https://www.mainecampaignfinancedisclosure.com/public/filers/f_01kjfrekfsfzkvqvt22bfas31z/filings/d_01ks90wwr1fw5rp2my6hj65pjg,,,,,,,,,,,,,
Michelle N Boyer,https://www.mainecampaignfinancedisclosure.com/public/filers/f_01kf4eat87emk8zw808axh1r8x,42-Day Post-Primary MCEA Report,https://www.mainecampaignfinancedisclosure.com/public/filers/f_01kf4eat87emk8zw808axh1r8x/filings/d_01kx6fm0ejexssxgvbaam3w30f,,Mcea Campaign Finance,"May 27, 2026 - July 14, 2026",,,,$0.00,"$6,625.00",$0.00,$675.00,"$7,300.00",$0.00,
Michelle N Boyer,https://www.mainecampaignfinancedisclosure.com/public/filers/f_01kf4eat87emk8zw808axh1r8x,11-Day Pre-Primary MCEA Report,https://www.mainecampaignfinancedisclosure.com/public/filers/f_01kf4eat87emk8zw808axh1r8x/filings/d_01ksqsymtqf0carmb67z2kwvy8,,Mcea Campaign Finance,"April 14, 2026 - May 26, 2026",,,,$0.00,$675.00,$0.00,$0.00,$675.00,$0.00,
Michelle N Boyer,https://www.mainecampaignfinancedisclosure.com/public/filers/f_01kf4eat87emk8zw808axh1r8x,2026 Seed Money Report - Legislative,https://www.mainecampaignfinancedisclosure.com/public/filers/f_01kf4eat87emk8zw808axh1r8x/filings/d_01kp3tfn2febzthf0x9pzxd0nk,,,,,,,,,,,,,
Bruce Bickford,https://www.mainecampaignfinancedisclosure.com/public/filers/f_01kf4eat87emk8zw8037vfnx57,42-Day Post-Primary MCEA Report,https://www.mainecampaignfinancedisclosure.com/public/filers/f_01kf4eat87emk8zw8037vfnx57/filings/d_01ky2cfkbcevmtxx1zx5yx632y,,Mcea Campaign Finance,"May 27, 2026 - July 14, 2026",,,,"$2,189.19","$33,125.00",$0.00,"$2,413.00","$33,348.81",$0.00,
Bruce Bickford,https://www.mainecampaignfinancedisclosure.com/public/filers/f_01kf4eat87emk8zw8037vfnx57,11-Day Pre-Primary MCEA Report,https://www.mainecampaignfinancedisclosure.com/public/filers/f_01kf4eat87emk8zw8037vfnx57/filings/d_01ksta6wp0fkv8vmg1xk1p38xw,,Mcea Campaign Finance,"April 22, 2026 - May 26, 2026",,,,$237.00,"$2,650.00",$0.00,$0.00,"$2,413.00",$0.00,
Bruce Bickford,https://www.mainecampaignfinancedisclosure.com/public/filers/f_01kf4eat87emk8zw8037vfnx57,2026 Seed Money Report - Legislative (7-Day Extension),https://www.mainecampaignfinancedisclosure.com/public/filers/f_01kf4eat87emk8zw8037vfnx57/filings/d_01kpr7t32vfqf8e1r2ydyrg2ft,,,,,,,,,,,,,
William R. Bridgeo,https://www.mainecampaignfinancedisclosure.com/public/filers/f_01kf4eat87emk8zw7zryk5a2kz,42-Day Post-Primary MCEA Report,https://www.mainecampaignfinancedisclosure.com/public/filers/f_01kf4eat87emk8zw7zryk5a2kz/filings/d_01ky2mngnpe6magvb5k1sh15tg,,Mcea Campaign Finance,"May 27, 2026 - July 14, 2026",,,,$90.96,"$11,575.00",$0.00,$675.00,"$12,159.04",$0.00,
William R. Bridgeo,https://www.mainecampaignfinancedisclosure.com/public/filers/f_01kf4eat87emk8zw7zryk5a2kz,11-Day Pre-Primary MCEA Report,https://www.mainecampaignfinancedisclosure.com/public/filers/f_01kf4eat87emk8zw7zryk5a2kz/filings/d_01kst4tyahe329tjq3m3zfnsmd,,Mcea Campaign Finance,"April 22, 2026 - May 26, 2026",,,,$0.00,$671.00,$0.00,$4.00,$675.00,$0.00,
William R. Bridgeo,https://www.mainecampaignfinancedisclosure.com/public/filers/f_01kf4eat87emk8zw7zryk5a2kz,2026 Seed Money Report - Legislative,https://www.mainecampaignfinancedisclosure.com/public/filers/f_01kf4eat87emk8zw7zryk5a2kz/filings/d_01kpbcvbfwftasdgvqgkbqbs6v,,,,,,,,,,,,,
Kirstan Watson,https://www.mainecampaignfinancedisclosure.com/public/filers/f_01kjj5qyg2fbysgzatktjdzzrz,2025 Annual Personal Financial Disclosure,https://www.mainecampaignfinancedisclosure.com/public/filers/f_01kjj5qyg2fbysgzatktjdzzrz/filings/d_01kz1cw1a5eafrcphcv40w392t,,,,,,,,,,,,,
Kirstan Watson,https://www.mainecampaignfinancedisclosure.com/public/filers/f_01kjj5qyg2fbysgzatktjdzzrz,42-Day Post-Primary MCEA Report,https://www.mainecampaignfinancedisclosure.com/public/filers/f_01kjj5qyg2fbysgzatktjdzzrz/filings/d_01ky0rxfvke55rt5kqk1nnbgwv,,Mcea Campaign Finance,"May 27, 2026 - July 14, 2026",,,,$340.59,"$8,275.00",$0.00,$675.00,"$8,609.41",$0.00,
Kirstan Watson,https://www.mainecampaignfinancedisclosure.com/public/filers/f_01kjj5qyg2fbysgzatktjdzzrz,11-Day Pre-Primary MCEA Report,https://www.mainecampaignfinancedisclosure.com/public/filers/f_01kjj5qyg2fbysgzatktjdzzrz/filings/d_01ksqy1jmfeqdt880mcesg4mxe,,Mcea Campaign Finance,"May 14, 2026 - May 26, 2026",,,,$0.00,$670.15,$0.00,$4.85,$675.00,$0.00,
Kirstan Watson,https://www.mainecampaignfinancedisclosure.com/public/filers/f_01kjj5qyg2fbysgzatktjdzzrz,2026 Seed Money Report - Extended Deadline,https://www.mainecampaignfinancedisclosure.com/public/filers/f_01kjj5qyg2fbysgzatktjdzzrz/filings/d_01krgfk355fzetcczk31hbhvda,,,,,,,,,,,,,
Mark Frederick Zimmer,https://www.mainecampaignfinancedisclosure.com/public/filers/f_01kd8w6ftweefsxt0c9w80ws99,42-Day Post-Primary MCEA Report,https://www.mainecampaignfinancedisclosure.com/public/filers/f_01kd8w6ftweefsxt0c9w80ws99/filings/d_01ky2r30dte2abpzykpvn68cps,,Mcea Campaign Finance,"May 27, 2026 - July 14, 2026",,,,"$1,481.50","$19,825.00",$0.00,$22.74,"$18,366.24",$0.00,
Mark Frederick Zimmer,https://www.mainecampaignfinancedisclosure.com/public/filers/f_01kd8w6ftweefsxt0c9w80ws99,2025 Annual Personal Financial Disclosure,https://www.mainecampaignfinancedisclosure.com/public/filers/f_01kd8w6ftweefsxt0c9w80ws99/filings/d_01kxrjkhxeedetergx8em7c5e1,,,,,,,,,,,,,
Mark Frederick Zimmer,https://www.mainecampaignfinancedisclosure.com/public/filers/f_01kd8w6ftweefsxt0c9w80ws99,11-Day Pre-Primary MCEA Report,https://www.mainecampaignfinancedisclosure.com/public/filers/f_01kd8w6ftweefsxt0c9w80ws99/filings/d_01ks7z8eerfr8vnpdk3ab12mx3,,Mcea Campaign Finance,"March 18, 2026 - May 26, 2026",,,,$652.26,$675.00,$0.00,$0.00,$22.74,$495.87,
Mark Frederick Zimmer,https://www.mainecampaignfinancedisclosure.com/public/filers/f_01kd8w6ftweefsxt0c9w80ws99,2026 Seed Money Report - Legislative,https://www.mainecampaignfinancedisclosure.com/public/filers/f_01kd8w6ftweefsxt0c9w80ws99/filings/d_01ksp1g4ytev49f76jmdd6jpwn,,,,,,,,,,,,,
Mark Frederick Zimmer,https://www.mainecampaignfinancedisclosure.com/public/filers/f_01kd8w6ftweefsxt0c9w80ws99,2026 January Semiannual Report,https://www.mainecampaignfinancedisclosure.com/public/filers/f_01kd8w6ftweefsxt0c9w80ws99/filings/d_01kf4f3w4qe2jtscj5tm2qd1kz,,,,,,,,,,,,,
Pamela Jo Swift,https://www.mainecampaignfinancedisclosure.com/public/filers/f_01kf4eat87emk8zw807sffsaz7,2025 Annual Personal Financial Disclosure,https://www.mainecampaignfinancedisclosure.com/public/filers/f_01kf4eat87emk8zw807sffsaz7/filings/d_01ky0j8tkcfww8tjaz1e80ddyv,,,,,,,,,,,,,
Pamela Jo Swift,https://www.mainecampaignfinancedisclosure.com/public/filers/f_01kf4eat87emk8zw807sffsaz7,42-Day Post-Primary MCEA Report,https://www.mainecampaignfinancedisclosure.com/public/filers/f_01kf4eat87emk8zw807sffsaz7/filings/d_01ky0g4dtdem88hey2m597s1tv,,Mcea Campaign Finance,"May 27, 2026 - July 14, 2026",,,,"$6,522.75","$6,625.00",$0.00,$675.00,$777.25,$0.00,
Pamela Jo Swift,https://www.mainecampaignfinancedisclosure.com/public/filers/f_01kf4eat87emk8zw807sffsaz7,11-Day Pre-Primary MCEA Report,https://www.mainecampaignfinancedisclosure.com/public/filers/f_01kf4eat87emk8zw807sffsaz7/filings/d_01ksqghcq3eznsbz4jtckresps,,Mcea Campaign Finance,"April 17, 2026 - May 26, 2026",,,,$0.00,$675.00,$0.00,$0.00,$675.00,$0.00,
Pamela Jo Swift,https://www.mainecampaignfinancedisclosure.com/public/filers/f_01kf4eat87emk8zw807sffsaz7,2026 Seed Money Report - Legislative,https://www.mainecampaignfinancedisclosure.com/public/filers/f_01kf4eat87emk8zw807sffsaz7/filings/d_01kpbmbx1hebhvccy4vg17h09b,,,,,,,,,,,,,
Peter J. Southam,https://www.mainecampaignfinancedisclosure.com/public/filers/f_01kf4eat87emk8zw806q8cn0vd,2025 Annual Personal Financial Disclosure,https://www.mainecampaignfinancedisclosure.com/public/filers/f_01kf4eat87emk8zw806q8cn0vd/filings/d_01kypvvy5vfayrv4q33rrm9c32,,,,,,,,,,,,,
Peter J. Southam,https://www.mainecampaignfinancedisclosure.com/public/filers/f_01kf4eat87emk8zw806q8cn0vd,42-Day Post-Primary MCEA Report,https://www.mainecampaignfinancedisclosure.com/public/filers/f_01kf4eat87emk8zw806q8cn0vd/filings/d_01kxzxy1bgf4w9a7w1yb6586e4,,Mcea Campaign Finance,"May 27, 2026 - July 14, 2026",,,,$739.24,"$53,000.00",$0.00,"$1,386.34","$53,647.10","$1,752.87",
Peter J. Southam,https://www.mainecampaignfinancedisclosure.com/public/filers/f_01kf4eat87emk8zw806q8cn0vd,11-Day Pre-Primary MCEA Report,https://www.mainecampaignfinancedisclosure.com/public/filers/f_01kf4eat87emk8zw806q8cn0vd/filings/d_01ksfhh0xdfr1affthav6gxzwe,,Mcea Campaign Finance,"April 17, 2026 - May 26, 2026",,,,"$1,263.66","$2,650.00",$0.00,$0.00,"$1,386.34",$0.00,
Peter J. Southam,https://www.mainecampaignfinancedisclosure.com/public/filers/f_01kf4eat87emk8zw806q8cn0vd,2026 Seed Money Report - Legislative,https://www.mainecampaignfinancedisclosure.com/public/filers/f_01kf4eat87emk8zw806q8cn0vd/filings/d_01kpbqs3fvfqt9fakzwcc24gks,,,,,,,,,,,,,
Steven Butterfield,https://www.mainecampaignfinancedisclosure.com/public/filers/f_01khbtp46gfv59jcd5d8zvy6ag,42-Day Post-Primary MCEA Report,https://www.mainecampaignfinancedisclosure.com/public/filers/f_01khbtp46gfv59jcd5d8zvy6ag/filings/d_01kx1f03swetmsbj3sa6xkseeb,,Mcea Campaign Finance,"May 27, 2026 - July 14, 2026",,,,$123.74,$0.00,$180.23,$303.97,$0.00,$0.00,
Steven Butterfield,https://www.mainecampaignfinancedisclosure.com/public/filers/f_01khbtp46gfv59jcd5d8zvy6ag,11-Day Pre-Primary MCEA Report,https://www.mainecampaignfinancedisclosure.com/public/filers/f_01khbtp46gfv59jcd5d8zvy6ag/filings/d_01krhh0aahe3482wf690zez29p,,Mcea Campaign Finance,"April 18, 2026 - May 26, 2026",,,,"$3,021.03","$3,305.77",$0.00,$19.23,$303.97,$0.00,
Steven Butterfield,https://www.mainecampaignfinancedisclosure.com/public/filers/f_01khbtp46gfv59jcd5d8zvy6ag,2026 Seed Money Report - Extended Deadline,https://www.mainecampaignfinancedisclosure.com/public/filers/f_01khbtp46gfv59jcd5d8zvy6ag/filings/d_01kpdv6e3yeeeaqqywfcap13sw,,,,,,,,,,,,,
Erik Hobson,https://www.mainecampaignfinancedisclosure.com/public/filers/f_01kjqsh9hne1zamr8ekvtaf4np,42-Day Post-Primary MCEA Report,https://www.mainecampaignfinancedisclosure.com/public/filers/f_01kjqsh9hne1zamr8ekvtaf4np/filings/d_01ky0v4ktjf69t6cc4gczfr1y0,,Mcea Campaign Finance,"May 27, 2026 - July 14, 2026",,,,"$1,373.26","$11,575.00",$0.00,$423.75,"$10,625.49",$0.00,
Erik Hobson,https://www.mainecampaignfinancedisclosure.com/public/filers/f_01kjqsh9hne1zamr8ekvtaf4np,2025 Annual Personal Financial Disclosure,https://www.mainecampaignfinancedisclosure.com/public/filers/f_01kjqsh9hne1zamr8ekvtaf4np/filings/d_01kxzw8m90e52vkya3wffjhy8y,,,,,,,,,,,,,
Erik Hobson,https://www.mainecampaignfinancedisclosure.com/public/filers/f_01kjqsh9hne1zamr8ekvtaf4np,11-Day Pre-Primary MCEA Report,https://www.mainecampaignfinancedisclosure.com/public/filers/f_01kjqsh9hne1zamr8ekvtaf4np/filings/d_01ksmw4x47f4bbxw958nsv8jhq,,Mcea Campaign Finance,"May 06, 2026 - May 26, 2026",,,,$251.25,$675.00,$0.00,$0.00,$423.75,$0.00,
Erik Hobson,https://www.mainecampaignfinancedisclosure.com/public/filers/f_01kjqsh9hne1zamr8ekvtaf4np,2026 Seed Money Report - Extended Deadline,https://www.mainecampaignfinancedisclosure.com/public/filers/f_01kjqsh9hne1zamr8ekvtaf4np/filings/d_01kqacshs6exsaheg4waxz6k2e,,,,,,,,,,,,,
Roland Daniel Martin,https://www.mainecampaignfinancedisclosure.com/public/filers/f_01kj8q6d0aecfry25181tgft4v,2025 Annual Personal Financial Disclosure,https://www.mainecampaignfinancedisclosure.com/public/filers/f_01kj8q6d0aecfry25181tgft4v/filings/d_01kymy0wd7facshg4s74jwe6nw,,,,,,,,,,,,,
Roland Daniel Martin,https://www.mainecampaignfinancedisclosure.com/public/filers/f_01kj8q6d0aecfry25181tgft4v,42-Day Post-Primary MCEA Report,https://www.mainecampaignfinancedisclosure.com/public/filers/f_01kj8q6d0aecfry25181tgft4v/filings/d_01ky00d3y1e63rnyset0qjgesa,,Mcea Campaign Finance,"May 27, 2026 - July 14, 2026",,,,$577.90,"$14,875.00",$0.00,$675.00,"$14,972.10",$0.00,
Roland Daniel Martin,https://www.mainecampaignfinancedisclosure.com/public/filers/f_01kj8q6d0aecfry25181tgft4v,11-Day Pre-Primary MCEA Report,https://www.mainecampaignfinancedisclosure.com/public/filers/f_01kj8q6d0aecfry25181tgft4v/filings/d_01ksms5x2qfthr31waktg2td8w,,Mcea Campaign Finance,"April 09, 2026 - May 26, 2026",,,,$0.00,$665.00,$0.00,$10.00,$675.00,$0.00,
Roland Daniel Martin,https://www.mainecampaignfinancedisclosure.com/public/filers/f_01kj8q6d0aecfry25181tgft4v,2026 Seed Money Report - Extended Deadline,https://www.mainecampaignfinancedisclosure.com/public/filers/f_01kj8q6d0aecfry25181tgft4v/filings/d_01knq714kyedw85gepz0mdgrn3,,,,,,,,,,,,,
Kayla Miller,https://www.mainecampaignfinancedisclosure.com/public/filers/f_01km0ymgd2ey6s6xabkr20822j,42-Day Post-Primary MCEA Report,https://www.mainecampaignfinancedisclosure.com/public/filers/f_01km0ymgd2ey6s6xabkr20822j/filings/d_01kxran25yew7t48gsb9h9me40,,Mcea Campaign Finance,"May 27, 2026 - July 14, 2026",,,,$523.82,"$6,625.00",$0.00,"$1,641.95","$7,743.13",$0.00,
Kayla Miller,https://www.mainecampaignfinancedisclosure.com/public/filers/f_01km0ymgd2ey6s6xabkr20822j,11-Day Pre-Primary MCEA Report,https://www.mainecampaignfinancedisclosure.com/public/filers/f_01km0ymgd2ey6s6xabkr20822j/filings/d_01ksk2bq81fnma7z8607zd3gk6,,Mcea Campaign Finance,"May 16, 2026 - May 26, 2026",,,,"$1,683.05","$3,325.00",$0.00,$0.00,"$1,641.95",$0.00,
Kayla Miller,https://www.mainecampaignfinancedisclosure.com/public/filers/f_01km0ymgd2ey6s6xabkr20822j,2026 Seed Money Report - Extended Deadline,https://www.mainecampaignfinancedisclosure.com/public/filers/f_01km0ymgd2ey6s6xabkr20822j/filings/d_01krpmyp25eae9my562e9kwbb4,,,,,,,,,,,,,
Nina A Milliken,https://www.mainecampaignfinancedisclosure.com/public/filers/f_01kf4eat87emk8zw7zqz59g6j8,42-Day Post-Primary MCEA Report,https://www.mainecampaignfinancedisclosure.com/public/filers/f_01kf4eat87emk8zw7zqz59g6j8/filings/d_01ky2c1bn8fq6vwf449nqqj89n,,Mcea Campaign Finance,"May 27, 2026 - July 14, 2026",,,,$0.00,"$6,625.00",$0.00,$675.61,"$7,300.61",$0.00,
Nina A Milliken,https://www.mainecampaignfinancedisclosure.com/public/filers/f_01kf4eat87emk8zw7zqz59g6j8,11-Day Pre-Primary MCEA Report,https://www.mainecampaignfinancedisclosure.com/public/filers/f_01kf4eat87emk8zw7zqz59g6j8/filings/d_01ky2gbcpcffabxeev3v56hywx,,Mcea Campaign Finance,"April 18, 2026 - May 26, 2026",,,,,$639.41,$0.00,$35.59,$675.61,$0.00,
Nina A Milliken,https://www.mainecampaignfinancedisclosure.com/public/filers/f_01kf4eat87emk8zw7zqz59g6j8,11-Day Pre-Primary MCEA Report,https://www.mainecampaignfinancedisclosure.com/public/filers/f_01kf4eat87emk8zw7zqz59g6j8/filings/d_01ksr96ewqf938vt7eh1sfkspz,,Mcea Campaign Finance,"April 18, 2026 - May 26, 2026",,,,$0.00,$639.41,$0.00,$35.59,$675.00,$0.00,
Nina A Milliken,https://www.mainecampaignfinancedisclosure.com/public/filers/f_01kf4eat87emk8zw7zqz59g6j8,2026 Seed Money Report - Legislative (7-Day Extension),https://www.mainecampaignfinancedisclosure.com/public/filers/f_01kf4eat87emk8zw7zqz59g6j8/filings/d_01kp44ycxjevm998gnae09n83k,,,,,,,,,,,,,
Kristi Mathieson,https://www.mainecampaignfinancedisclosure.com/public/filers/f_01kh7nk4vkfw7rjt1kn8fa3bpb,42-Day Post-Primary MCEA Report,https://www.mainecampaignfinancedisclosure.com/public/filers/f_01kh7nk4vkfw7rjt1kn8fa3bpb/filings/d_01ky08hnqre20bdh0crcjcas97,,Mcea Campaign Finance,"May 27, 2026 - July 14, 2026",,,,$0.00,"$8,275.00",$0.00,$675.00,"$8,950.00",$0.00,
Kristi Mathieson,https://www.mainecampaignfinancedisclosure.com/public/filers/f_01kh7nk4vkfw7rjt1kn8fa3bpb,11-Day Pre-Primary MCEA Report,https://www.mainecampaignfinancedisclosure.com/public/filers/f_01kh7nk4vkfw7rjt1kn8fa3bpb/filings/d_01ks5hg093e1988e7n9vvnxyjh,,Mcea Campaign Finance,"March 04, 2026 - May 26, 2026",,,,$0.00,$675.00,$0.00,$0.00,$675.00,$0.00,
Kristi Mathieson,https://www.mainecampaignfinancedisclosure.com/public/filers/f_01kh7nk4vkfw7rjt1kn8fa3bpb,2026 Seed Money Report - Legislative,https://www.mainecampaignfinancedisclosure.com/public/filers/f_01kh7nk4vkfw7rjt1kn8fa3bpb/filings/d_01ksp1g3hzeq7a0d5600fqg0yg,,,,,,,,,,,,,
Matthew Rush,https://www.mainecampaignfinancedisclosure.com/public/filers/f_01kjtv7x8tfhr9nytnwdmk0r8t,2025 Annual Personal Financial Disclosure,https://www.mainecampaignfinancedisclosure.com/public/filers/f_01kjtv7x8tfhr9nytnwdmk0r8t/filings/d_01kz67qxh7ezztb86yzz3ytef5,,,,,,,,,,,,,
Matthew Rush,https://www.mainecampaignfinancedisclosure.com/public/filers/f_01kjtv7x8tfhr9nytnwdmk0r8t,42-Day Post-Primary MCEA Report,https://www.mainecampaignfinancedisclosure.com/public/filers/f_01kjtv7x8tfhr9nytnwdmk0r8t/filings/d_01kxnnkbwpent8mq4rb59yvevq,,Mcea Campaign Finance,"May 27, 2026 - July 14, 2026",,,,$738.33,"$19,825.00",$0.00,$675.00,"$19,761.67",$0.00,
Matthew Rush,https://www.mainecampaignfinancedisclosure.com/public/filers/f_01kjtv7x8tfhr9nytnwdmk0r8t,11-Day Pre-Primary MCEA Report,https://www.mainecampaignfinancedisclosure.com/public/filers/f_01kjtv7x8tfhr9nytnwdmk0r8t/filings/d_01ksd57ctmf36bw7e625nrwrjt,,Mcea Campaign Finance,"April 24, 2026 - May 26, 2026",,,,$0.00,$675.00,$0.00,$0.00,$675.00,$0.00,
Matthew Rush,https://www.mainecampaignfinancedisclosure.com/public/filers/f_01kjtv7x8tfhr9nytnwdmk0r8t,2026 Seed Money Report - Legislative (7-Day Extension),https://www.mainecampaignfinancedisclosure.com/public/filers/f_01kjtv7x8tfhr9nytnwdmk0r8t/filings/d_01kpxdd00hfky9gett0wvghb2y,,,,,,,,,,,,,
Timothy E Nangle,https://www.mainecampaignfinancedisclosure.com/public/filers/f_01kd8w6ftve6dak61qdjz1m52z,42-Day Post-Primary MCEA Report,https://www.mainecampaignfinancedisclosure.com/public/filers/f_01kd8w6ftve6dak61qdjz1m52z/filings/d_01ky0zfqfnfed8x1xgqzq0p3c1,,Mcea Campaign Finance,"May 27, 2026 - July 14, 2026",,,,"$2,004.31","$46,375.00",$0.00,"$2,572.96","$46,943.65",$0.00,
Timothy E Nangle,https://www.mainecampaignfinancedisclosure.com/public/filers/f_01kd8w6ftve6dak61qdjz1m52z,11-Day Pre-Primary MCEA Report,https://www.mainecampaignfinancedisclosure.com/public/filers/f_01kd8w6ftve6dak61qdjz1m52z/filings/d_01ksqxgbzaemcb66nqk3nw5cmq,,Mcea Campaign Finance,"May 08, 2026 - May 26, 2026",,,,$77.04,"$2,640.00",$0.00,$10.00,"$2,572.96",$0.00,
Timothy E Nangle,https://www.mainecampaignfinancedisclosure.com/public/filers/f_01kd8w6ftve6dak61qdjz1m52z,2026 Seed Money Report - Legislative (7-Day Extension),https://www.mainecampaignfinancedisclosure.com/public/filers/f_01kd8w6ftve6dak61qdjz1m52z/filings/d_01kqah78h7e06tzmv89x9shq5d,,,,,,,,,,,,,
David H. McCrea,https://www.mainecampaignfinancedisclosure.com/public/filers/f_01kf4eat87emk8zw8044fd19cs,42-Day Post-Primary MCEA Report,https://www.mainecampaignfinancedisclosure.com/public/filers/f_01kf4eat87emk8zw8044fd19cs/filings/d_01ky03eh11fs3rbmctm5pn7zpf,,Mcea Campaign Finance,"May 27, 2026 - July 14, 2026",,,,$442.84,"$19,825.00",$0.00,$454.22,"$19,836.38",$0.00,
David H. McCrea,https://www.mainecampaignfinancedisclosure.com/public/filers/f_01kf4eat87emk8zw8044fd19cs,11-Day Pre-Primary MCEA Report,https://www.mainecampaignfinancedisclosure.com/public/filers/f_01kf4eat87emk8zw8044fd19cs/filings/d_01ksr16sgef8q9s6hvbt19dqab,,Mcea Campaign Finance,"April 09, 2026 - May 26, 2026",,,,$220.78,$675.00,$0.00,$0.00,$454.22,$0.00,
David H. McCrea,https://www.mainecampaignfinancedisclosure.com/public/filers/f_01kf4eat87emk8zw8044fd19cs,2026 Seed Money Report - Legislative,https://www.mainecampaignfinancedisclosure.com/public/filers/f_01kf4eat87emk8zw8044fd19cs/filings/d_01knm2k451f58rsa2wbw3j8600,,,,,,,,,,,,,
Ryan Christopher Otis,https://www.mainecampaignfinancedisclosure.com/public/filers/f_01kf4eat87emk8zw7zvvwc1r92,2025 Annual Personal Financial Disclosure,https://www.mainecampaignfinancedisclosure.com/public/filers/f_01kf4eat87emk8zw7zvvwc1r92/filings/d_01kzpjbn29f7hs23p7mv5tyhzv,,,,,,,,,,,,,
Ryan Christopher Otis,https://www.mainecampaignfinancedisclosure.com/public/filers/f_01kf4eat87emk8zw7zvvwc1r92,42-Day Post-Primary MCEA Report,https://www.mainecampaignfinancedisclosure.com/public/filers/f_01kf4eat87emk8zw7zvvwc1r92/filings/d_01ky2rp6f2f59vfv1swa84pcq5,,Mcea Campaign Finance,"May 27, 2026 - July 14, 2026",,,,"$6,296.68","$26,500.00",$0.00,"$1,034.00","$21,237.32",$0.00,
Ryan Christopher Otis,https://www.mainecampaignfinancedisclosure.com/public/filers/f_01kf4eat87emk8zw7zvvwc1r92,11-Day Pre-Primary MCEA Report,https://www.mainecampaignfinancedisclosure.com/public/filers/f_01kf4eat87emk8zw7zvvwc1r92/filings/d_01ksjaad5qfx6byg2qjg1xbb9q,,Mcea Campaign Finance,"April 22, 2026 - May 26, 2026",,,,"$1,616.00","$2,645.00",$0.00,$5.00,"$1,034.00",$0.00,
Ryan Christopher Otis,https://www.mainecampaignfinancedisclosure.com/public/filers/f_01kf4eat87emk8zw7zvvwc1r92,2026 Seed Money Report - Legislative (7-Day Extension),https://www.mainecampaignfinancedisclosure.com/public/filers/f_01kf4eat87emk8zw7zvvwc1r92/filings/d_01kprhbphmfmptzrtjybqzgmxj,,,,,,,,,,,,,
Ryan Christopher Otis,https://www.mainecampaignfinancedisclosure.com/public/filers/f_01kf4eat87emk8zw7zvvwc1r92,2026 January Semiannual Report,https://www.mainecampaignfinancedisclosure.com/public/filers/f_01kf4eat87emk8zw7zvvwc1r92/filings/d_01kf4f3w4re01aq3f5zz65wzna,,,,,,,,,,,,,
Dana Staples,https://www.mainecampaignfinancedisclosure.com/public/filers/f_01kh530xyse9pa9c702nb29aea,2025 Annual Personal Financial Disclosure,https://www.mainecampaignfinancedisclosure.com/public/filers/f_01kh530xyse9pa9c702nb29aea/filings/d_01kymfzf6bfsyrvcsysncga0am,,,,,,,,,,,,,
Dana Staples,https://www.mainecampaignfinancedisclosure.com/public/filers/f_01kh530xyse9pa9c702nb29aea,42-Day Post-Primary MCEA Report,https://www.mainecampaignfinancedisclosure.com/public/filers/f_01kh530xyse9pa9c702nb29aea/filings/d_01kxxca1kgeqnsqbp7tabmhyza,,Mcea Campaign Finance,"May 27, 2026 - July 14, 2026",,,,"$2,603.02","$19,825.00",$0.00,$569.38,"$17,791.36",$0.00,
Dana Staples,https://www.mainecampaignfinancedisclosure.com/public/filers/f_01kh530xyse9pa9c702nb29aea,2026 Seed Money Report - Extended Deadline,https://www.mainecampaignfinancedisclosure.com/public/filers/f_01kh530xyse9pa9c702nb29aea/filings/d_01kwhh99raescara1stn57wxk6,,,,,,,,,,,,,
Dana Staples,https://www.mainecampaignfinancedisclosure.com/public/filers/f_01kh530xyse9pa9c702nb29aea,11-Day Pre-Primary MCEA Report,https://www.mainecampaignfinancedisclosure.com/public/filers/f_01kh530xyse9pa9c702nb29aea/filings/d_01ksgktdh9f7f8r0yth36c1tma,,Mcea Campaign Finance,"April 23, 2026 - May 26, 2026",,,,$105.62,$675.00,$0.00,$0.00,$569.38,$64.93,
Dana Staples,https://www.mainecampaignfinancedisclosure.com/public/filers/f_01kh530xyse9pa9c702nb29aea,2026 Seed Money Report - Extended Deadline,https://www.mainecampaignfinancedisclosure.com/public/filers/f_01kh530xyse9pa9c702nb29aea/filings/d_01kpve5a4nfjfbkcb6qzs9k894,,,,,,,,,,,,,
Marcus Mrowka,https://www.mainecampaignfinancedisclosure.com/public/filers/f_01kf4eat87emk8zw7ztkd1wtbg,42-Day Post-Primary MCEA Report,https://www.mainecampaignfinancedisclosure.com/public/filers/f_01kf4eat87emk8zw7ztkd1wtbg/filings/d_01kyj27s7xenkr6v6x77pbqn1y,,Mcea Campaign Finance,"May 27, 2026 - July 14, 2026",,,,$218.66,$0.00,$108.09,$326.75,$0.00,$0.00,
Marcus Mrowka,https://www.mainecampaignfinancedisclosure.com/public/filers/f_01kf4eat87emk8zw7ztkd1wtbg,42-Day Post-Primary MCEA Report,https://www.mainecampaignfinancedisclosure.com/public/filers/f_01kf4eat87emk8zw7ztkd1wtbg/filings/d_01ky0615jbfq7bmwfxmq8x9g65,,Mcea Campaign Finance,"May 27, 2026 - July 14, 2026",,,,$218.66,$0.00,$0.00,$326.75,$108.09,$0.00,
Marcus Mrowka,https://www.mainecampaignfinancedisclosure.com/public/filers/f_01kf4eat87emk8zw7ztkd1wtbg,11-Day Pre-Primary MCEA Report,https://www.mainecampaignfinancedisclosure.com/public/filers/f_01kf4eat87emk8zw7ztkd1wtbg/filings/d_01kstehjszfhvvbq8y4y4taxp4,,Mcea Campaign Finance,"March 25, 2026 - May 26, 2026",,,,"$2,998.25","$3,324.61",$0.00,$0.39,$326.75,$0.00,
Marcus Mrowka,https://www.mainecampaignfinancedisclosure.com/public/filers/f_01kf4eat87emk8zw7ztkd1wtbg,2026 Seed Money Report - Legislative,https://www.mainecampaignfinancedisclosure.com/public/filers/f_01kf4eat87emk8zw7ztkd1wtbg/filings/d_01ksp18r6qevevq2s2bc5e57mj,,,,,,,,,,,,,
Robert Finch Sullebarger,https://www.mainecampaignfinancedisclosure.com/public/filers/f_01kf4eat87emk8zw805qawxr9m,2025 Annual Personal Financial Disclosure,https://www.mainecampaignfinancedisclosure.com/public/filers/f_01kf4eat87emk8zw805qawxr9m/filings/d_01kz47th5cfegadn57vgme035s,,,,,,,,,,,,,
Robert Finch Sullebarger,https://www.mainecampaignfinancedisclosure.com/public/filers/f_01kf4eat87emk8zw805qawxr9m,42-Day Post-Primary MCEA Report,https://www.mainecampaignfinancedisclosure.com/public/filers/f_01kf4eat87emk8zw805qawxr9m/filings/d_01kxy33bp0fx49kk90r0zf8awn,,Mcea Campaign Finance,"May 27, 2026 - July 14, 2026",,,,"$3,878.40","$26,500.00",$0.00,"$2,650.00","$25,271.60",$0.00,
Robert Finch Sullebarger,https://www.mainecampaignfinancedisclosure.com/public/filers/f_01kf4eat87emk8zw805qawxr9m,11-Day Pre-Primary MCEA Report,https://www.mainecampaignfinancedisclosure.com/public/filers/f_01kf4eat87emk8zw805qawxr9m/filings/d_01kstpxfhxf5tsd547ntbfgt0p,,Mcea Campaign Finance,"April 24, 2026 - May 26, 2026",,,,$405.12,"$2,649.98",$0.00,$0.02,"$2,244.88",$0.00,
Robert Finch Sullebarger,https://www.mainecampaignfinancedisclosure.com/public/filers/f_01kf4eat87emk8zw805qawxr9m,2026 Seed Money Report - Legislative (7-Day Extension),https://www.mainecampaignfinancedisclosure.com/public/filers/f_01kf4eat87emk8zw805qawxr9m/filings/d_01kpxctsk3ejgbs6nbwamekn7j,,,,,,,,,,,,,
Christina Mitchell,https://www.mainecampaignfinancedisclosure.com/public/filers/f_01kh7p4z7gecdv7wkwc3ekmxyn,42-Day Post-Primary MCEA Report,https://www.mainecampaignfinancedisclosure.com/public/filers/f_01kh7p4z7gecdv7wkwc3ekmxyn/filings/d_01kxktaj3fet7tgtqpkv0kd2xs,,Mcea Campaign Finance,"May 27, 2026 - July 14, 2026",,,,$132.00,"$16,525.00",$0.00,$375.00,"$16,768.00","$14,467.00",
Christina Mitchell,https://www.mainecampaignfinancedisclosure.com/public/filers/f_01kh7p4z7gecdv7wkwc3ekmxyn,11-Day Pre-Primary MCEA Report,https://www.mainecampaignfinancedisclosure.com/public/filers/f_01kh7p4z7gecdv7wkwc3ekmxyn/filings/d_01ksmtyx1cefrbmbwggb3zja2q,,Mcea Campaign Finance,"May 11, 2026 - May 26, 2026",,,,$300.00,$671.95,$0.00,$3.05,$375.00,$0.00,
Christina Mitchell,https://www.mainecampaignfinancedisclosure.com/public/filers/f_01kh7p4z7gecdv7wkwc3ekmxyn,2026 Seed Money Report - Extended Deadline,https://www.mainecampaignfinancedisclosure.com/public/filers/f_01kh7p4z7gecdv7wkwc3ekmxyn/filings/d_01kpge1680e0093ct0qkgpzyam,,,,,,,,,,,,,
Rachel Mary Phipps,https://www.mainecampaignfinancedisclosure.com/public/filers/f_01kf4eat87emk8zw7zs0v5bh6g,42-Day Post-Primary MCEA Report,https://www.mainecampaignfinancedisclosure.com/public/filers/f_01kf4eat87emk8zw7zs0v5bh6g/filings/d_01kymeneypfxkvs04xkrea80jh,,Mcea Campaign Finance,"May 27, 2026 - July 14, 2026",,,,$969.84,$0.00,$64.00,"$1,033.84",$0.00,$0.00,
Rachel Mary Phipps,https://www.mainecampaignfinancedisclosure.com/public/filers/f_01kf4eat87emk8zw7zs0v5bh6g,42-Day Post-Primary MCEA Report,https://www.mainecampaignfinancedisclosure.com/public/filers/f_01kf4eat87emk8zw7zs0v5bh6g/filings/d_01kxxrdf31ex7txhsdxgh0tv9k,,Mcea Campaign Finance,"May 27, 2026 - July 14, 2026",,,,$969.84,$0.00,$0.00,"$1,033.84",$64.00,$0.00,
Rachel Mary Phipps,https://www.mainecampaignfinancedisclosure.com/public/filers/f_01kf4eat87emk8zw7zs0v5bh6g,11-Day Pre-Primary MCEA Report,https://www.mainecampaignfinancedisclosure.com/public/filers/f_01kf4eat87emk8zw7zs0v5bh6g/filings/d_01ksjjbcw9engb3qyv8rrxj802,,Mcea Campaign Finance,"April 04, 2026 - May 26, 2026",,,,"$2,291.16","$3,325.00",$0.00,$0.00,"$1,033.84",$0.00,
Rachel Mary Phipps,https://www.mainecampaignfinancedisclosure.com/public/filers/f_01kf4eat87emk8zw7zs0v5bh6g,2026 Seed Money Report - Legislative,https://www.mainecampaignfinancedisclosure.com/public/filers/f_01kf4eat87emk8zw7zs0v5bh6g/filings/d_01kna5mgsae5dav6a1926va1sc,,,,,,,,,,,,,
Nicole Richards,https://www.mainecampaignfinancedisclosure.com/public/filers/f_01kn22cp3te7ytcgn4z598z4zy,42-Day Post-Primary Report,https://www.mainecampaignfinancedisclosure.com/public/filers/f_01kn22cp3te7ytcgn4z598z4zy/filings/d_01ky8gz821eajsk8zzza4qzf8d,,,,,,,,,,,,,
Nicole Richards,https://www.mainecampaignfinancedisclosure.com/public/filers/f_01kn22cp3te7ytcgn4z598z4zy,11-Day Pre-Primary Report,https://www.mainecampaignfinancedisclosure.com/public/filers/f_01kn22cp3te7ytcgn4z598z4zy/filings/d_01kstq6j4yf6trcrw099zd9vrf,,,,,,,,,,,,,
Katrina Couch Ray-Saulis,https://www.mainecampaignfinancedisclosure.com/public/filers/f_01kj8fb546fm4apty7788gbjqs,2026 Seed Money Report - Extended Deadline,https://www.mainecampaignfinancedisclosure.com/public/filers/f_01kj8fb546fm4apty7788gbjqs/filings/d_01kzbw8n02etpa1jfwtestb9b6,,,,,,,,,,,,,
Katrina Couch Ray-Saulis,https://www.mainecampaignfinancedisclosure.com/public/filers/f_01kj8fb546fm4apty7788gbjqs,42-Day Post-Primary MCEA Report,https://www.mainecampaignfinancedisclosure.com/public/filers/f_01kj8fb546fm4apty7788gbjqs/filings/d_01ky3e5w33ex9a50ch5y807pkv,,Mcea Campaign Finance,"May 27, 2026 - July 14, 2026",,,,"$2,485.62","$6,625.00",$0.00,"$3,325.00","$7,464.38",$0.00,
Katrina Couch Ray-Saulis,https://www.mainecampaignfinancedisclosure.com/public/filers/f_01kj8fb546fm4apty7788gbjqs,48-Hour Report,https://www.mainecampaignfinancedisclosure.com/public/filers/f_01kj8fb546fm4apty7788gbjqs/filings/d_01kt4rj8npf719vq9kme79gkrq,,,,,,,,,,,,,
Katrina Couch Ray-Saulis,https://www.mainecampaignfinancedisclosure.com/public/filers/f_01kj8fb546fm4apty7788gbjqs,11-Day Pre-Primary MCEA Report,https://www.mainecampaignfinancedisclosure.com/public/filers/f_01kj8fb546fm4apty7788gbjqs/filings/d_01kstezk3me5p90q1d5gmemdyh,,Mcea Campaign Finance,"May 22, 2026 - May 26, 2026",,,,$0.00,"$3,325.00",$0.00,$0.00,"$3,325.00",$402.81,
Katrina Couch Ray-Saulis,https://www.mainecampaignfinancedisclosure.com/public/filers/f_01kj8fb546fm4apty7788gbjqs,2026 Seed Money Report - Extended Deadline,https://www.mainecampaignfinancedisclosure.com/public/filers/f_01kj8fb546fm4apty7788gbjqs/filings/d_01ks84nac5efgv9jc1x2afw8ve,,,,,,,,,,,,,
Meagan Smith,https://www.mainecampaignfinancedisclosure.com/public/filers/f_01km3s9e27fjpram52qveyqvkg,42-Day Post-Primary Report,https://www.mainecampaignfinancedisclosure.com/public/filers/f_01km3s9e27fjpram52qveyqvkg/filings/d_01kww0e929ew6vcb0a42xn6p9x,,,,,,,,,,,,,
Meagan Smith,https://www.mainecampaignfinancedisclosure.com/public/filers/f_01km3s9e27fjpram52qveyqvkg,11-Day Pre-Primary Report,https://www.mainecampaignfinancedisclosure.com/public/filers/f_01km3s9e27fjpram52qveyqvkg/filings/d_01ksx8g8t7fqkadg2z2ek55d22,,,,,,,,,,,,,
Russell John Black,https://www.mainecampaignfinancedisclosure.com/public/filers/f_01kf4eat87emk8zw7ztrg7q9tv,42-Day Post-Primary MCEA Report,https://www.mainecampaignfinancedisclosure.com/public/filers/f_01kf4eat87emk8zw7ztrg7q9tv/filings/d_01kxnwrr50f76vy9x57jjghvrh,,Mcea Campaign Finance,"May 27, 2026 - July 14, 2026",,,,$0.00,"$6,625.00",$0.00,$600.00,"$7,225.00",$0.00,
Russell John Black,https://www.mainecampaignfinancedisclosure.com/public/filers/f_01kf4eat87emk8zw7ztrg7q9tv,11-Day Pre-Primary MCEA Report,https://www.mainecampaignfinancedisclosure.com/public/filers/f_01kf4eat87emk8zw7ztrg7q9tv/filings/d_01ks831v6re4cbsj29vd4e3042,,Mcea Campaign Finance,"April 21, 2026 - May 26, 2026",,,,$75.00,$668.00,$0.00,$7.00,$600.00,$0.00,
Russell John Black,https://www.mainecampaignfinancedisclosure.com/public/filers/f_01kf4eat87emk8zw7ztrg7q9tv,2026 Seed Money Report - Legislative,https://www.mainecampaignfinancedisclosure.com/public/filers/f_01kf4eat87emk8zw7ztrg7q9tv/filings/d_01kppqwpwcfkx8nezeq0dykyx2,,,,,,,,,,,,,
Timothy Becker,https://www.mainecampaignfinancedisclosure.com/public/filers/f_01kkkpp6spf80a2a02sb7k377e,42-Day Post-Primary MCEA Report,https://www.mainecampaignfinancedisclosure.com/public/filers/f_01kkkpp6spf80a2a02sb7k377e/filings/d_01ky0yhn18e639z4k6kndy29a9,,Mcea Campaign Finance,"May 27, 2026 - July 14, 2026",,,,"$2,438.54","$9,925.00",$0.00,$657.00,"$8,158.46",$0.00,
Timothy Becker,https://www.mainecampaignfinancedisclosure.com/public/filers/f_01kkkpp6spf80a2a02sb7k377e,11-Day Pre-Primary MCEA Report,https://www.mainecampaignfinancedisclosure.com/public/filers/f_01kkkpp6spf80a2a02sb7k377e/filings/d_01ksraezcffhyt772apcfv6fty,,Mcea Campaign Finance,"May 22, 2026 - May 26, 2026",,,,$18.00,$674.47,$0.00,$0.53,$657.00,$0.00,
Timothy Becker,https://www.mainecampaignfinancedisclosure.com/public/filers/f_01kkkpp6spf80a2a02sb7k377e,2026 Seed Money Report - Extended Deadline,https://www.mainecampaignfinancedisclosure.com/public/filers/f_01kkkpp6spf80a2a02sb7k377e/filings/d_01ks0773mzecv8ssvjzmxstk5v,,,,,,,,,,,,,
Clifford Noyes,https://www.mainecampaignfinancedisclosure.com/public/filers/f_01kp65hmj3f0cvb6rz3yxfgbcz,42-Day Post-Primary Report,https://www.mainecampaignfinancedisclosure.com/public/filers/f_01kp65hmj3f0cvb6rz3yxfgbcz/filings/d_01kxgnge4cffc8w3vvpqbbqexb,,,,,,,,,,,,,
Clifford Noyes,https://www.mainecampaignfinancedisclosure.com/public/filers/f_01kp65hmj3f0cvb6rz3yxfgbcz,11-Day Pre-Primary Report,https://www.mainecampaignfinancedisclosure.com/public/filers/f_01kp65hmj3f0cvb6rz3yxfgbcz/filings/d_01kxgnesjqe1nban0fq4axsj7g,,,,,,,,,,,,,
Clifford Noyes,https://www.mainecampaignfinancedisclosure.com/public/filers/f_01kp65hmj3f0cvb6rz3yxfgbcz,11-Day Pre-Primary Report,https://www.mainecampaignfinancedisclosure.com/public/filers/f_01kp65hmj3f0cvb6rz3yxfgbcz/filings/d_01kstgx2qyf7q8ww71zwys17my,,,,,,,,,,,,,
Douglas Colburn Carlisle Jr,https://www.mainecampaignfinancedisclosure.com/public/filers/f_01kd8w6ftve6dak61qag0hdrt0,2025 Annual Personal Financial Disclosure,https://www.mainecampaignfinancedisclosure.com/public/filers/f_01kd8w6ftve6dak61qag0hdrt0/filings/d_01kymnws58e69a0sqdqh0fwcyp,,,,,,,,,,,,,
Douglas Colburn Carlisle Jr,https://www.mainecampaignfinancedisclosure.com/public/filers/f_01kd8w6ftve6dak61qag0hdrt0,42-Day Post-Primary MCEA Report,https://www.mainecampaignfinancedisclosure.com/public/filers/f_01kd8w6ftve6dak61qag0hdrt0/filings/d_01ky0n9bqteynvqqjxcp6as6n5,,Mcea Campaign Finance,"May 27, 2026 - July 14, 2026",,,,"$2,862.68","$8,275.00",$0.00,$675.00,"$6,087.32",$0.00,
Douglas Colburn Carlisle Jr,https://www.mainecampaignfinancedisclosure.com/public/filers/f_01kd8w6ftve6dak61qag0hdrt0,11-Day Pre-Primary MCEA Report,https://www.mainecampaignfinancedisclosure.com/public/filers/f_01kd8w6ftve6dak61qag0hdrt0/filings/d_01ksrj9rt6fbxbpchj7p32ek67,,Mcea Campaign Finance,"April 14, 2026 - May 26, 2026",,,,$0.00,$625.28,$0.00,$49.72,$675.00,$0.00,
Douglas Colburn Carlisle Jr,https://www.mainecampaignfinancedisclosure.com/public/filers/f_01kd8w6ftve6dak61qag0hdrt0,2026 Seed Money Report - Legislative,https://www.mainecampaignfinancedisclosure.com/public/filers/f_01kd8w6ftve6dak61qag0hdrt0/filings/d_01kp43axnvfsx9h12ch7y7j967,,,,,,,,,,,,,
Robin Upton-Sukeforth,https://www.mainecampaignfinancedisclosure.com/public/filers/f_01kkkw7rqmf4xa536cep5rq04q,42-Day Post-Primary MCEA Report,https://www.mainecampaignfinancedisclosure.com/public/filers/f_01kkkw7rqmf4xa536cep5rq04q/filings/d_01ky18geavfq4sh9gmrh4svemh,,Mcea Campaign Finance,"May 28, 2026 - July 14, 2026",,,,"$1,400.95","$10,600.00",$0.00,$0.00,"$9,199.05",$0.00,
Robin Upton-Sukeforth,https://www.mainecampaignfinancedisclosure.com/public/filers/f_01kkkw7rqmf4xa536cep5rq04q,2025 Annual Personal Financial Disclosure,https://www.mainecampaignfinancedisclosure.com/public/filers/f_01kkkw7rqmf4xa536cep5rq04q/filings/d_01kxs23t0cfjbtwzdmsht3zg5r,,,,,,,,,,,,,
Robin Upton-Sukeforth,https://www.mainecampaignfinancedisclosure.com/public/filers/f_01kkkw7rqmf4xa536cep5rq04q,2026 Seed Money Report - Extended (7-Day Extension),https://www.mainecampaignfinancedisclosure.com/public/filers/f_01kkkw7rqmf4xa536cep5rq04q/filings/d_01ksmhz212ff58ywjnj1a1nhbp,,,,,,,,,,,,,
Adrienne Paul,https://www.mainecampaignfinancedisclosure.com/public/filers/f_01kd8w6ftve6dak61qbjfd3zct,2025 Annual Personal Financial Disclosure,https://www.mainecampaignfinancedisclosure.com/public/filers/f_01kd8w6ftve6dak61qbjfd3zct/filings/d_01kxzyyvckf0cayvvr6wt8bzha,,,,,,,,,,,,,
Adrienne Paul,https://www.mainecampaignfinancedisclosure.com/public/filers/f_01kd8w6ftve6dak61qbjfd3zct,42-Day Post-Primary MCEA Report,https://www.mainecampaignfinancedisclosure.com/public/filers/f_01kd8w6ftve6dak61qbjfd3zct/filings/d_01kxed8krce1drs8c2vbcd66nq,,Mcea Campaign Finance,"May 27, 2026 - July 14, 2026",,,,"$2,115.00","$6,625.00",$0.00,"$1,737.11","$6,247.11",$0.00,
Adrienne Paul,https://www.mainecampaignfinancedisclosure.com/public/filers/f_01kd8w6ftve6dak61qbjfd3zct,11-Day Pre-Primary MCEA Report,https://www.mainecampaignfinancedisclosure.com/public/filers/f_01kd8w6ftve6dak61qbjfd3zct/filings/d_01kt1jdrs4f7dajc5f6dpc1wq3,,Mcea Campaign Finance,"April 21, 2026 - May 26, 2026",,,,"$1,587.89","$3,323.13",$0.00,$1.87,"$1,737.11",$0.00,
Adrienne Paul,https://www.mainecampaignfinancedisclosure.com/public/filers/f_01kd8w6ftve6dak61qbjfd3zct,11-Day Pre-Primary MCEA Report,https://www.mainecampaignfinancedisclosure.com/public/filers/f_01kd8w6ftve6dak61qbjfd3zct/filings/d_01ksp01rdce6ev9n6xjvb1nk1v,,Mcea Campaign Finance,"April 21, 2026 - May 26, 2026",,,,"$1,587.89","$3,323.13",$0.00,$1.87,"$1,737.11",$0.00,
Adrienne Paul,https://www.mainecampaignfinancedisclosure.com/public/filers/f_01kd8w6ftve6dak61qbjfd3zct,48-Hour Report,https://www.mainecampaignfinancedisclosure.com/public/filers/f_01kd8w6ftve6dak61qbjfd3zct/filings/d_01ksnz6nxnewc96b46xp758dyp,,,,,,,,,,,,,
Anthony M. Weaver,https://www.mainecampaignfinancedisclosure.com/public/filers/f_01kk2107j5f2esb7c3vm6702mt,42-Day Post-Primary Report,https://www.mainecampaignfinancedisclosure.com/public/filers/f_01kk2107j5f2esb7c3vm6702mt/filings/d_01ky38jajhfq4te06h2x5t1yce,,,,,,,,,,,,,
Anthony M. Weaver,https://www.mainecampaignfinancedisclosure.com/public/filers/f_01kk2107j5f2esb7c3vm6702mt,11-Day Pre-Primary Report,https://www.mainecampaignfinancedisclosure.com/public/filers/f_01kk2107j5f2esb7c3vm6702mt/filings/d_01kt215gnwe81s67tktdn02kk8,,,,,,,,,,,,,
Annalyse Sarvinas,https://www.mainecampaignfinancedisclosure.com/public/filers/f_01kjx6x0s7ferb3wwth1va070z,42-Day Post-Primary MCEA Report,https://www.mainecampaignfinancedisclosure.com/public/filers/f_01kjx6x0s7ferb3wwth1va070z/filings/d_01ky2h743hfyjadm69e6k6vyv1,,Mcea Campaign Finance,"May 27, 2026 - July 14, 2026",,,,"$1,531.86","$13,225.00",$0.00,$675.00,"$12,368.14",$0.00,
Annalyse Sarvinas,https://www.mainecampaignfinancedisclosure.com/public/filers/f_01kjx6x0s7ferb3wwth1va070z,11-Day Pre-Primary MCEA Report,https://www.mainecampaignfinancedisclosure.com/public/filers/f_01kjx6x0s7ferb3wwth1va070z/filings/d_01ksqd8xpae1886vf456w06ezn,,Mcea Campaign Finance,"May 20, 2026 - May 26, 2026",,,,$0.00,$660.99,$0.00,$14.01,$675.00,$0.00,
Annalyse Sarvinas,https://www.mainecampaignfinancedisclosure.com/public/filers/f_01kjx6x0s7ferb3wwth1va070z,2026 Seed Money Report - Extended Deadline,https://www.mainecampaignfinancedisclosure.com/public/filers/f_01kjx6x0s7ferb3wwth1va070z/filings/d_01kr1s947mevwv1mmw3vgypt94,,,,,,,,,,,,,
Ambureen Rana,https://www.mainecampaignfinancedisclosure.com/public/filers/f_01kh7py2t8eptvk536vv6t74av,42-Day Post-Primary MCEA Report,https://www.mainecampaignfinancedisclosure.com/public/filers/f_01kh7py2t8eptvk536vv6t74av/filings/d_01ky0wgzjbew2rwkbtn4hb241e,,Mcea Campaign Finance,"May 27, 2026 - July 14, 2026",,,,$186.00,"$6,625.00",$0.00,$675.00,"$7,114.00",$0.00,
Ambureen Rana,https://www.mainecampaignfinancedisclosure.com/public/filers/f_01kh7py2t8eptvk536vv6t74av,11-Day Pre-Primary MCEA Report,https://www.mainecampaignfinancedisclosure.com/public/filers/f_01kh7py2t8eptvk536vv6t74av/filings/d_01kst3ws40etvbsxazny3ncj3j,,Mcea Campaign Finance,"May 21, 2026 - May 26, 2026",,,,$0.00,$661.92,$0.00,$13.08,$675.00,$0.00,
Ambureen Rana,https://www.mainecampaignfinancedisclosure.com/public/filers/f_01kh7py2t8eptvk536vv6t74av,2026 Seed Money Report - Extended Deadline,https://www.mainecampaignfinancedisclosure.com/public/filers/f_01kh7py2t8eptvk536vv6t74av/filings/d_01ks1gc23af8kr942btj0bh8wc,,,,,,,,,,,,,
Luke Dylan Jensen,https://www.mainecampaignfinancedisclosure.com/public/filers/f_01km65r08ae83tjkrbf4dkrev9,42-Day Post-Primary MCEA Report,https://www.mainecampaignfinancedisclosure.com/public/filers/f_01km65r08ae83tjkrbf4dkrev9/filings/d_01kxzrc6jke2v9k9zkc0fy4zmh,,Mcea Campaign Finance,"May 27, 2026 - July 14, 2026",,,,$0.00,"$6,625.00",$0.00,$675.00,"$7,300.00",$0.00,
Luke Dylan Jensen,https://www.mainecampaignfinancedisclosure.com/public/filers/f_01km65r08ae83tjkrbf4dkrev9,11-Day Pre-Primary MCEA Report,https://www.mainecampaignfinancedisclosure.com/public/filers/f_01km65r08ae83tjkrbf4dkrev9/filings/d_01ksrj1p3cfrs9ne98se86c3b5,,Mcea Campaign Finance,"May 21, 2026 - May 26, 2026",,,,$0.00,$675.00,$0.00,$0.00,$675.00,$0.00,
Luke Dylan Jensen,https://www.mainecampaignfinancedisclosure.com/public/filers/f_01km65r08ae83tjkrbf4dkrev9,2026 Seed Money Report - Extended Deadline,https://www.mainecampaignfinancedisclosure.com/public/filers/f_01km65r08ae83tjkrbf4dkrev9/filings/d_01ks365dx9eb7sjcrhn1dmrzfc,,,,,,,,,,,,,
Sheila Lyman,https://www.mainecampaignfinancedisclosure.com/public/filers/f_01km65aqy3fhpsyzmghz2yy0za,42-Day Post-Primary MCEA Report,https://www.mainecampaignfinancedisclosure.com/public/filers/f_01km65aqy3fhpsyzmghz2yy0za/filings/d_01ky3gw867e54tjzgkkc832qrq,,Mcea Campaign Finance,"May 27, 2026 - July 14, 2026",,,,"$3,301.46","$11,575.00",$0.00,$298.05,"$8,571.59",$0.00,
Sheila Lyman,https://www.mainecampaignfinancedisclosure.com/public/filers/f_01km65aqy3fhpsyzmghz2yy0za,11-Day Pre-Primary MCEA Report,https://www.mainecampaignfinancedisclosure.com/public/filers/f_01km65aqy3fhpsyzmghz2yy0za/filings/d_01ksr96herfj0bze58rmz7xf9w,,Mcea Campaign Finance,"April 22, 2026 - May 26, 2026",,,,$376.95,$675.00,$0.00,$0.00,$298.05,$0.00,
Sheila Lyman,https://www.mainecampaignfinancedisclosure.com/public/filers/f_01km65aqy3fhpsyzmghz2yy0za,2026 Seed Money Report - Extended Deadline,https://www.mainecampaignfinancedisclosure.com/public/filers/f_01km65aqy3fhpsyzmghz2yy0za/filings/d_01kprggr45exvrx4e8v424gewb,,,,,,,,,,,,,
Arlie Hetrick Jr.,https://www.mainecampaignfinancedisclosure.com/public/filers/f_01kjzxda0wf8pagve0ns51tw12,2025 Annual Personal Financial Disclosure,https://www.mainecampaignfinancedisclosure.com/public/filers/f_01kjzxda0wf8pagve0ns51tw12/filings/d_01kzrtby8yefbvp8ytg35gjyjg,,,,,,,,,,,,,
Arlie Hetrick Jr.,https://www.mainecampaignfinancedisclosure.com/public/filers/f_01kjzxda0wf8pagve0ns51tw12,42-Day Post-Primary MCEA Report,https://www.mainecampaignfinancedisclosure.com/public/filers/f_01kjzxda0wf8pagve0ns51tw12/filings/d_01kxr9e2z4eq4ae19mfm9614p9,,Mcea Campaign Finance,"May 27, 2026 - July 14, 2026",,,,$408.52,"$9,925.00",$0.00,$675.00,"$10,191.48",$379.50,
Arlie Hetrick Jr.,https://www.mainecampaignfinancedisclosure.com/public/filers/f_01kjzxda0wf8pagve0ns51tw12,11-Day Pre-Primary MCEA Report,https://www.mainecampaignfinancedisclosure.com/public/filers/f_01kjzxda0wf8pagve0ns51tw12/filings/d_01ksj88tzpexvt8fm6jgsg4nbx,,Mcea Campaign Finance,"May 21, 2026 - May 26, 2026",,,,$0.00,$635.00,$0.00,$40.00,$675.00,$379.50,
Arlie Hetrick Jr.,https://www.mainecampaignfinancedisclosure.com/public/filers/f_01kjzxda0wf8pagve0ns51tw12,2026 Seed Money Report - Extended Deadline,https://www.mainecampaignfinancedisclosure.com/public/filers/f_01kjzxda0wf8pagve0ns51tw12/filings/d_01kry23a9re578s6tzs8f2tn17,,,,,,,,,,,,,
Charles Edward Tilburg,https://www.mainecampaignfinancedisclosure.com/public/filers/f_01kd8w6ftweefsxt0c9fdgtr40,2025 Annual Personal Financial Disclosure,https://www.mainecampaignfinancedisclosure.com/public/filers/f_01kd8w6ftweefsxt0c9fdgtr40/filings/d_01kzp22y5se3pb2pezyyg9srza,,,,,,,,,,,,,
Charles Edward Tilburg,https://www.mainecampaignfinancedisclosure.com/public/filers/f_01kd8w6ftweefsxt0c9fdgtr40,42-Day Post-Primary MCEA Report,https://www.mainecampaignfinancedisclosure.com/public/filers/f_01kd8w6ftweefsxt0c9fdgtr40/filings/d_01ky10n3wjfedt77zvjpsa3mce,,Mcea Campaign Finance,"May 27, 2026 - July 14, 2026",,,,"$1,214.04","$19,825.00",$0.00,$639.00,"$19,249.96",$0.00,
Charles Edward Tilburg,https://www.mainecampaignfinancedisclosure.com/public/filers/f_01kd8w6ftweefsxt0c9fdgtr40,11-Day Pre-Primary MCEA Report,https://www.mainecampaignfinancedisclosure.com/public/filers/f_01kd8w6ftweefsxt0c9fdgtr40/filings/d_01ksqbx0d6es4awgbejewhph8y,,Mcea Campaign Finance,"April 22, 2026 - May 26, 2026",,,,$36.00,$670.54,$0.00,$4.46,$639.00,$475.00,
Charles Edward Tilburg,https://www.mainecampaignfinancedisclosure.com/public/filers/f_01kd8w6ftweefsxt0c9fdgtr40,2026 Seed Money Report - Legislative (7-Day Extension),https://www.mainecampaignfinancedisclosure.com/public/filers/f_01kd8w6ftweefsxt0c9fdgtr40/filings/d_01kpqzpqnyfqfaztvycga42ha4,,,,,,,,,,,,,
Charles Edward Tilburg,https://www.mainecampaignfinancedisclosure.com/public/filers/f_01kd8w6ftweefsxt0c9fdgtr40,2026 January Semiannual Report,https://www.mainecampaignfinancedisclosure.com/public/filers/f_01kd8w6ftweefsxt0c9fdgtr40/filings/d_01kf4f3w4re01aq3f5xctdz5kw,,,,,,,,,,,,,
Amy D. Kuhn,https://www.mainecampaignfinancedisclosure.com/public/filers/f_01kf4eat85e79st2re6fbvnhaf,42-Day Post-Primary MCEA Report,https://www.mainecampaignfinancedisclosure.com/public/filers/f_01kf4eat85e79st2re6fbvnhaf/filings/d_01ky12e2nqe9a90qpkfdaymqz7,,Mcea Campaign Finance,"May 27, 2026 - July 14, 2026",,,,$750.00,"$2,000.00",$0.00,$575.84,"$1,825.84",$0.00,
Amy D. Kuhn,https://www.mainecampaignfinancedisclosure.com/public/filers/f_01kf4eat85e79st2re6fbvnhaf,11-Day Pre-Primary MCEA Report,https://www.mainecampaignfinancedisclosure.com/public/filers/f_01kf4eat85e79st2re6fbvnhaf/filings/d_01kt2gbwv2epzrbw9sez7jsjxw,,Mcea Campaign Finance,"April 20, 2026 - May 26, 2026",,,,$99.16,$674.81,$0.00,$0.19,$575.84,$0.00,
Amy D. Kuhn,https://www.mainecampaignfinancedisclosure.com/public/filers/f_01kf4eat85e79st2re6fbvnhaf,11-Day Pre-Primary MCEA Report,https://www.mainecampaignfinancedisclosure.com/public/filers/f_01kf4eat85e79st2re6fbvnhaf/filings/d_01ksqyssjae14989c2h3q6qpxe,,Mcea Campaign Finance,"April 20, 2026 - May 26, 2026",,,,$61.19,$674.81,$0.00,$0.19,$613.81,$0.00,
Amy D. Kuhn,https://www.mainecampaignfinancedisclosure.com/public/filers/f_01kf4eat85e79st2re6fbvnhaf,2026 Seed Money Report - Legislative,https://www.mainecampaignfinancedisclosure.com/public/filers/f_01kf4eat85e79st2re6fbvnhaf/filings/d_01kpc4n5gef52v33wjg67pevpx,,,,,,,,,,,,,
Amy J Roeder,https://www.mainecampaignfinancedisclosure.com/public/filers/f_01kf4eat87emk8zw805eq8wtes,42-Day Post-Primary MCEA Report,https://www.mainecampaignfinancedisclosure.com/public/filers/f_01kf4eat87emk8zw805eq8wtes/filings/d_01ky3czwg4fsjbghpk6fj3p2hr,,Mcea Campaign Finance,"May 27, 2026 - July 14, 2026",,,,"$3,831.25","$33,125.00",$0.00,"$2,536.72","$31,830.47",$0.00,
Amy J Roeder,https://www.mainecampaignfinancedisclosure.com/public/filers/f_01kf4eat87emk8zw805eq8wtes,11-Day Pre-Primary MCEA Report,https://www.mainecampaignfinancedisclosure.com/public/filers/f_01kf4eat87emk8zw805eq8wtes/filings/d_01ksqyyn83fy1t6q5c11xa8wwn,,Mcea Campaign Finance,"April 20, 2026 - May 26, 2026",,,,$113.28,"$2,650.00",$0.00,$0.00,"$2,536.72",$0.00,
Amy J Roeder,https://www.mainecampaignfinancedisclosure.com/public/filers/f_01kf4eat87emk8zw805eq8wtes,2026 Seed Money Report - Legislative,https://www.mainecampaignfinancedisclosure.com/public/filers/f_01kf4eat87emk8zw805eq8wtes/filings/d_01kpk617hgecardmenxqr204gd,,,,,,,,,,,,,
Amy J Roeder,https://www.mainecampaignfinancedisclosure.com/public/filers/f_01kf4eat87emk8zw805eq8wtes,2026 Seed Money Report - Legislative,https://www.mainecampaignfinancedisclosure.com/public/filers/f_01kf4eat87emk8zw805eq8wtes/filings/d_01kpgwdeg6fjwan3ahv7kxsa7j,,,,,,,,,,,,,
Caleb Joshua NESS,https://www.mainecampaignfinancedisclosure.com/public/filers/f_01kd8w6ftve6dak61qb17c3xm1,2025 Annual Personal Financial Disclosure,https://www.mainecampaignfinancedisclosure.com/public/filers/f_01kd8w6ftve6dak61qb17c3xm1/filings/d_01kzm5r49mf3a8yrwxrag6d7dq,,,,,,,,,,,,,
Caleb Joshua NESS,https://www.mainecampaignfinancedisclosure.com/public/filers/f_01kd8w6ftve6dak61qb17c3xm1,42-Day Post-Primary MCEA Report,https://www.mainecampaignfinancedisclosure.com/public/filers/f_01kd8w6ftve6dak61qb17c3xm1/filings/d_01ky3hpvp6e05rpvfkhfqj36yc,,Mcea Campaign Finance,"May 27, 2026 - July 14, 2026",,,,$523.51,"$11,575.00",$0.00,$675.00,"$11,726.49",$0.00,
Caleb Joshua NESS,https://www.mainecampaignfinancedisclosure.com/public/filers/f_01kd8w6ftve6dak61qb17c3xm1,11-Day Pre-Primary MCEA Report,https://www.mainecampaignfinancedisclosure.com/public/filers/f_01kd8w6ftve6dak61qb17c3xm1/filings/d_01ksv7pxayezcv4ksvny3zk5fn,,Mcea Campaign Finance,"April 28, 2026 - May 26, 2026",,,,$0.00,$674.99,$0.00,$0.01,$675.00,$0.00,
Caleb Joshua NESS,https://www.mainecampaignfinancedisclosure.com/public/filers/f_01kd8w6ftve6dak61qb17c3xm1,2026 Seed Money Report - Extended Deadline,https://www.mainecampaignfinancedisclosure.com/public/filers/f_01kd8w6ftve6dak61qb17c3xm1/filings/d_01kq8ht1wefbbvzwsnpb37kb4t,,,,,,,,,,,,,
Cheryl Hewes,https://www.mainecampaignfinancedisclosure.com/public/filers/f_01kjxc6qyvf5hb3rnjp3hrypzg,2025 Annual Personal Financial Disclosure,https://www.mainecampaignfinancedisclosure.com/public/filers/f_01kjxc6qyvf5hb3rnjp3hrypzg/filings/d_01kz1zdeywf87rqrhqpgbc6hym,,,,,,,,,,,,,
Cheryl Hewes,https://www.mainecampaignfinancedisclosure.com/public/filers/f_01kjxc6qyvf5hb3rnjp3hrypzg,42-Day Post-Primary MCEA Report,https://www.mainecampaignfinancedisclosure.com/public/filers/f_01kjxc6qyvf5hb3rnjp3hrypzg/filings/d_01ky03w137ewt9699rkwdrdmsn,,Mcea Campaign Finance,"May 27, 2026 - July 14, 2026",,,,"$5,099.00","$26,500.00",$0.00,$556.76,"$21,957.76",$0.00,
Cheryl Hewes,https://www.mainecampaignfinancedisclosure.com/public/filers/f_01kjxc6qyvf5hb3rnjp3hrypzg,11-Day Pre-Primary MCEA Report,https://www.mainecampaignfinancedisclosure.com/public/filers/f_01kjxc6qyvf5hb3rnjp3hrypzg/filings/d_01kstgqmeaf5jv54nbws171gy8,,Mcea Campaign Finance,"May 01, 2026 - May 26, 2026",,,,"$2,370.87","$2,650.00",$0.00,$0.00,$279.13,$0.00,
Cheryl Hewes,https://www.mainecampaignfinancedisclosure.com/public/filers/f_01kjxc6qyvf5hb3rnjp3hrypzg,2026 Seed Money Report - Extended Deadline,https://www.mainecampaignfinancedisclosure.com/public/filers/f_01kjxc6qyvf5hb3rnjp3hrypzg/filings/d_01kp969mz5fmtt9fyssgp937tx,,,,,,,,,,,,,
Anne Graham,https://www.mainecampaignfinancedisclosure.com/public/filers/f_01kh7mxyq2ext9hgbpd5abe40f,42-Day Post-Primary MCEA Report,https://www.mainecampaignfinancedisclosure.com/public/filers/f_01kh7mxyq2ext9hgbpd5abe40f/filings/d_01kxzv2g8gfheb5z712f1xj52w,,Mcea Campaign Finance,"May 28, 2026 - July 14, 2026",,,,$42.78,"$7,300.00",$0.00,$0.00,"$7,257.22",$0.00,
Anne Graham,https://www.mainecampaignfinancedisclosure.com/public/filers/f_01kh7mxyq2ext9hgbpd5abe40f,2026 Seed Money Report - Extended (7-Day Extension),https://www.mainecampaignfinancedisclosure.com/public/filers/f_01kh7mxyq2ext9hgbpd5abe40f/filings/d_01ksn1d8fke9wb29x5pbrbwgs7,,,,,,,,,,,,,
Ayn Hanselmann,https://www.mainecampaignfinancedisclosure.com/public/filers/f_01kj8g9wepfwcvvr9evsxxerer,42-Day Post-Primary MCEA Report,https://www.mainecampaignfinancedisclosure.com/public/filers/f_01kj8g9wepfwcvvr9evsxxerer/filings/d_01kxv9schbfybr6dppezrxr22s,,Mcea Campaign Finance,"May 27, 2026 - July 14, 2026",,,,$894.41,"$6,625.00",$0.00,$675.00,"$6,405.59",$0.00,
Ayn Hanselmann,https://www.mainecampaignfinancedisclosure.com/public/filers/f_01kj8g9wepfwcvvr9evsxxerer,2025 Annual Personal Financial Disclosure,https://www.mainecampaignfinancedisclosure.com/public/filers/f_01kj8g9wepfwcvvr9evsxxerer/filings/d_01kxv9ebg5fecb17z61nbqcyms,,,,,,,,,,,,,
Ayn Hanselmann,https://www.mainecampaignfinancedisclosure.com/public/filers/f_01kj8g9wepfwcvvr9evsxxerer,11-Day Pre-Primary MCEA Report,https://www.mainecampaignfinancedisclosure.com/public/filers/f_01kj8g9wepfwcvvr9evsxxerer/filings/d_01ksmr3v90ee4vt719458em97t,,Mcea Campaign Finance,"May 21, 2026 - May 26, 2026",,,,$0.00,$672.47,$0.00,$2.53,$675.00,$0.00,
Ayn Hanselmann,https://www.mainecampaignfinancedisclosure.com/public/filers/f_01kj8g9wepfwcvvr9evsxxerer,2026 Seed Money Report - Extended Deadline,https://www.mainecampaignfinancedisclosure.com/public/filers/f_01kj8g9wepfwcvvr9evsxxerer/filings/d_01ks2rkzxwexvvng04604195x9,,,,,,,,,,,,,
Bradley Moulton,https://www.mainecampaignfinancedisclosure.com/public/filers/f_01kh7pnsy8f6qb2cav67pygv7f,2025 Annual Personal Financial Disclosure,https://www.mainecampaignfinancedisclosure.com/public/filers/f_01kh7pnsy8f6qb2cav67pygv7f/filings/d_01kz4814h1fr3sey3n2ar0ga56,,,,,,,,,,,,,
Bradley Moulton,https://www.mainecampaignfinancedisclosure.com/public/filers/f_01kh7pnsy8f6qb2cav67pygv7f,42-Day Post-Primary MCEA Report,https://www.mainecampaignfinancedisclosure.com/public/filers/f_01kh7pnsy8f6qb2cav67pygv7f/filings/d_01kxr60dcqesxtf476ra9yewhm,,Mcea Campaign Finance,"May 27, 2026 - July 14, 2026",,,,$196.00,"$8,275.00",$0.00,$675.00,"$8,754.00",$0.00,
Bradley Moulton,https://www.mainecampaignfinancedisclosure.com/public/filers/f_01kh7pnsy8f6qb2cav67pygv7f,11-Day Pre-Primary MCEA Report,https://www.mainecampaignfinancedisclosure.com/public/filers/f_01kh7pnsy8f6qb2cav67pygv7f/filings/d_01ks2pb5amfferte0apsfgah2p,,Mcea Campaign Finance,"May 08, 2026 - May 26, 2026",,,,$0.00,$658.00,$0.00,$17.00,$675.00,$0.00,
Bradley Moulton,https://www.mainecampaignfinancedisclosure.com/public/filers/f_01kh7pnsy8f6qb2cav67pygv7f,2026 Seed Money Report - Extended Deadline,https://www.mainecampaignfinancedisclosure.com/public/filers/f_01kh7pnsy8f6qb2cav67pygv7f/filings/d_01kpraz757e5es4zbftb11nc4z,,,,,,,,,,,,,
Christopher Alfred Lewey,https://www.mainecampaignfinancedisclosure.com/public/filers/f_01kd8w6ftve6dak61qbwrd7k2b,2025 Annual Personal Financial Disclosure,https://www.mainecampaignfinancedisclosure.com/public/filers/f_01kd8w6ftve6dak61qbwrd7k2b/filings/d_01ky0a1ytaen49f65dpmdfnktq,,,,,,,,,,,,,
Christopher Alfred Lewey,https://www.mainecampaignfinancedisclosure.com/public/filers/f_01kd8w6ftve6dak61qbwrd7k2b,42-Day Post-Primary MCEA Report,https://www.mainecampaignfinancedisclosure.com/public/filers/f_01kd8w6ftve6dak61qbwrd7k2b/filings/d_01kwa6t5vqectvnc7pgk8xzx1m,,Mcea Campaign Finance,"May 27, 2026 - July 14, 2026",,,,"$2,173.97","$19,825.00",$0.00,$490.82,"$18,141.85",$0.00,
Christopher Alfred Lewey,https://www.mainecampaignfinancedisclosure.com/public/filers/f_01kd8w6ftve6dak61qbwrd7k2b,11-Day Pre-Primary MCEA Report,https://www.mainecampaignfinancedisclosure.com/public/filers/f_01kd8w6ftve6dak61qbwrd7k2b/filings/d_01kwa6gkcgffvajp4eqff5nzac,,Mcea Campaign Finance,"March 25, 2026 - May 26, 2026",,,,$184.18,$674.44,$0.00,$0.56,$490.82,$0.00,
Christopher Alfred Lewey,https://www.mainecampaignfinancedisclosure.com/public/filers/f_01kd8w6ftve6dak61qbwrd7k2b,2026 Seed Money Report - Legislative,https://www.mainecampaignfinancedisclosure.com/public/filers/f_01kd8w6ftve6dak61qbwrd7k2b/filings/d_01kwa6m01pfc9aw51w4dg000ga,,,,,,,,,,,,,
Christopher Alfred Lewey,https://www.mainecampaignfinancedisclosure.com/public/filers/f_01kd8w6ftve6dak61qbwrd7k2b,42-Day Post-Primary MCEA Report,https://www.mainecampaignfinancedisclosure.com/public/filers/f_01kd8w6ftve6dak61qbwrd7k2b/filings/d_01kw9vtjb8eppr41hfwg6w4j0n,,Mcea Campaign Finance,"May 27, 2026 - July 14, 2026",,,,"$2,173.97","$19,825.00",$0.00,$490.82,"$18,141.85",$0.00,
Poppy T. Arford,https://www.mainecampaignfinancedisclosure.com/public/filers/f_01kf4eat87emk8zw800mmx66a2,42-Day Post-Primary MCEA Report,https://www.mainecampaignfinancedisclosure.com/public/filers/f_01kf4eat87emk8zw800mmx66a2/filings/d_01kxrvb5kcejzsjce86ys9t4kp,,Mcea Campaign Finance,"May 27, 2026 - July 14, 2026",,,,$0.00,"$6,625.00",$0.00,$675.00,"$7,300.00",$0.00,
Poppy T. Arford,https://www.mainecampaignfinancedisclosure.com/public/filers/f_01kf4eat87emk8zw800mmx66a2,11-Day Pre-Primary MCEA Report,https://www.mainecampaignfinancedisclosure.com/public/filers/f_01kf4eat87emk8zw800mmx66a2/filings/d_01kssvf8gje9m8ayqmymdcxe1w,,Mcea Campaign Finance,"April 04, 2026 - May 26, 2026",,,,$0.00,$675.00,$0.00,$0.00,$675.00,$0.00,
Poppy T. Arford,https://www.mainecampaignfinancedisclosure.com/public/filers/f_01kf4eat87emk8zw800mmx66a2,2026 Seed Money Report - Legislative,https://www.mainecampaignfinancedisclosure.com/public/filers/f_01kf4eat87emk8zw800mmx66a2/filings/d_01kn9w3hr4f3gtg669rmzw87b9,,,,,,,,,,,,,
Cynthia Soma-Hernandez,https://www.mainecampaignfinancedisclosure.com/public/filers/f_01kka0qrbsfzdrf7brrnbrkkfa,2025 Annual Personal Financial Disclosure,https://www.mainecampaignfinancedisclosure.com/public/filers/f_01kka0qrbsfzdrf7brrnbrkkfa/filings/d_01kzrzadmmfcf8ye0tt53q052q,,,,,,,,,,,,,
Cynthia Soma-Hernandez,https://www.mainecampaignfinancedisclosure.com/public/filers/f_01kka0qrbsfzdrf7brrnbrkkfa,42-Day Post-Primary MCEA Report,https://www.mainecampaignfinancedisclosure.com/public/filers/f_01kka0qrbsfzdrf7brrnbrkkfa/filings/d_01kxgzgap7e2prqfa0wqft8qzf,,Mcea Campaign Finance,"May 27, 2026 - July 14, 2026",,,,$213.95,"$6,625.00",$0.00,$675.00,"$7,086.05",$0.00,
Cynthia Soma-Hernandez,https://www.mainecampaignfinancedisclosure.com/public/filers/f_01kka0qrbsfzdrf7brrnbrkkfa,11-Day Pre-Primary MCEA Report,https://www.mainecampaignfinancedisclosure.com/public/filers/f_01kka0qrbsfzdrf7brrnbrkkfa/filings/d_01kt47vxtzfxps4bnzdmz8djff,,Mcea Campaign Finance,"May 21, 2026 - May 26, 2026",,,,$0.00,$627.72,$0.00,$47.28,$675.00,$0.00,
Cynthia Soma-Hernandez,https://www.mainecampaignfinancedisclosure.com/public/filers/f_01kka0qrbsfzdrf7brrnbrkkfa,2026 Seed Money Report - Extended Deadline,https://www.mainecampaignfinancedisclosure.com/public/filers/f_01kka0qrbsfzdrf7brrnbrkkfa/filings/d_01ks2xktdyec9bkbn006smvr98,,,,,,,,,,,,,
Joshua D. Gerritsen,https://www.mainecampaignfinancedisclosure.com/public/filers/f_01kd8w6ftweefsxt0c9925ndzz,42-Day Post-Primary MCEA Report,https://www.mainecampaignfinancedisclosure.com/public/filers/f_01kd8w6ftweefsxt0c9925ndzz/filings/d_01ky3ambkne5h80phdz1jf0qtm,,Mcea Campaign Finance,"May 27, 2026 - July 14, 2026",,,,$694.08,"$8,275.00",$0.00,"$1,343.91","$8,924.83",$0.00,
Joshua D. Gerritsen,https://www.mainecampaignfinancedisclosure.com/public/filers/f_01kd8w6ftweefsxt0c9925ndzz,11-Day Pre-Primary MCEA Report,https://www.mainecampaignfinancedisclosure.com/public/filers/f_01kd8w6ftweefsxt0c9925ndzz/filings/d_01ksjwvx2re22t246q56cv7d0t,,Mcea Campaign Finance,"April 07, 2026 - May 26, 2026",,,,"$1,981.09","$3,277.55",$0.00,$47.45,"$1,343.91",$0.00,
Joshua D. Gerritsen,https://www.mainecampaignfinancedisclosure.com/public/filers/f_01kd8w6ftweefsxt0c9925ndzz,2026 Seed Money Report - Legislative,https://www.mainecampaignfinancedisclosure.com/public/filers/f_01kd8w6ftweefsxt0c9925ndzz/filings/d_01knhzv476e5kaqf4e183erk19,,,,,,,,,,,,,
Joshua D. Gerritsen,https://www.mainecampaignfinancedisclosure.com/public/filers/f_01kd8w6ftweefsxt0c9925ndzz,2026 January Semiannual Report,https://www.mainecampaignfinancedisclosure.com/public/filers/f_01kd8w6ftweefsxt0c9925ndzz/filings/d_01kf4f3w4re01aq3f5mj5s6357,,,,,,,,,,,,,
Clinton Phinney Jr.,https://www.mainecampaignfinancedisclosure.com/public/filers/f_01kh991tnqfths1f70tf6e9k5x,11-Day Pre-Primary MCEA Report,https://www.mainecampaignfinancedisclosure.com/public/filers/f_01kh991tnqfths1f70tf6e9k5x/filings/d_01kzbjd2wwf81a9qncg10j6xdb,,Mcea Campaign Finance,"May 20, 2026 - May 26, 2026",,,,$425.00,"$3,325.00",$0.00,$0.00,"$2,900.00",$0.00,
Clinton Phinney Jr.,https://www.mainecampaignfinancedisclosure.com/public/filers/f_01kh991tnqfths1f70tf6e9k5x,42-Day Post-Primary MCEA Report,https://www.mainecampaignfinancedisclosure.com/public/filers/f_01kh991tnqfths1f70tf6e9k5x/filings/d_01kxs0pyn1fs385d0z0qvzgtys,,Mcea Campaign Finance,"May 27, 2026 - July 14, 2026",,,,"$2,900.00",$0.00,$0.00,"$2,900.00",$0.00,$0.00,
Clinton Phinney Jr.,https://www.mainecampaignfinancedisclosure.com/public/filers/f_01kh991tnqfths1f70tf6e9k5x,11-Day Pre-Primary MCEA Report,https://www.mainecampaignfinancedisclosure.com/public/filers/f_01kh991tnqfths1f70tf6e9k5x/filings/d_01ksttv5mxfcsvjcn1zbyzet6q,,Mcea Campaign Finance,"May 20, 2026 - May 26, 2026",,,,$0.00,"$3,325.00",$0.00,$0.00,"$3,325.00",$0.00,
Clinton Phinney Jr.,https://www.mainecampaignfinancedisclosure.com/public/filers/f_01kh991tnqfths1f70tf6e9k5x,2026 Seed Money Report - Extended Deadline,https://www.mainecampaignfinancedisclosure.com/public/filers/f_01kh991tnqfths1f70tf6e9k5x/filings/d_01kryhr4czfe88bjxfy8mjeh25,,,,,,,,,,,,,
Kimberly J. Pomerleau,https://www.mainecampaignfinancedisclosure.com/public/filers/f_01k89h8gcjegf9qpwdka2kqzvj,42-Day Post-Primary MCEA Report,https://www.mainecampaignfinancedisclosure.com/public/filers/f_01k89h8gcjegf9qpwdka2kqzvj/filings/d_01ky2spmj5fz38jy0feyk65rz0,,Mcea Campaign Finance,"May 27, 2026 - July 14, 2026",,,,"$4,476.57","$26,500.00",$0.00,$391.24,"$22,414.67",$0.00,
Kimberly J. Pomerleau,https://www.mainecampaignfinancedisclosure.com/public/filers/f_01k89h8gcjegf9qpwdka2kqzvj,11-Day Pre-Primary MCEA Report,https://www.mainecampaignfinancedisclosure.com/public/filers/f_01k89h8gcjegf9qpwdka2kqzvj/filings/d_01ky33ebr3fjxvatqbkrvg53vn,,Mcea Campaign Finance,"April 15, 2026 - May 26, 2026",,,,"$2,258.76","$2,637.54",$0.00,$12.46,$391.24,$0.00,
Kimberly J. Pomerleau,https://www.mainecampaignfinancedisclosure.com/public/filers/f_01k89h8gcjegf9qpwdka2kqzvj,11-Day Pre-Primary MCEA Report,https://www.mainecampaignfinancedisclosure.com/public/filers/f_01k89h8gcjegf9qpwdka2kqzvj/filings/d_01ksjhp913fcwbrgv7zdyz6j3s,,Mcea Campaign Finance,"April 15, 2026 - May 26, 2026",,,,"$2,258.76","$2,637.54",$0.00,$12.46,$391.24,$0.00,
Dexter 'Buzz' Bridges,https://www.mainecampaignfinancedisclosure.com/public/filers/f_01kkvvwpprek3b2x5fyxvmbmpb,42-Day Post-Primary MCEA Report,https://www.mainecampaignfinancedisclosure.com/public/filers/f_01kkvvwpprek3b2x5fyxvmbmpb/filings/d_01kxgt9xv8frwa1s1hxz6jb7nr,,Mcea Campaign Finance,"May 27, 2026 - July 14, 2026",,,,"$2,368.73","$8,275.00",$0.00,"$2,187.00","$8,093.27",$0.00,
Dexter 'Buzz' Bridges,https://www.mainecampaignfinancedisclosure.com/public/filers/f_01kkvvwpprek3b2x5fyxvmbmpb,11-Day Pre-Primary MCEA Report,https://www.mainecampaignfinancedisclosure.com/public/filers/f_01kkvvwpprek3b2x5fyxvmbmpb/filings/d_01ksqhg0ggf9qv26rr092tqavh,,Mcea Campaign Finance,"April 18, 2026 - May 26, 2026",,,,"$1,138.00","$3,325.00",$0.00,$0.00,"$2,187.00",$0.00,
Dexter 'Buzz' Bridges,https://www.mainecampaignfinancedisclosure.com/public/filers/f_01kkvvwpprek3b2x5fyxvmbmpb,2026 Seed Money Report - Extended Deadline,https://www.mainecampaignfinancedisclosure.com/public/filers/f_01kkvvwpprek3b2x5fyxvmbmpb/filings/d_01kpc0710cfcq950y482pjavr3,,,,,,,,,,,,,
Grayson Lookner,https://www.mainecampaignfinancedisclosure.com/public/filers/f_01kkhjx7vpfbktnqz3j3kj8jxw,42-Day Post-Primary MCEA Report,https://www.mainecampaignfinancedisclosure.com/public/filers/f_01kkhjx7vpfbktnqz3j3kj8jxw/filings/d_01ky33hbexekkbw883w0xg6wda,,Mcea Campaign Finance,"May 27, 2026 - July 14, 2026",,,,$0.00,"$2,000.00",$0.00,$675.00,"$2,675.00",$0.00,
Grayson Lookner,https://www.mainecampaignfinancedisclosure.com/public/filers/f_01kkhjx7vpfbktnqz3j3kj8jxw,11-Day Pre-Primary MCEA Report,https://www.mainecampaignfinancedisclosure.com/public/filers/f_01kkhjx7vpfbktnqz3j3kj8jxw/filings/d_01ksxer91ce1c9kk8bp09xx85g,,Mcea Campaign Finance,"May 09, 2026 - May 26, 2026",,,,$0.00,$666.00,$0.00,$9.00,$675.00,$0.00,
Grayson Lookner,https://www.mainecampaignfinancedisclosure.com/public/filers/f_01kkhjx7vpfbktnqz3j3kj8jxw,2026 Seed Money Report - Extended Deadline,https://www.mainecampaignfinancedisclosure.com/public/filers/f_01kkhjx7vpfbktnqz3j3kj8jxw/filings/d_01kr478tmtfy8vhzn17kh0q3bv,,,,,,,,,,,,,
Samuel Lewis Zager,https://www.mainecampaignfinancedisclosure.com/public/filers/f_01kf4eat87emk8zw7zz91dadg8,42-Day Post-Primary MCEA Report,https://www.mainecampaignfinancedisclosure.com/public/filers/f_01kf4eat87emk8zw7zz91dadg8/filings/d_01kxp49cksfk1rj1vbyn2p299g,,Mcea Campaign Finance,"May 27, 2026 - July 14, 2026",,,,$12.76,"$2,000.00",$0.00,$649.85,"$2,637.09","$1,070.00",
Samuel Lewis Zager,https://www.mainecampaignfinancedisclosure.com/public/filers/f_01kf4eat87emk8zw7zz91dadg8,11-Day Pre-Primary MCEA Report,https://www.mainecampaignfinancedisclosure.com/public/filers/f_01kf4eat87emk8zw7zz91dadg8/filings/d_01ksfhaxz0fkcrmnkk9dwx160z,,Mcea Campaign Finance,"April 18, 2026 - May 26, 2026",,,,$25.15,$675.00,$0.00,$0.00,$649.85,"$1,070.00",
Samuel Lewis Zager,https://www.mainecampaignfinancedisclosure.com/public/filers/f_01kf4eat87emk8zw7zz91dadg8,2026 Seed Money Report - Legislative,https://www.mainecampaignfinancedisclosure.com/public/filers/f_01kf4eat87emk8zw7zz91dadg8/filings/d_01ksnwj8fqf40bxqg2x79vq8pw,,,,,,,,,,,,,
Samuel Lewis Zager,https://www.mainecampaignfinancedisclosure.com/public/filers/f_01kf4eat87emk8zw7zz91dadg8,2026 Seed Money Report - Legislative,https://www.mainecampaignfinancedisclosure.com/public/filers/f_01kf4eat87emk8zw7zz91dadg8/filings/d_01ksfhcsv7efxbaacvse5tvva4,,,,,,,,,,,,,
Samuel Lewis Zager,https://www.mainecampaignfinancedisclosure.com/public/filers/f_01kf4eat87emk8zw7zz91dadg8,2026 Seed Money Report - Legislative,https://www.mainecampaignfinancedisclosure.com/public/filers/f_01kf4eat87emk8zw7zz91dadg8/filings/d_01kp7691n2ff89dcme93zzas4e,,,,,,,,,,,,,
Daniel Sayre,https://www.mainecampaignfinancedisclosure.com/public/filers/f_01kd8w6ftve6dak61qdwd3tm92,42-Day Post-Primary MCEA Report,https://www.mainecampaignfinancedisclosure.com/public/filers/f_01kd8w6ftve6dak61qdwd3tm92/filings/d_01ky2r93b8e0qvgd2mphmk5hdd,,Mcea Campaign Finance,"May 27, 2026 - July 14, 2026",,,,"$3,388.15","$53,000.00",$0.00,"$1,655.59","$51,267.44",$0.00,
Daniel Sayre,https://www.mainecampaignfinancedisclosure.com/public/filers/f_01kd8w6ftve6dak61qdwd3tm92,11-Day Pre-Primary MCEA Report,https://www.mainecampaignfinancedisclosure.com/public/filers/f_01kd8w6ftve6dak61qdwd3tm92/filings/d_01ksvenwzvew6st878x16459hr,,Mcea Campaign Finance,"April 22, 2026 - May 26, 2026",,,,$994.41,"$2,650.00",$0.00,$0.00,"$1,655.59",$982.91,
Daniel Sayre,https://www.mainecampaignfinancedisclosure.com/public/filers/f_01kd8w6ftve6dak61qdwd3tm92,11-Day Pre-Primary MCEA Report,https://www.mainecampaignfinancedisclosure.com/public/filers/f_01kd8w6ftve6dak61qdwd3tm92/filings/d_01ksvcvywmff2vj361v6wdr1xp,,Mcea Campaign Finance,"April 22, 2026 - May 26, 2026",,,,$986.01,"$2,650.00",$0.00,$0.00,"$1,663.99",$982.91,
Daniel Sayre,https://www.mainecampaignfinancedisclosure.com/public/filers/f_01kd8w6ftve6dak61qdwd3tm92,2026 Seed Money Report - Legislative (7-Day Extension),https://www.mainecampaignfinancedisclosure.com/public/filers/f_01kd8w6ftve6dak61qdwd3tm92/filings/d_01kpse5g1fek6b1gb8xn2r36hh,,,,,,,,,,,,,
Daniel Sayre,https://www.mainecampaignfinancedisclosure.com/public/filers/f_01kd8w6ftve6dak61qdwd3tm92,2026 January Semiannual Report,https://www.mainecampaignfinancedisclosure.com/public/filers/f_01kd8w6ftve6dak61qdwd3tm92/filings/d_01kf4f3w4qe2jtscj5y4fq4tj6,,,,,,,,,,,,,
Azalea Cormier,https://www.mainecampaignfinancedisclosure.com/public/filers/f_01khcbzabeetvr2e4yqxtkcagb,42-Day Post-Primary MCEA Report,https://www.mainecampaignfinancedisclosure.com/public/filers/f_01khcbzabeetvr2e4yqxtkcagb/filings/d_01kwhnrkfyenmrexpxrp8xynfd,,Mcea Campaign Finance,"May 27, 2026 - July 14, 2026",,,,$0.00,"$6,625.00",$0.00,$675.00,"$7,300.00",$44.00,
Azalea Cormier,https://www.mainecampaignfinancedisclosure.com/public/filers/f_01khcbzabeetvr2e4yqxtkcagb,11-Day Pre-Primary MCEA Report,https://www.mainecampaignfinancedisclosure.com/public/filers/f_01khcbzabeetvr2e4yqxtkcagb/filings/d_01kstf73xme9z9abqfhz9t55qd,,Mcea Campaign Finance,"May 19, 2026 - May 26, 2026",,,,$0.00,$675.00,$0.00,$0.00,$675.00,$0.00,
Azalea Cormier,https://www.mainecampaignfinancedisclosure.com/public/filers/f_01khcbzabeetvr2e4yqxtkcagb,2026 Seed Money Report - Extended Deadline,https://www.mainecampaignfinancedisclosure.com/public/filers/f_01khcbzabeetvr2e4yqxtkcagb/filings/d_01kry2jx2kfwg8acax35958ekh,,,,,,,,,,,,,
Jill C. Duson,https://www.mainecampaignfinancedisclosure.com/public/filers/f_01kd8w6ftve6dak61q9m0pf0tv,42-Day Post-Primary MCEA Report,https://www.mainecampaignfinancedisclosure.com/public/filers/f_01kd8w6ftve6dak61q9m0pf0tv/filings/d_01kxyr34naedeszw1rt26vcsvn,,Mcea Campaign Finance,"May 27, 2026 - July 14, 2026",,,,$0.00,"$7,950.00",$0.00,"$2,650.00","$10,600.00",$0.00,
Jill C. Duson,https://www.mainecampaignfinancedisclosure.com/public/filers/f_01kd8w6ftve6dak61q9m0pf0tv,11-Day Pre-Primary MCEA Report,https://www.mainecampaignfinancedisclosure.com/public/filers/f_01kd8w6ftve6dak61q9m0pf0tv/filings/d_01ksq9q4b6f9ttd3k0232fwzsh,,Mcea Campaign Finance,"April 29, 2026 - May 26, 2026",,,,$0.00,"$2,240.70",$0.00,$409.30,"$2,650.00",$0.00,
Jill C. Duson,https://www.mainecampaignfinancedisclosure.com/public/filers/f_01kd8w6ftve6dak61q9m0pf0tv,2026 Seed Money Report - Legislative (7-Day Extension),https://www.mainecampaignfinancedisclosure.com/public/filers/f_01kd8w6ftve6dak61q9m0pf0tv/filings/d_01kq9zg25jfbqtbgeq5hqbcw3y,,,,,,,,,,,,,
Michael D. Perkins,https://www.mainecampaignfinancedisclosure.com/public/filers/f_01kf4eat87emk8zw807cwn1fsq,42-Day Post-Primary MCEA Report,https://www.mainecampaignfinancedisclosure.com/public/filers/f_01kf4eat87emk8zw807cwn1fsq/filings/d_01ky0rhbdtektsw6ca8q7p9m78,,Mcea Campaign Finance,"May 27, 2026 - July 14, 2026",,,,$0.00,"$2,000.00",$0.00,$75.00,"$2,075.00",$0.00,
Michael D. Perkins,https://www.mainecampaignfinancedisclosure.com/public/filers/f_01kf4eat87emk8zw807cwn1fsq,42-Day Post-Primary MCEA Report,https://www.mainecampaignfinancedisclosure.com/public/filers/f_01kf4eat87emk8zw807cwn1fsq/filings/d_01ky0qmerqefsrcwntjzcyhpnt,,Mcea Campaign Finance,"May 27, 2026 - July 14, 2026",,,,$0.00,"$2,000.00",$0.00,$75.00,"$2,075.00",$0.00,
Michael D. Perkins,https://www.mainecampaignfinancedisclosure.com/public/filers/f_01kf4eat87emk8zw807cwn1fsq,11-Day Pre-Primary MCEA Report,https://www.mainecampaignfinancedisclosure.com/public/filers/f_01kf4eat87emk8zw807cwn1fsq/filings/d_01ksqf7bmqeet8xa9y6vkw0nx8,,Mcea Campaign Finance,"April 29, 2026 - May 26, 2026",,,,$600.00,$675.00,$0.00,$0.00,$75.00,$0.00,
Flavia DeBrito,https://www.mainecampaignfinancedisclosure.com/public/filers/f_01khedptrpfj3t0r4arxww7sx2,42-Day Post-Primary MCEA Report,https://www.mainecampaignfinancedisclosure.com/public/filers/f_01khedptrpfj3t0r4arxww7sx2/filings/d_01ky2nacg1fq4bh0y3rhjj1zzj,,Mcea Campaign Finance,"May 29, 2026 - July 14, 2026",,,,$0.00,"$7,300.00",$0.00,$0.00,"$7,300.00",$347.69,
Flavia DeBrito,https://www.mainecampaignfinancedisclosure.com/public/filers/f_01khedptrpfj3t0r4arxww7sx2,2026 Seed Money Report - Extended (7-Day Extension),https://www.mainecampaignfinancedisclosure.com/public/filers/f_01khedptrpfj3t0r4arxww7sx2/filings/d_01kt1shmptech9nmg4e79w182g,,,,,,,,,,,,,
Flavia DeBrito,https://www.mainecampaignfinancedisclosure.com/public/filers/f_01khedptrpfj3t0r4arxww7sx2,2026 Seed Money Report - Extended (7-Day Extension),https://www.mainecampaignfinancedisclosure.com/public/filers/f_01khedptrpfj3t0r4arxww7sx2/filings/d_01kstwj0g5fj9abpn1j6jta5x5,,,,,,,,,,,,,
Flavia DeBrito,https://www.mainecampaignfinancedisclosure.com/public/filers/f_01khedptrpfj3t0r4arxww7sx2,2026 Seed Money Report - Extended (7-Day Extension),https://www.mainecampaignfinancedisclosure.com/public/filers/f_01khedptrpfj3t0r4arxww7sx2/filings/d_01ksqzjw81ee1v3kgsce8gbt34,,,,,,,,,,,,,
Trent Vellella,https://www.mainecampaignfinancedisclosure.com/public/filers/f_01kkvr3wwdetnsd0z1bcanzs1d,42-Day Post-Primary MCEA Report,https://www.mainecampaignfinancedisclosure.com/public/filers/f_01kkvr3wwdetnsd0z1bcanzs1d/filings/d_01ky2bnmdrek1bb0ew0ckcez7j,,Mcea Campaign Finance,"May 27, 2026 - July 14, 2026",,,,"$1,259.00","$8,275.00",$0.00,$675.00,"$7,691.00",$360.00,
Trent Vellella,https://www.mainecampaignfinancedisclosure.com/public/filers/f_01kkvr3wwdetnsd0z1bcanzs1d,11-Day Pre-Primary MCEA Report,https://www.mainecampaignfinancedisclosure.com/public/filers/f_01kkvr3wwdetnsd0z1bcanzs1d/filings/d_01ksqwcw7ne53anhhwwxnsrrrr,,Mcea Campaign Finance,"May 21, 2026 - May 26, 2026",,,,$0.00,$670.18,$0.00,$4.82,$675.00,$360.00,
Trent Vellella,https://www.mainecampaignfinancedisclosure.com/public/filers/f_01kkvr3wwdetnsd0z1bcanzs1d,2026 Seed Money Report - Extended Deadline,https://www.mainecampaignfinancedisclosure.com/public/filers/f_01kkvr3wwdetnsd0z1bcanzs1d/filings/d_01krkrg4qxfss8bzbrepwzbv5s,,,,,,,,,,,,,
Kenneth Davis,https://www.mainecampaignfinancedisclosure.com/public/filers/f_01kf4eat87emk8zw7zx7f17bj4,42-Day Post-Primary MCEA Report,https://www.mainecampaignfinancedisclosure.com/public/filers/f_01kf4eat87emk8zw7zx7f17bj4/filings/d_01kxe9c30demh8wvg3xz1ty18c,,Mcea Campaign Finance,"May 27, 2026 - July 14, 2026",,,,"$1,775.55",$0.00,$0.00,"$1,775.55",$0.00,$0.00,
Kenneth Davis,https://www.mainecampaignfinancedisclosure.com/public/filers/f_01kf4eat87emk8zw7zx7f17bj4,11-Day Pre-Primary MCEA Report,https://www.mainecampaignfinancedisclosure.com/public/filers/f_01kf4eat87emk8zw7zx7f17bj4/filings/d_01ksqfdd03e3pr3b1f2427mc65,,Mcea Campaign Finance,"April 14, 2026 - May 26, 2026",,,,"$11,474.45","$13,233.09",$0.00,$16.91,"$1,775.55",$0.00,
Kenneth Davis,https://www.mainecampaignfinancedisclosure.com/public/filers/f_01kf4eat87emk8zw7zx7f17bj4,2026 Seed Money Report - Legislative,https://www.mainecampaignfinancedisclosure.com/public/filers/f_01kf4eat87emk8zw7zx7f17bj4/filings/d_01kp3h2zcqerksrsxhxdt1qya7,,,,,,,,,,,,,
David Wayne Guilmette,https://www.mainecampaignfinancedisclosure.com/public/filers/f_01kd8w6ftweefsxt0caxv1fsas,2025 Annual Personal Financial Disclosure,https://www.mainecampaignfinancedisclosure.com/public/filers/f_01kd8w6ftweefsxt0caxv1fsas/filings/d_01kyacgmr7fgxs3n3j1kdq7d5e,,,,,,,,,,,,,
David Wayne Guilmette,https://www.mainecampaignfinancedisclosure.com/public/filers/f_01kd8w6ftweefsxt0caxv1fsas,42-Day Post-Primary MCEA Report,https://www.mainecampaignfinancedisclosure.com/public/filers/f_01kd8w6ftweefsxt0caxv1fsas/filings/d_01kxrvqqhaffnbh9y2jd2ah4d2,,Mcea Campaign Finance,"May 27, 2026 - July 14, 2026",,,,$680.52,"$11,575.00",$0.00,$29.46,"$10,923.94",$0.00,
David Wayne Guilmette,https://www.mainecampaignfinancedisclosure.com/public/filers/f_01kd8w6ftweefsxt0caxv1fsas,11-Day Pre-Primary MCEA Report,https://www.mainecampaignfinancedisclosure.com/public/filers/f_01kd8w6ftweefsxt0caxv1fsas/filings/d_01ksjtde1pfgttanq6e9j79w8w,,Mcea Campaign Finance,"April 11, 2026 - May 26, 2026",,,,$645.54,$660.72,$0.00,$14.28,$29.46,$0.00,
David Wayne Guilmette,https://www.mainecampaignfinancedisclosure.com/public/filers/f_01kd8w6ftweefsxt0caxv1fsas,2026 Seed Money Report - Legislative,https://www.mainecampaignfinancedisclosure.com/public/filers/f_01kd8w6ftweefsxt0caxv1fsas/filings/d_01knsh8rpcfdkb789j6k9p0jzc,,,,,,,,,,,,,
Scott A. Harriman,https://www.mainecampaignfinancedisclosure.com/public/filers/f_01kd8w6ftve6dak61qczsbke0w,42-Day Post-Primary MCEA Report,https://www.mainecampaignfinancedisclosure.com/public/filers/f_01kd8w6ftve6dak61qczsbke0w/filings/d_01kxp7r8vaeayrqhetbmhvd91h,,Mcea Campaign Finance,"May 27, 2026 - July 14, 2026",,,,$50.00,"$6,625.00",$0.00,$643.98,"$7,218.98",$0.00,
Scott A. Harriman,https://www.mainecampaignfinancedisclosure.com/public/filers/f_01kd8w6ftve6dak61qczsbke0w,11-Day Pre-Primary MCEA Report,https://www.mainecampaignfinancedisclosure.com/public/filers/f_01kd8w6ftve6dak61qczsbke0w/filings/d_01ksjrxcxaewavy3wjaxdngps9,,Mcea Campaign Finance,"April 28, 2026 - May 26, 2026",,,,$31.02,$675.00,$0.00,$0.00,$643.98,$0.00,
Scott A. Harriman,https://www.mainecampaignfinancedisclosure.com/public/filers/f_01kd8w6ftve6dak61qczsbke0w,2026 Seed Money Report - Legislative (7-Day Extension),https://www.mainecampaignfinancedisclosure.com/public/filers/f_01kd8w6ftve6dak61qczsbke0w/filings/d_01kq84qdedf72bs9y56v61aywt,,,,,,,,,,,,,
Nancy McDowell-Special,https://www.mainecampaignfinancedisclosure.com/public/filers/f_01kmga8ym1fsnbevc5crxez0ks,42-Day Post Election MCEA Report (2026 HD 29 Special Election),https://www.mainecampaignfinancedisclosure.com/public/filers/f_01kmga8ym1fsnbevc5crxez0ks/filings/d_01ky7s7qaaefebg2kd78dyp4he,,Mcea Campaign Finance,"May 27, 2026 - July 14, 2026",,,,"$4,513.30",$0.00,$10.88,"$4,524.18",$0.00,$0.00,
Nancy McDowell-Special,https://www.mainecampaignfinancedisclosure.com/public/filers/f_01kmga8ym1fsnbevc5crxez0ks,42-Day Post Election MCEA Report (2026 HD 29 Special Election),https://www.mainecampaignfinancedisclosure.com/public/filers/f_01kmga8ym1fsnbevc5crxez0ks/filings/d_01kvqz6b3nee78qv3jcs2q3jj9,,Mcea Campaign Finance,"May 27, 2026 - July 14, 2026",,,,"$4,513.30",$0.00,$0.65,"$4,524.18",$10.23,$0.00,
Nancy McDowell-Special,https://www.mainecampaignfinancedisclosure.com/public/filers/f_01kmga8ym1fsnbevc5crxez0ks,24-Hour Report,https://www.mainecampaignfinancedisclosure.com/public/filers/f_01kmga8ym1fsnbevc5crxez0ks/filings/d_01ktmp6pdress87ajhj5w8pf69,,,,,,,,,,,,,
Nancy McDowell-Special,https://www.mainecampaignfinancedisclosure.com/public/filers/f_01kmga8ym1fsnbevc5crxez0ks,24-Hour Report,https://www.mainecampaignfinancedisclosure.com/public/filers/f_01kmga8ym1fsnbevc5crxez0ks/filings/d_01ksqm9vvbfb08vb9prt6dzqxx,,,,,,,,,,,,,
Nancy McDowell-Special,https://www.mainecampaignfinancedisclosure.com/public/filers/f_01kmga8ym1fsnbevc5crxez0ks,11-Day Pre-Election MCEA Report (2026 HD 29 Special Election),https://www.mainecampaignfinancedisclosure.com/public/filers/f_01kmga8ym1fsnbevc5crxez0ks/filings/d_01ksqgzqq6f0v984942qz08311,,Mcea Campaign Finance,"April 17, 2026 - May 26, 2026",,,,"$3,750.82","$8,274.63",$0.00,$0.37,"$4,524.18",$0.00,
Abigail Geer,https://www.mainecampaignfinancedisclosure.com/public/filers/f_01kkemta5ceeet0vfqnzxf4tm6,2025 Annual Personal Financial Disclosure,https://www.mainecampaignfinancedisclosure.com/public/filers/f_01kkemta5ceeet0vfqnzxf4tm6/filings/d_01kzkqz74qekdaqpax37ghtym8,,,,,,,,,,,,,
Abigail Geer,https://www.mainecampaignfinancedisclosure.com/public/filers/f_01kkemta5ceeet0vfqnzxf4tm6,42-Day Post-Primary MCEA Report,https://www.mainecampaignfinancedisclosure.com/public/filers/f_01kkemta5ceeet0vfqnzxf4tm6/filings/d_01ky11scktefgr6rt8dpq3f0cb,,Mcea Campaign Finance,"May 27, 2026 - July 14, 2026",,,,"$3,636.12","$10,599.98",$0.00,$0.02,"$6,963.88",$0.00,
Abigail Geer,https://www.mainecampaignfinancedisclosure.com/public/filers/f_01kkemta5ceeet0vfqnzxf4tm6,2026 Seed Money Report - Extended (7-Day Extension),https://www.mainecampaignfinancedisclosure.com/public/filers/f_01kkemta5ceeet0vfqnzxf4tm6/filings/d_01ksacx4bwftyt3mmxdrnw33g1,,,,,,,,,,,,,
Jessica Blanchard,https://www.mainecampaignfinancedisclosure.com/public/filers/f_01knwjnbpgf30ak3nzejgvd3r1,11-Day Pre-Primary Report,https://www.mainecampaignfinancedisclosure.com/public/filers/f_01knwjnbpgf30ak3nzejgvd3r1/filings/d_01kxpsnm3tftct87ag1cgbxjxj,,,,,,,,,,,,,
Jessica Blanchard,https://www.mainecampaignfinancedisclosure.com/public/filers/f_01knwjnbpgf30ak3nzejgvd3r1,42-Day Post-Primary Report,https://www.mainecampaignfinancedisclosure.com/public/filers/f_01knwjnbpgf30ak3nzejgvd3r1/filings/d_01kxemtqscf01abh1q2x3980h0,,,,,,,,,,,,,
Jessica Blanchard,https://www.mainecampaignfinancedisclosure.com/public/filers/f_01knwjnbpgf30ak3nzejgvd3r1,11-Day Pre-Primary Report,https://www.mainecampaignfinancedisclosure.com/public/filers/f_01knwjnbpgf30ak3nzejgvd3r1/filings/d_01kstkdrhceezthvncmxx1xy0w,,,,,,,,,,,,,
Denise Tepler,https://www.mainecampaignfinancedisclosure.com/public/filers/f_01kf4eat87emk8zw7zsb2b85fw,42-Day Post-Primary MCEA Report,https://www.mainecampaignfinancedisclosure.com/public/filers/f_01kf4eat87emk8zw7zsb2b85fw/filings/d_01kxrh08cyf129dcmp0zg6mq09,,Mcea Campaign Finance,"May 27, 2026 - July 14, 2026",,,,$700.00,"$7,950.00",$0.00,"$1,128.42","$8,378.42",$0.00,
Denise Tepler,https://www.mainecampaignfinancedisclosure.com/public/filers/f_01kf4eat87emk8zw7zsb2b85fw,11-Day Pre-Primary MCEA Report,https://www.mainecampaignfinancedisclosure.com/public/filers/f_01kf4eat87emk8zw7zsb2b85fw/filings/d_01ksnhdn85e0ztkxdte7yapk5x,,Mcea Campaign Finance,"April 15, 2026 - May 26, 2026",,,,"$1,521.58","$2,650.00",$0.00,$0.00,"$1,128.42",$0.00,
Denise Tepler,https://www.mainecampaignfinancedisclosure.com/public/filers/f_01kf4eat87emk8zw7zsb2b85fw,2026 Seed Money Report - Legislative,https://www.mainecampaignfinancedisclosure.com/public/filers/f_01kf4eat87emk8zw7zsb2b85fw/filings/d_01kp6pt5b2e1zv1q19ks3hjmpm,,,,,,,,,,,,,
Nathan Burnett,https://www.mainecampaignfinancedisclosure.com/public/filers/f_01kd8w6ftve6dak61qa3mq63v9,2025 Annual Personal Financial Disclosure,https://www.mainecampaignfinancedisclosure.com/public/filers/f_01kd8w6ftve6dak61qa3mq63v9/filings/d_01kz1kwgzwe0qtmw0hb13pe35b,,,,,,,,,,,,,
Nathan Burnett,https://www.mainecampaignfinancedisclosure.com/public/filers/f_01kd8w6ftve6dak61qa3mq63v9,42-Day Post-Primary MCEA Report,https://www.mainecampaignfinancedisclosure.com/public/filers/f_01kd8w6ftve6dak61qa3mq63v9/filings/d_01kxvh9158e6jvefaqj9zet3dt,,Mcea Campaign Finance,"May 27, 2026 - July 14, 2026",,,,$2.55,"$46,375.00",$0.00,$700.00,"$47,072.45",$0.00,
Nathan Burnett,https://www.mainecampaignfinancedisclosure.com/public/filers/f_01kd8w6ftve6dak61qa3mq63v9,2026 Seed Money Report - Legislative (7-Day Extension),https://www.mainecampaignfinancedisclosure.com/public/filers/f_01kd8w6ftve6dak61qa3mq63v9/filings/d_01ksk4a96qezza65xfedr47hhk,,,,,,,,,,,,,
Nathan Burnett,https://www.mainecampaignfinancedisclosure.com/public/filers/f_01kd8w6ftve6dak61qa3mq63v9,11-Day Pre-Primary MCEA Report,https://www.mainecampaignfinancedisclosure.com/public/filers/f_01kd8w6ftve6dak61qa3mq63v9/filings/d_01ksk49c77ekdv80h2cykw639y,,Mcea Campaign Finance,"March 31, 2026 - May 26, 2026",,,,"$1,950.00","$2,649.87",$0.00,$0.13,$700.00,$0.00,
Nathan Burnett,https://www.mainecampaignfinancedisclosure.com/public/filers/f_01kd8w6ftve6dak61qa3mq63v9,2026 Seed Money Report - Legislative,https://www.mainecampaignfinancedisclosure.com/public/filers/f_01kd8w6ftve6dak61qa3mq63v9/filings/d_01ksp1g07tekxb3qv8zzned24n,,,,,,,,,,,,,
Eleanor Sato,https://www.mainecampaignfinancedisclosure.com/public/filers/f_01khcgp2gcfkcbj9xjddrw1gy0,42-Day Post-Primary MCEA Report,https://www.mainecampaignfinancedisclosure.com/public/filers/f_01khcgp2gcfkcbj9xjddrw1gy0/filings/d_01kxpavcgafgh81xk5mz5xn5yf,,Mcea Campaign Finance,"May 27, 2026 - July 14, 2026",,,,"$3,597.76",$0.00,$0.00,"$3,597.76",$0.00,$0.00,
Eleanor Sato,https://www.mainecampaignfinancedisclosure.com/public/filers/f_01khcgp2gcfkcbj9xjddrw1gy0,11-Day Pre-Primary MCEA Report,https://www.mainecampaignfinancedisclosure.com/public/filers/f_01khcgp2gcfkcbj9xjddrw1gy0/filings/d_01kst0s715ej7rpfse7dzz0xfa,,Mcea Campaign Finance,"April 10, 2026 - May 26, 2026",,,,"$9,652.24","$13,249.56",$0.00,$0.44,"$3,597.76",$0.00,
Eleanor Sato,https://www.mainecampaignfinancedisclosure.com/public/filers/f_01khcgp2gcfkcbj9xjddrw1gy0,2026 Seed Money Report - Extended Deadline,https://www.mainecampaignfinancedisclosure.com/public/filers/f_01khcgp2gcfkcbj9xjddrw1gy0/filings/d_01kns6e5xkefnscm9ajpfdckh9,,,,,,,,,,,,,
Henry L Ingwersen,https://www.mainecampaignfinancedisclosure.com/public/filers/f_01k89h8gcjegf9qpwdgfz5ayyz,42-Day Post-Primary MCEA Report,https://www.mainecampaignfinancedisclosure.com/public/filers/f_01k89h8gcjegf9qpwdgfz5ayyz/filings/d_01kxnmnyfbeymvecaaecg6dp6g,,Mcea Campaign Finance,"May 27, 2026 - July 14, 2026",,,,$986.12,"$59,625.00",$0.00,"$1,579.29","$60,218.17",$0.00,
Henry L Ingwersen,https://www.mainecampaignfinancedisclosure.com/public/filers/f_01k89h8gcjegf9qpwdgfz5ayyz,11-Day Pre-Primary MCEA Report,https://www.mainecampaignfinancedisclosure.com/public/filers/f_01k89h8gcjegf9qpwdgfz5ayyz/filings/d_01ksq4dawnej3vembbfzdzrq6v,,Mcea Campaign Finance,"April 11, 2026 - May 26, 2026",,,,"$1,070.71","$2,646.81",$0.00,$3.19,"$1,579.29",$0.00,
Henry L Ingwersen,https://www.mainecampaignfinancedisclosure.com/public/filers/f_01k89h8gcjegf9qpwdgfz5ayyz,2026 Seed Money Report - Legislative,https://www.mainecampaignfinancedisclosure.com/public/filers/f_01k89h8gcjegf9qpwdgfz5ayyz/filings/d_01knwbm3kpfwgbm0dzd5mt9bfd,,,,,,,,,,,,,
Henry L Ingwersen,https://www.mainecampaignfinancedisclosure.com/public/filers/f_01k89h8gcjegf9qpwdgfz5ayyz,2026 Seed Money Report - Legislative,https://www.mainecampaignfinancedisclosure.com/public/filers/f_01k89h8gcjegf9qpwdgfz5ayyz/filings/d_01knw5tda4ea9vswm55h6mcka5,,,,,,,,,,,,,
Henry L Ingwersen,https://www.mainecampaignfinancedisclosure.com/public/filers/f_01k89h8gcjegf9qpwdgfz5ayyz,2026 January Semiannual Report,https://www.mainecampaignfinancedisclosure.com/public/filers/f_01k89h8gcjegf9qpwdgfz5ayyz/filings/d_01kf4f3w4qe2jtscj5r6s21cyx,,,,,,,,,,,,,
Wyatt Beaulieu,https://www.mainecampaignfinancedisclosure.com/public/filers/f_01khpk9kb8fystaqb7yjan9802,42-Day Post-Primary MCEA Report,https://www.mainecampaignfinancedisclosure.com/public/filers/f_01khpk9kb8fystaqb7yjan9802/filings/d_01ky0bra0xfs8r7j3tnmfen0v8,,Mcea Campaign Finance,"May 27, 2026 - July 14, 2026",,,,$354.48,"$6,625.00",$0.00,$218.15,"$6,488.67",$0.00,
Wyatt Beaulieu,https://www.mainecampaignfinancedisclosure.com/public/filers/f_01khpk9kb8fystaqb7yjan9802,11-Day Pre-Primary MCEA Report,https://www.mainecampaignfinancedisclosure.com/public/filers/f_01khpk9kb8fystaqb7yjan9802/filings/d_01ksqxc52gf3g9a3s73k4nyy4g,,Mcea Campaign Finance,"April 22, 2026 - May 26, 2026",,,,$456.85,$675.00,$0.00,$0.00,$218.15,$0.00,
Wyatt Beaulieu,https://www.mainecampaignfinancedisclosure.com/public/filers/f_01khpk9kb8fystaqb7yjan9802,2026 Seed Money Report - Extended Deadline,https://www.mainecampaignfinancedisclosure.com/public/filers/f_01khpk9kb8fystaqb7yjan9802/filings/d_01kprt7fnvfz6agndgr91cdy83,,,,,,,,,,,,,
Daniel Simonds,https://www.mainecampaignfinancedisclosure.com/public/filers/f_01kn2940f1eecb81xcpeyj53wf,2025 Annual Personal Financial Disclosure,https://www.mainecampaignfinancedisclosure.com/public/filers/f_01kn2940f1eecb81xcpeyj53wf/filings/d_01kyn7ynjxfgnshfvngj1x7bqk,,,,,,,,,,,,,
Daniel Simonds,https://www.mainecampaignfinancedisclosure.com/public/filers/f_01kn2940f1eecb81xcpeyj53wf,2025 Annual Personal Financial Disclosure,https://www.mainecampaignfinancedisclosure.com/public/filers/f_01kn2940f1eecb81xcpeyj53wf/filings/d_01kymyd8y4er4s6f66hsg7rh20,,,,,,,,,,,,,
Daniel Simonds,https://www.mainecampaignfinancedisclosure.com/public/filers/f_01kn2940f1eecb81xcpeyj53wf,42-Day Post-Primary MCEA Report,https://www.mainecampaignfinancedisclosure.com/public/filers/f_01kn2940f1eecb81xcpeyj53wf/filings/d_01ky10nt37fg9sw6h4c1ct0f73,,Mcea Campaign Finance,"May 29, 2026 - July 14, 2026",,,,$0.00,"$8,950.00",$0.00,$0.00,"$8,950.00",$0.00,
Daniel Simonds,https://www.mainecampaignfinancedisclosure.com/public/filers/f_01kn2940f1eecb81xcpeyj53wf,2026 Seed Money Report - Extended (7-Day Extension),https://www.mainecampaignfinancedisclosure.com/public/filers/f_01kn2940f1eecb81xcpeyj53wf/filings/d_01ksr31agneartse6jaeyzw7h5,,,,,,,,,,,,,
Peter Q. Jenks,https://www.mainecampaignfinancedisclosure.com/public/filers/f_01kf4eat87emk8zw7zsnpxaas7,42-Day Post-Primary MCEA Report,https://www.mainecampaignfinancedisclosure.com/public/filers/f_01kf4eat87emk8zw7zsnpxaas7/filings/d_01ky38z63bffm8q66a5vt2bwvp,,Mcea Campaign Finance,"May 27, 2026 - July 14, 2026",,,,$0.00,$0.00,"$2,318.35","$2,318.35",$0.00,$0.00,
Peter Q. Jenks,https://www.mainecampaignfinancedisclosure.com/public/filers/f_01kf4eat87emk8zw7zsnpxaas7,11-Day Pre-Primary MCEA Report,https://www.mainecampaignfinancedisclosure.com/public/filers/f_01kf4eat87emk8zw7zsnpxaas7/filings/d_01ksr3gkhjfe4t2btwc6hh6xjp,,Mcea Campaign Finance,"April 17, 2026 - May 26, 2026",,,,"$1,006.35","$3,250.29",$0.00,$74.41,"$2,318.35",$0.00,
Peter Q. Jenks,https://www.mainecampaignfinancedisclosure.com/public/filers/f_01kf4eat87emk8zw7zsnpxaas7,2026 Seed Money Report - Legislative,https://www.mainecampaignfinancedisclosure.com/public/filers/f_01kf4eat87emk8zw7zsnpxaas7/filings/d_01kpbz6f6yfdw83w5vakdb9mk8,,,,,,,,,,,,,
Bradley Youngs,https://www.mainecampaignfinancedisclosure.com/public/filers/f_01kf4eat87emk8zw7zxf35wt3e,2025 Annual Personal Financial Disclosure,https://www.mainecampaignfinancedisclosure.com/public/filers/f_01kf4eat87emk8zw7zxf35wt3e/filings/d_01ky011kr4e20bx1w3vkxrv2ta,,,,,,,,,,,,,
Bradley Youngs,https://www.mainecampaignfinancedisclosure.com/public/filers/f_01kf4eat87emk8zw7zxf35wt3e,42-Day Post-Primary MCEA Report,https://www.mainecampaignfinancedisclosure.com/public/filers/f_01kf4eat87emk8zw7zxf35wt3e/filings/d_01kxs35kfxe7st9gavr31s9zf5,,Mcea Campaign Finance,"May 27, 2026 - July 14, 2026",,,,"$1,153.33","$11,575.00",$0.00,$35.69,"$10,459.89",$0.00,
Bradley Youngs,https://www.mainecampaignfinancedisclosure.com/public/filers/f_01kf4eat87emk8zw7zxf35wt3e,11-Day Pre-Primary MCEA Report,https://www.mainecampaignfinancedisclosure.com/public/filers/f_01kf4eat87emk8zw7zxf35wt3e/filings/d_01ksjk6wavf8mrw7pta2005pyq,,Mcea Campaign Finance,"April 15, 2026 - May 26, 2026",,,,$639.50,$674.97,$0.00,$0.03,$35.69,$0.00,
Bradley Youngs,https://www.mainecampaignfinancedisclosure.com/public/filers/f_01kf4eat87emk8zw7zxf35wt3e,2026 Seed Money Report - Legislative,https://www.mainecampaignfinancedisclosure.com/public/filers/f_01kf4eat87emk8zw7zxf35wt3e/filings/d_01kp5zy1m8fpqvfdrpzrgyc3wp,,,,,,,,,,,,,
Dani O'Halloran,https://www.mainecampaignfinancedisclosure.com/public/filers/f_01kf4eat87emk8zw7zyty4t5nc,42-Day Post-Primary MCEA Report,https://www.mainecampaignfinancedisclosure.com/public/filers/f_01kf4eat87emk8zw7zyty4t5nc/filings/d_01ky2br6d3ebprv65k328qgagd,,Mcea Campaign Finance,"May 27, 2026 - July 14, 2026",,,,$0.00,"$19,825.00",$0.00,$675.00,"$20,500.00",$0.00,
Dani O'Halloran,https://www.mainecampaignfinancedisclosure.com/public/filers/f_01kf4eat87emk8zw7zyty4t5nc,11-Day Pre-Primary MCEA Report,https://www.mainecampaignfinancedisclosure.com/public/filers/f_01kf4eat87emk8zw7zyty4t5nc/filings/d_01ksgt3yp3fdf892w3wwygz3x7,,Mcea Campaign Finance,"April 16, 2026 - May 26, 2026",,,,$0.00,$672.00,$0.00,$3.00,$675.00,$0.00,
Dani O'Halloran,https://www.mainecampaignfinancedisclosure.com/public/filers/f_01kf4eat87emk8zw7zyty4t5nc,2026 Seed Money Report - Legislative,https://www.mainecampaignfinancedisclosure.com/public/filers/f_01kf4eat87emk8zw7zyty4t5nc/filings/d_01knkqphqrev6rhdwv2xafmdfa,,,,,,,,,,,,,
Alan Lee Orcutt,https://www.mainecampaignfinancedisclosure.com/public/filers/f_01kf4eat87emk8zw7zvjnqyhb2,2025 Annual Personal Financial Disclosure,https://www.mainecampaignfinancedisclosure.com/public/filers/f_01kf4eat87emk8zw7zvjnqyhb2/filings/d_01ky3t7x3sfe8sbp3jmse3ekq4,,,,,,,,,,,,,
Alan Lee Orcutt,https://www.mainecampaignfinancedisclosure.com/public/filers/f_01kf4eat87emk8zw7zvjnqyhb2,42-Day Post-Primary MCEA Report,https://www.mainecampaignfinancedisclosure.com/public/filers/f_01kf4eat87emk8zw7zvjnqyhb2/filings/d_01kxy18axwexw9dvzyb4t584yj,,Mcea Campaign Finance,"May 27, 2026 - July 14, 2026",,,,"$1,704.00","$6,625.00",$0.00,$645.00,"$5,566.00",$0.00,
Alan Lee Orcutt,https://www.mainecampaignfinancedisclosure.com/public/filers/f_01kf4eat87emk8zw7zvjnqyhb2,11-Day Pre-Primary MCEA Report,https://www.mainecampaignfinancedisclosure.com/public/filers/f_01kf4eat87emk8zw7zvjnqyhb2/filings/d_01ksr4h193e8bbhgta7wcemydf,,Mcea Campaign Finance,"April 16, 2026 - May 26, 2026",,,,$30.00,$675.00,$0.00,$0.00,$645.00,$0.00,
Alan Lee Orcutt,https://www.mainecampaignfinancedisclosure.com/public/filers/f_01kf4eat87emk8zw7zvjnqyhb2,2026 Seed Money Report - Legislative,https://www.mainecampaignfinancedisclosure.com/public/filers/f_01kf4eat87emk8zw7zvjnqyhb2/filings/d_01kp92s054enx92rw7wp0528mt,,,,,,,,,,,,,
Keith Newman,https://www.mainecampaignfinancedisclosure.com/public/filers/f_01knhetv5hetgtknce4rt0pd97,2025 Annual Personal Financial Disclosure,https://www.mainecampaignfinancedisclosure.com/public/filers/f_01knhetv5hetgtknce4rt0pd97/filings/d_01kz3zzk1mfs59k8v1rw550geg,,,,,,,,,,,,,
Keith Newman,https://www.mainecampaignfinancedisclosure.com/public/filers/f_01knhetv5hetgtknce4rt0pd97,42-Day Post-Primary Report,https://www.mainecampaignfinancedisclosure.com/public/filers/f_01knhetv5hetgtknce4rt0pd97/filings/d_01ky0hqzwperstpet6hemfetje,,,,,,,,,,,,,
Keith Newman,https://www.mainecampaignfinancedisclosure.com/public/filers/f_01knhetv5hetgtknce4rt0pd97,11-Day Pre-Primary Report,https://www.mainecampaignfinancedisclosure.com/public/filers/f_01knhetv5hetgtknce4rt0pd97/filings/d_01kt26cmk8fv68zt3x72kc9jtq,,,,,,,,,,,,,
Traci Gere,https://www.mainecampaignfinancedisclosure.com/public/filers/f_01kf4eat87emk8zw806hc84qnt,42-Day Post-Primary MCEA Report,https://www.mainecampaignfinancedisclosure.com/public/filers/f_01kf4eat87emk8zw806hc84qnt/filings/d_01kxnf5ep6eyzvz7hx9sb77p2s,,Mcea Campaign Finance,"May 27, 2026 - July 14, 2026",,,,$0.00,"$13,225.00",$0.00,$675.00,"$13,900.00",$0.00,
Traci Gere,https://www.mainecampaignfinancedisclosure.com/public/filers/f_01kf4eat87emk8zw806hc84qnt,11-Day Pre-Primary MCEA Report,https://www.mainecampaignfinancedisclosure.com/public/filers/f_01kf4eat87emk8zw806hc84qnt/filings/d_01ksqht9mgeb8sesn0e3xgxdtw,,Mcea Campaign Finance,"April 18, 2026 - May 26, 2026",,,,$0.00,$675.00,$0.00,$0.00,$675.00,$0.00,
Traci Gere,https://www.mainecampaignfinancedisclosure.com/public/filers/f_01kf4eat87emk8zw806hc84qnt,2026 Seed Money Report - Legislative (7-Day Extension),https://www.mainecampaignfinancedisclosure.com/public/filers/f_01kf4eat87emk8zw806hc84qnt/filings/d_01kpegq82rfy3bmdkkfm8rs9kn,,,,,,,,,,,,,
Mark Walker,https://www.mainecampaignfinancedisclosure.com/public/filers/f_01kp8tc3b9e5nt1hy5wke20q0c,42-Day Post-Primary MCEA Report,https://www.mainecampaignfinancedisclosure.com/public/filers/f_01kp8tc3b9e5nt1hy5wke20q0c/filings/d_01ky0y5empegcahbtcfnep9fjb,,Mcea Campaign Finance,"May 28, 2026 - July 14, 2026",,,,$0.00,"$8,948.41",$0.00,$1.59,"$8,950.00",$0.00,
Mark Walker,https://www.mainecampaignfinancedisclosure.com/public/filers/f_01kp8tc3b9e5nt1hy5wke20q0c,2026 Seed Money Report - Extended (7-Day Extension),https://www.mainecampaignfinancedisclosure.com/public/filers/f_01kp8tc3b9e5nt1hy5wke20q0c/filings/d_01ksn2hh5ke34tae2ws74tdctx,,,,,,,,,,,,,
Rafael Macias,https://www.mainecampaignfinancedisclosure.com/public/filers/f_01kh7nbr72f0790xqcqd0hbbb3,42-Day Post-Primary MCEA Report,https://www.mainecampaignfinancedisclosure.com/public/filers/f_01kh7nbr72f0790xqcqd0hbbb3/filings/d_01ky3wwq1be1vtw6bnkw4xnx54,,Mcea Campaign Finance,"May 27, 2026 - July 14, 2026",,,,$640.41,"$7,296.25",$0.00,$586.24,"$7,242.08",$0.00,
Rafael Macias,https://www.mainecampaignfinancedisclosure.com/public/filers/f_01kh7nbr72f0790xqcqd0hbbb3,2026 Seed Money Report - Extended (7-Day Extension),https://www.mainecampaignfinancedisclosure.com/public/filers/f_01kh7nbr72f0790xqcqd0hbbb3/filings/d_01ksp7k342fk1rrtwanfkjc7wa,,,,,,,,,,,,,
Scott W. Cyrway,https://www.mainecampaignfinancedisclosure.com/public/filers/f_01k89h8gchec793758qbpzdr0v,42-Day Post-Primary MCEA Report,https://www.mainecampaignfinancedisclosure.com/public/filers/f_01k89h8gchec793758qbpzdr0v/filings/d_01ky0qvrdxfetvk1vaht6aasy2,,Mcea Campaign Finance,"May 27, 2026 - July 14, 2026",,,,$281.60,"$33,125.00",$0.00,"$2,650.00","$35,493.40",$0.00,
Scott W. Cyrway,https://www.mainecampaignfinancedisclosure.com/public/filers/f_01k89h8gchec793758qbpzdr0v,11-Day Pre-Primary MCEA Report,https://www.mainecampaignfinancedisclosure.com/public/filers/f_01k89h8gchec793758qbpzdr0v/filings/d_01ksq90pbrew3bv9h1vramz2hd,,Mcea Campaign Finance,"April 16, 2026 - May 26, 2026",,,,$0.00,"$2,616.39",$0.00,$33.61,"$2,650.00",$0.00,
Scott W. Cyrway,https://www.mainecampaignfinancedisclosure.com/public/filers/f_01k89h8gchec793758qbpzdr0v,2026 Seed Money Report - Legislative (7-Day Extension),https://www.mainecampaignfinancedisclosure.com/public/filers/f_01k89h8gchec793758qbpzdr0v/filings/d_01kp93my8bfq8ttrp78rsagzft,,,,,,,,,,,,,
Timothy Conrad Guerrette,https://www.mainecampaignfinancedisclosure.com/public/filers/f_01kd8w6ftve6dak61qbbg0eq17,42-Day Post-Primary MCEA Report,https://www.mainecampaignfinancedisclosure.com/public/filers/f_01kd8w6ftve6dak61qbbg0eq17/filings/d_01ky2teec8eb9ag595mcsevc8g,,Mcea Campaign Finance,"May 27, 2026 - July 14, 2026",,,,"$1,475.00","$2,000.00",$0.00,$675.00,"$1,200.00",$0.00,
Timothy Conrad Guerrette,https://www.mainecampaignfinancedisclosure.com/public/filers/f_01kd8w6ftve6dak61qbbg0eq17,11-Day Pre-Primary MCEA Report,https://www.mainecampaignfinancedisclosure.com/public/filers/f_01kd8w6ftve6dak61qbbg0eq17/filings/d_01ksj4ypt3epjvk38r5v7rbtq7,,Mcea Campaign Finance,"April 20, 2026 - May 26, 2026",,,,$0.00,$675.00,$0.00,$0.00,$675.00,$0.00,
Timothy Conrad Guerrette,https://www.mainecampaignfinancedisclosure.com/public/filers/f_01kd8w6ftve6dak61qbbg0eq17,2026 Seed Money Report - Legislative,https://www.mainecampaignfinancedisclosure.com/public/filers/f_01kd8w6ftve6dak61qbbg0eq17/filings/d_01kpkkg5feec0bf29110f6fkd3,,,,,,,,,,,,,
Kilton McCarthy Webb,https://www.mainecampaignfinancedisclosure.com/public/filers/f_01kf4eat87emk8zw7zxm30va2j,42-Day Post-Primary MCEA Report,https://www.mainecampaignfinancedisclosure.com/public/filers/f_01kf4eat87emk8zw7zxm30va2j/filings/d_01kxtmcfjtf53vrs7raksb6rn4,,Mcea Campaign Finance,"May 27, 2026 - July 14, 2026",,,,$0.00,"$9,925.00",$0.00,$508.50,"$10,433.50",$0.00,
Kilton McCarthy Webb,https://www.mainecampaignfinancedisclosure.com/public/filers/f_01kf4eat87emk8zw7zxm30va2j,11-Day Pre-Primary MCEA Report,https://www.mainecampaignfinancedisclosure.com/public/filers/f_01kf4eat87emk8zw7zxm30va2j/filings/d_01ksv4eep9ep0awd5rac7b3543,,Mcea Campaign Finance,"April 24, 2026 - May 26, 2026",,,,$166.50,$629.65,$0.00,$45.35,$508.50,$0.00,
Kilton McCarthy Webb,https://www.mainecampaignfinancedisclosure.com/public/filers/f_01kf4eat87emk8zw7zxm30va2j,2026 Seed Money Report - Legislative (7-Day Extension),https://www.mainecampaignfinancedisclosure.com/public/filers/f_01kf4eat87emk8zw7zxm30va2j/filings/d_01kpx8509eehhb1eyvekej5w5n,,,,,,,,,,,,,
Richard Marc Goldman,https://www.mainecampaignfinancedisclosure.com/public/filers/f_01kk9gjar3f9rbxk989t0wgxzh,2025 Annual Personal Financial Disclosure,https://www.mainecampaignfinancedisclosure.com/public/filers/f_01kk9gjar3f9rbxk989t0wgxzh/filings/d_01kxtg1ekfef2rk689vw3yy249,,,,,,,,,,,,,
Richard Marc Goldman,https://www.mainecampaignfinancedisclosure.com/public/filers/f_01kk9gjar3f9rbxk989t0wgxzh,42-Day Post-Primary MCEA Report,https://www.mainecampaignfinancedisclosure.com/public/filers/f_01kk9gjar3f9rbxk989t0wgxzh/filings/d_01kxtftabwfgrv2m78nv7ajr0n,,Mcea Campaign Finance,"May 27, 2026 - July 14, 2026",,,,"$2,472.39","$9,925.00",$0.00,$675.00,"$8,127.61",$0.00,
Richard Marc Goldman,https://www.mainecampaignfinancedisclosure.com/public/filers/f_01kk9gjar3f9rbxk989t0wgxzh,11-Day Pre-Primary Report,https://www.mainecampaignfinancedisclosure.com/public/filers/f_01kk9gjar3f9rbxk989t0wgxzh/filings/d_01ksftf4c2eds9c07pk8hk91as,,,,,,,,,,,,,
Richard Marc Goldman,https://www.mainecampaignfinancedisclosure.com/public/filers/f_01kk9gjar3f9rbxk989t0wgxzh,2026 Seed Money Report - Extended Deadline,https://www.mainecampaignfinancedisclosure.com/public/filers/f_01kk9gjar3f9rbxk989t0wgxzh/filings/d_01kpxhswwyfx5v5zw4ssqq8je2,,,,,,,,,,,,,
Michael R. Scott,https://www.mainecampaignfinancedisclosure.com/public/filers/f_01kf4eat87emk8zw80106sfc9v,2025 Annual Personal Financial Disclosure,https://www.mainecampaignfinancedisclosure.com/public/filers/f_01kf4eat87emk8zw80106sfc9v/filings/d_01kxranx27fv7866ez47j3f0jq,,,,,,,,,,,,,
Michael R. Scott,https://www.mainecampaignfinancedisclosure.com/public/filers/f_01kf4eat87emk8zw80106sfc9v,42-Day Post-Primary MCEA Report,https://www.mainecampaignfinancedisclosure.com/public/filers/f_01kf4eat87emk8zw80106sfc9v/filings/d_01kxhkap22f8693ds17tz2nyzt,,Mcea Campaign Finance,"May 27, 2026 - July 14, 2026",,,,$949.40,"$59,625.00",$0.00,"$1,719.37","$60,394.97","$1,000.00",
Michael R. Scott,https://www.mainecampaignfinancedisclosure.com/public/filers/f_01kf4eat87emk8zw80106sfc9v,11-Day Pre-Primary MCEA Report,https://www.mainecampaignfinancedisclosure.com/public/filers/f_01kf4eat87emk8zw80106sfc9v/filings/d_01ks82n6teebds6hkv3t39ds7f,,Mcea Campaign Finance,"April 16, 2026 - May 26, 2026",,,,$930.63,"$2,650.00",$0.00,$0.00,"$1,719.37",$0.00,
Michael R. Scott,https://www.mainecampaignfinancedisclosure.com/public/filers/f_01kf4eat87emk8zw80106sfc9v,2026 Seed Money Report - Legislative,https://www.mainecampaignfinancedisclosure.com/public/filers/f_01kf4eat87emk8zw80106sfc9v/filings/d_01kn74txxxe30s2q5etybd98nt,,,,,,,,,,,,,
Corinna Cole,https://www.mainecampaignfinancedisclosure.com/public/filers/f_01kf4eat87emk8zw808gp5h03v,2025 Annual Personal Financial Disclosure,https://www.mainecampaignfinancedisclosure.com/public/filers/f_01kf4eat87emk8zw808gp5h03v/filings/d_01kzbebm72edkashg8henb4j7x,,,,,,,,,,,,,
Corinna Cole,https://www.mainecampaignfinancedisclosure.com/public/filers/f_01kf4eat87emk8zw808gp5h03v,42-Day Post-Primary MCEA Report,https://www.mainecampaignfinancedisclosure.com/public/filers/f_01kf4eat87emk8zw808gp5h03v/filings/d_01ky0dbbjbeq4rpc4hs96adcgq,,Mcea Campaign Finance,"May 27, 2026 - July 14, 2026",,,,$159.99,"$6,625.00",$0.00,$675.00,"$7,140.01",$0.00,
Corinna Cole,https://www.mainecampaignfinancedisclosure.com/public/filers/f_01kf4eat87emk8zw808gp5h03v,11-Day Pre-Primary MCEA Report,https://www.mainecampaignfinancedisclosure.com/public/filers/f_01kf4eat87emk8zw808gp5h03v/filings/d_01ksszfqr8ewjbq3mjtcz515a0,,Mcea Campaign Finance,"April 18, 2026 - May 26, 2026",,,,$0.00,$674.25,$0.00,$0.75,$675.00,$0.00,
Corinna Cole,https://www.mainecampaignfinancedisclosure.com/public/filers/f_01kf4eat87emk8zw808gp5h03v,2026 Seed Money Report - Legislative,https://www.mainecampaignfinancedisclosure.com/public/filers/f_01kf4eat87emk8zw808gp5h03v/filings/d_01kpbtc7fdf929pgpd4rvppbt1,,,,,,,,,,,,,
Clifton Foster,https://www.mainecampaignfinancedisclosure.com/public/filers/f_01kpy22g9kfxfsg5vmxwpdc3py,2025 Annual Personal Financial Disclosure,https://www.mainecampaignfinancedisclosure.com/public/filers/f_01kpy22g9kfxfsg5vmxwpdc3py/filings/d_01ky0ms2nvfawvzvj8z6ke8szn,,,,,,,,,,,,,
Clifton Foster,https://www.mainecampaignfinancedisclosure.com/public/filers/f_01kpy22g9kfxfsg5vmxwpdc3py,42-Day Post-Primary Report,https://www.mainecampaignfinancedisclosure.com/public/filers/f_01kpy22g9kfxfsg5vmxwpdc3py/filings/d_01ky0mqmfsf8jay20ext8a8s8n,,,,,,,,,,,,,
Clifton Foster,https://www.mainecampaignfinancedisclosure.com/public/filers/f_01kpy22g9kfxfsg5vmxwpdc3py,11-Day Pre-Primary Report,https://www.mainecampaignfinancedisclosure.com/public/filers/f_01kpy22g9kfxfsg5vmxwpdc3py/filings/d_01kt1njvm0fae9mwq5541eqqgh,,,,,,,,,,,,,
Matthew Kershaw,https://www.mainecampaignfinancedisclosure.com/public/filers/f_01kn4qhkcfejvscbvc5ecegev8,42-Day Post-Primary Report,https://www.mainecampaignfinancedisclosure.com/public/filers/f_01kn4qhkcfejvscbvc5ecegev8/filings/d_01kwm311rqep7twnrj7gj1536s,,,,,,,,,,,,,
Matthew Kershaw,https://www.mainecampaignfinancedisclosure.com/public/filers/f_01kn4qhkcfejvscbvc5ecegev8,11-Day Pre-Primary Report,https://www.mainecampaignfinancedisclosure.com/public/filers/f_01kn4qhkcfejvscbvc5ecegev8/filings/d_01ky3fm135e1mrj9mazqgv9e7a,,,,,,,,,,,,,
Matthew Kershaw,https://www.mainecampaignfinancedisclosure.com/public/filers/f_01kn4qhkcfejvscbvc5ecegev8,11-Day Pre-Primary Report,https://www.mainecampaignfinancedisclosure.com/public/filers/f_01kn4qhkcfejvscbvc5ecegev8/filings/d_01ky3f6mb7e4d87tcx9rqcvavr,,,,,,,,,,,,,
Matthew Kershaw,https://www.mainecampaignfinancedisclosure.com/public/filers/f_01kn4qhkcfejvscbvc5ecegev8,11-Day Pre-Primary Report,https://www.mainecampaignfinancedisclosure.com/public/filers/f_01kn4qhkcfejvscbvc5ecegev8/filings/d_01ksv6m13je4cby476r06hwyjw,,,,,,,,,,,,,
William J. St. Michel,https://www.mainecampaignfinancedisclosure.com/public/filers/f_01kf4eat87emk8zw7zwegwgy12,2025 Annual Personal Financial Disclosure,https://www.mainecampaignfinancedisclosure.com/public/filers/f_01kf4eat87emk8zw7zwegwgy12/filings/d_01kzbdj9n8f8svhm08745hhvqm,,,,,,,,,,,,,
William J. St. Michel,https://www.mainecampaignfinancedisclosure.com/public/filers/f_01kf4eat87emk8zw7zwegwgy12,42-Day Post-Primary MCEA Report,https://www.mainecampaignfinancedisclosure.com/public/filers/f_01kf4eat87emk8zw7zwegwgy12/filings/d_01ky296jx5fpj8wtpvk0aavab9,,Mcea Campaign Finance,"May 27, 2026 - July 14, 2026",,,,$875.78,"$8,275.00",$0.00,$876.48,"$8,275.70",$0.00,
William J. St. Michel,https://www.mainecampaignfinancedisclosure.com/public/filers/f_01kf4eat87emk8zw7zwegwgy12,11-Day Pre-Primary MCEA Report,https://www.mainecampaignfinancedisclosure.com/public/filers/f_01kf4eat87emk8zw7zwegwgy12/filings/d_01ksmyz5qce8da0mxaf2dzb9fq,,Mcea Campaign Finance,"April 03, 2026 - May 26, 2026",,,,"$2,448.52","$3,324.00",$0.00,$1.00,$876.48,$0.00,
William J. St. Michel,https://www.mainecampaignfinancedisclosure.com/public/filers/f_01kf4eat87emk8zw7zwegwgy12,2026 Seed Money Report - Legislative,https://www.mainecampaignfinancedisclosure.com/public/filers/f_01kf4eat87emk8zw7zwegwgy12/filings/d_01kn7a6ynpf04a5cgzk3sm8nx4,,,,,,,,,,,,,
William J. St. Michel,https://www.mainecampaignfinancedisclosure.com/public/filers/f_01kf4eat87emk8zw7zwegwgy12,2026 January Semiannual Report,https://www.mainecampaignfinancedisclosure.com/public/filers/f_01kf4eat87emk8zw7zwegwgy12/filings/d_01kf4f3w4re01aq3f5j98k73af,,,,,,,,,,,,,
Chester B. Grover III,https://www.mainecampaignfinancedisclosure.com/public/filers/f_01kf4eat87emk8zw7zxhdfxmn7,2025 Annual Personal Financial Disclosure,https://www.mainecampaignfinancedisclosure.com/public/filers/f_01kf4eat87emk8zw7zxhdfxmn7/filings/d_01kxxeank1e8zr95raacggm8x9,,,,,,,,,,,,,
Chester B. Grover III,https://www.mainecampaignfinancedisclosure.com/public/filers/f_01kf4eat87emk8zw7zxhdfxmn7,42-Day Post-Primary MCEA Report,https://www.mainecampaignfinancedisclosure.com/public/filers/f_01kf4eat87emk8zw7zxhdfxmn7/filings/d_01kxxcg3tcf7cvs4h0gt847r8t,,Mcea Campaign Finance,"May 27, 2026 - July 14, 2026",,,,"$3,248.10","$8,275.00",$0.00,$11.07,"$5,037.97",$0.00,
Chester B. Grover III,https://www.mainecampaignfinancedisclosure.com/public/filers/f_01kf4eat87emk8zw7zxhdfxmn7,11-Day Pre-Primary MCEA Report,https://www.mainecampaignfinancedisclosure.com/public/filers/f_01kf4eat87emk8zw7zxhdfxmn7/filings/d_01ksj8xak9ey0b0febmjztv4ka,,Mcea Campaign Finance,"April 17, 2026 - May 26, 2026",,,,$663.93,$671.86,$0.00,$3.14,$11.07,$0.00,
Chester B. Grover III,https://www.mainecampaignfinancedisclosure.com/public/filers/f_01kf4eat87emk8zw7zxhdfxmn7,2026 Seed Money Report - Legislative,https://www.mainecampaignfinancedisclosure.com/public/filers/f_01kf4eat87emk8zw7zxhdfxmn7/filings/d_01knd3yq43ecm8k0wad1x79gje,,,,,,,,,,,,,
Zachary Anders Wood,https://www.mainecampaignfinancedisclosure.com/public/filers/f_01k89h8gcjegf9qpwdmgdab8ad,42-Day Post-Primary MCEA Report,https://www.mainecampaignfinancedisclosure.com/public/filers/f_01k89h8gcjegf9qpwdmgdab8ad/filings/d_01kyjh5jfyehmb8v068mb93cjm,,Mcea Campaign Finance,"May 27, 2026 - July 14, 2026",,,,"$8,109.16",$0.00,$106.25,"$8,191.31",,$0.00,
Zachary Anders Wood,https://www.mainecampaignfinancedisclosure.com/public/filers/f_01k89h8gcjegf9qpwdmgdab8ad,11-Day Pre-Primary MCEA Report,https://www.mainecampaignfinancedisclosure.com/public/filers/f_01k89h8gcjegf9qpwdmgdab8ad/filings/d_01ky7y58grf38sa6zxxypdhqsz,,Mcea Campaign Finance,"April 08, 2026 - May 26, 2026",,,,"$5,058.69","$13,200.90",$0.00,$49.10,"$8,191.31",$0.00,
Zachary Anders Wood,https://www.mainecampaignfinancedisclosure.com/public/filers/f_01k89h8gcjegf9qpwdmgdab8ad,42-Day Post-Primary MCEA Report,https://www.mainecampaignfinancedisclosure.com/public/filers/f_01k89h8gcjegf9qpwdmgdab8ad/filings/d_01ky0qxek2em5s417xqgfpzpnh,,Mcea Campaign Finance,"May 27, 2026 - July 14, 2026",,,,"$8,109.16",$0.00,$0.00,"$8,215.41",$106.25,$0.00,
Zachary Anders Wood,https://www.mainecampaignfinancedisclosure.com/public/filers/f_01k89h8gcjegf9qpwdmgdab8ad,2026 Seed Money Report - Legislative,https://www.mainecampaignfinancedisclosure.com/public/filers/f_01k89h8gcjegf9qpwdmgdab8ad/filings/d_01ksrmr6x2e8xstgwzs4cvpwes,,,,,,,,,,,,,
David Ulrich,https://www.mainecampaignfinancedisclosure.com/public/filers/f_01kpr44cfhfsvv1rk0cy7p2rc0,42-Day Post-Primary Report,https://www.mainecampaignfinancedisclosure.com/public/filers/f_01kpr44cfhfsvv1rk0cy7p2rc0/filings/d_01ky2zgpc2fntrxg1mb4wmgjpy,,,,,,,,,,,,,
David Ulrich,https://www.mainecampaignfinancedisclosure.com/public/filers/f_01kpr44cfhfsvv1rk0cy7p2rc0,11-Day Pre-Primary Report,https://www.mainecampaignfinancedisclosure.com/public/filers/f_01kpr44cfhfsvv1rk0cy7p2rc0/filings/d_01kste549pfh698t2ah3x0crtr,,,,,,,,,,,,,
Shawn Saindon,https://www.mainecampaignfinancedisclosure.com/public/filers/f_01kkkqq7khfy08rwphmm97pj6b,42-Day Post-Primary MCEA Report,https://www.mainecampaignfinancedisclosure.com/public/filers/f_01kkkqq7khfy08rwphmm97pj6b/filings/d_01kysjga9cfs08v0qhnw7y05wb,,Mcea Campaign Finance,"May 28, 2026 - July 14, 2026",,,,"$2,206.82","$7,299.99",$0.00,$0.01,"$5,093.18",$0.00,
Shawn Saindon,https://www.mainecampaignfinancedisclosure.com/public/filers/f_01kkkqq7khfy08rwphmm97pj6b,42-Day Post-Primary MCEA Report,https://www.mainecampaignfinancedisclosure.com/public/filers/f_01kkkqq7khfy08rwphmm97pj6b/filings/d_01kxpd7frre6hv97pjak8d7ke0,,Mcea Campaign Finance,"May 28, 2026 - July 14, 2026",,,,"$2,206.82","$7,299.99",$0.00,$0.01,"$5,093.18",$0.00,
Shawn Saindon,https://www.mainecampaignfinancedisclosure.com/public/filers/f_01kkkqq7khfy08rwphmm97pj6b,2026 Seed Money Report - Extended (7-Day Extension),https://www.mainecampaignfinancedisclosure.com/public/filers/f_01kkkqq7khfy08rwphmm97pj6b/filings/d_01ksmqvhsfen0a7yc1ya6j4tz1,,,,,,,,,,,,,
Braeden Webber,https://www.mainecampaignfinancedisclosure.com/public/filers/f_01kh546xgjef49evnsqb3g36an,42-Day Post-Primary MCEA Report,https://www.mainecampaignfinancedisclosure.com/public/filers/f_01kh546xgjef49evnsqb3g36an/filings/d_01kxehq8t8erns0h2k4z47d46f,,Mcea Campaign Finance,"May 27, 2026 - July 14, 2026",,,,$601.10,"$7,299.00",$0.00,$1.00,"$6,698.90",$0.00,
Braeden Webber,https://www.mainecampaignfinancedisclosure.com/public/filers/f_01kh546xgjef49evnsqb3g36an,2026 Seed Money Report - Extended (7-Day Extension),https://www.mainecampaignfinancedisclosure.com/public/filers/f_01kh546xgjef49evnsqb3g36an/filings/d_01ksj6bz05faf9gfm16x85w83f,,,,,,,,,,,,,
Dean LePage,https://www.mainecampaignfinancedisclosure.com/public/filers/f_01kna1kf0qeykvrk4ynzb3tgmg,2025 Annual Personal Financial Disclosure,https://www.mainecampaignfinancedisclosure.com/public/filers/f_01kna1kf0qeykvrk4ynzb3tgmg/filings/d_01kzr9v05tf72r1st5dt8c9tyh,,,,,,,,,,,,,
Dean LePage,https://www.mainecampaignfinancedisclosure.com/public/filers/f_01kna1kf0qeykvrk4ynzb3tgmg,42-Day Post-Primary MCEA Report,https://www.mainecampaignfinancedisclosure.com/public/filers/f_01kna1kf0qeykvrk4ynzb3tgmg/filings/d_01kxzmbyfeepd84fxk6hq04jxt,,Mcea Campaign Finance,"May 27, 2026 - July 14, 2026",,,,$25.00,"$8,275.00",$0.00,$675.00,"$8,925.00",$0.00,
Dean LePage,https://www.mainecampaignfinancedisclosure.com/public/filers/f_01kna1kf0qeykvrk4ynzb3tgmg,11-Day Pre-Primary MCEA Report,https://www.mainecampaignfinancedisclosure.com/public/filers/f_01kna1kf0qeykvrk4ynzb3tgmg/filings/d_01ks2scj8mew8veqsnpghx50nr,,Mcea Campaign Finance,"May 09, 2026 - May 26, 2026",,,,$0.00,$675.00,$0.00,$0.00,$675.00,$0.00,
Dean LePage,https://www.mainecampaignfinancedisclosure.com/public/filers/f_01kna1kf0qeykvrk4ynzb3tgmg,2026 Seed Money Report - Extended (7-Day Extension),https://www.mainecampaignfinancedisclosure.com/public/filers/f_01kna1kf0qeykvrk4ynzb3tgmg/filings/d_01kr48tc24frct1vhxpcny2m1r,,,,,,,,,,,,,
